date,actual_elev,predicted_elev
2019-03-14 16:00:00,77.13,77.15437
2019-05-20 23:00:00,77.69,77.26899
2014-09-19 04:00:00,77.74,77.67411
2020-10-04 08:00:00,77.56,77.66998
2015-06-16 01:00:00,77.8,77.77399
2017-07-15 16:00:00,78.38,77.893295
2020-03-05 01:00:00,77.3,77.17095
2015-01-21 19:00:00,77.26,77.17254
2019-03-11 17:00:00,77.16,77.24309
2020-04-11 04:00:00,77.09,77.25619
2019-09-04 05:00:00,77.8,77.87317
2016-06-07 15:00:00,77.81,77.72415
2018-05-17 17:00:00,77.48,77.68081
2016-11-27 03:00:00,77.31,77.25136
2014-07-09 14:00:00,77.67,77.83499
2016-08-08 12:00:00,78.1,78.01778
2015-04-22 20:00:00,77.44,77.26062
2016-03-06 06:00:00,77.69,77.73784
2015-03-12 06:00:00,77.17,77.153694
2020-08-07 04:00:00,78.2,78.10932
2017-09-18 19:00:00,77.56,77.78191
2014-08-16 16:00:00,77.88,77.88953
2017-11-14 15:00:00,77.19,77.26852
2014-12-04 22:00:00,77.62,77.32839
2019-05-20 06:00:00,77.57,77.39465
2020-03-16 20:00:00,77.24,77.174835
2015-06-29 08:00:00,77.71,77.764336
2017-11-01 01:00:00,77.25,77.28029
2017-02-17 19:00:00,77.07,77.23936
2015-02-03 06:00:00,77.23,77.15546
2017-01-23 03:00:00,77.17,77.211365
2015-10-11 22:00:00,77.49,77.50054
2016-07-10 06:00:00,77.85,77.84716
2020-04-27 21:00:00,77.07,77.17227
2016-12-24 10:00:00,77.33,77.33047
2016-11-16 12:00:00,77.34,77.22615
2016-01-10 22:00:00,77.33,77.32836
2018-09-08 09:00:00,77.79,77.8112
2015-11-11 15:00:00,77.42,77.301285
2019-02-22 06:00:00,77.19,77.16515
2018-11-21 21:00:00,77.24,77.241425
2017-04-23 00:00:00,77.26,77.35174
2019-09-26 07:00:00,77.71,77.60311
2018-05-17 12:00:00,77.46,77.68539
2018-11-03 11:00:00,77.29,77.288345
2020-10-23 13:00:00,77.44,77.36452
2019-06-12 19:00:00,77.7,77.74126
2020-09-11 06:00:00,77.9,77.81339
2016-05-21 15:00:00,77.72,77.65622
2018-03-14 03:00:00,77.53,77.42135
2020-02-19 12:00:00,77.26,77.1785
2019-09-21 05:00:00,77.31,77.61907
2020-01-04 13:00:00,77.09,77.161285
2019-01-13 22:00:00,77.14,77.1874
2014-01-23 07:00:00,77.24,77.17343
2016-07-23 04:00:00,77.57,77.876884
2017-03-07 09:00:00,77.24,77.160645
2015-09-11 23:00:00,77.7,77.69225
2017-06-05 02:00:00,77.65,77.77753
2019-09-28 21:00:00,77.55,77.73792
2020-02-16 01:00:00,77.18,77.244415
2018-05-25 20:00:00,77.9,77.75739
2019-12-01 09:00:00,77.12,77.2203
2019-06-30 23:00:00,77.94,77.81879
2014-11-01 02:00:00,77.46,77.36247
2016-04-06 17:00:00,77.29,77.27192
2020-01-08 07:00:00,77.37,77.25987
2015-10-16 23:00:00,77.38,77.50186
2015-09-27 00:00:00,77.59,77.752335
2014-02-18 06:00:00,77.17,77.2172
2018-09-20 14:00:00,77.57,77.866646
2016-10-29 11:00:00,77.59,77.636986
2014-05-23 11:00:00,77.82,77.79261
2015-10-28 01:00:00,77.38,77.42479
2020-06-29 20:00:00,77.64,77.86404
2019-11-07 09:00:00,77.21,77.346054
2016-10-26 22:00:00,77.59,77.57801
2015-04-05 18:00:00,77.41,77.306404
2019-06-13 13:00:00,77.71,77.73351
2016-04-06 18:00:00,77.29,77.183014
2017-08-21 12:00:00,78.13,78.09709
2014-09-04 05:00:00,77.74,77.86955
2016-03-01 19:00:00,77.31,77.22793
2018-10-18 21:00:00,77.41,77.45785
2018-08-18 01:00:00,77.89,77.92264
2019-10-19 23:00:00,77.33,77.60139
2015-03-14 10:00:00,77.2,77.27051
2014-01-15 05:00:00,77.25,77.16559
2014-05-23 01:00:00,77.8,77.78027
2016-10-18 07:00:00,78.02,77.71918
2019-07-25 04:00:00,77.87,77.881805
2018-06-26 11:00:00,77.76,77.780975
2017-06-08 08:00:00,77.74,77.76679
2017-01-07 04:00:00,77.27,77.21123
2017-09-04 09:00:00,77.86,77.72623
2019-01-11 21:00:00,77.13,77.19385
2019-06-03 00:00:00,77.72,77.63461
2014-04-15 01:00:00,77.21,77.22101
2015-06-03 01:00:00,77.72,77.72808
2018-04-14 16:00:00,77.52,77.51034
2014-05-24 07:00:00,77.84,77.75577
2018-03-10 18:00:00,77.64,77.49732
2018-08-16 22:00:00,77.89,77.991104
2016-09-02 09:00:00,77.84,78.08207
2017-07-02 13:00:00,77.84,77.925385
2014-05-19 14:00:00,77.61,77.70322
2019-08-27 07:00:00,77.77,77.80859
2016-06-23 17:00:00,77.79,77.8142
2018-02-28 11:00:00,77.14,77.20835
2015-09-02 12:00:00,77.96,77.88144
2016-04-13 11:00:00,77.47,77.47419
2015-12-08 10:00:00,77.67,77.39019
2016-08-05 11:00:00,78.01,77.94203
2019-09-25 13:00:00,77.79,77.582405
2020-12-03 09:00:00,77.2,77.19003
2017-04-10 19:00:00,77.17,77.29223
2015-07-13 16:00:00,78.14,78.086205
2015-02-10 01:00:00,77.21,77.15107
2016-10-01 02:00:00,77.71,77.738594
2020-05-14 01:00:00,77.2,77.25295
2015-07-02 06:00:00,77.73,77.72836
2014-08-20 11:00:00,78.15,77.9213
2017-08-21 05:00:00,78.02,78.07902
2015-04-21 08:00:00,77.51,77.40695
2020-03-08 19:00:00,77.31,77.1807
2017-02-04 20:00:00,77.14,77.17441
2017-11-05 14:00:00,77.22,77.28868
2016-02-07 09:00:00,77.42,77.21151
2020-12-14 07:00:00,77.17,76.9936
2016-12-22 12:00:00,77.32,77.46837
2018-03-04 13:00:00,77.26,77.40648
2019-01-21 18:00:00,77.1,77.15565
2016-04-05 04:00:00,77.32,77.41273
2018-10-16 10:00:00,77.49,77.49826
2018-01-28 11:00:00,77.13,77.21782
2015-12-16 21:00:00,77.65,77.348564
2018-05-28 17:00:00,77.66,77.76392
2017-04-15 05:00:00,77.3,77.325356
2015-10-02 12:00:00,77.88,77.94404
2015-09-20 01:00:00,77.73,77.71331
2020-11-12 05:00:00,77.28,77.23975
2019-03-24 21:00:00,77.15,77.15767
2020-09-24 08:00:00,77.67,77.56753
2015-09-23 13:00:00,77.54,77.61
2019-07-03 22:00:00,77.65,77.77588
2014-03-27 09:00:00,77.55,77.37573
2018-04-29 06:00:00,77.66,77.59556
2019-08-22 02:00:00,78.02,77.958984
2017-03-13 08:00:00,77.15,77.169655
2016-05-29 20:00:00,77.89,77.75083
2015-10-03 14:00:00,77.81,77.5222
2017-12-17 11:00:00,77.1,77.2394
2014-08-03 09:00:00,78.09,78.14157
2020-07-23 20:00:00,77.98,77.93909
2017-05-19 07:00:00,77.37,77.50251
2014-03-21 17:00:00,77.37,77.22932
2020-07-22 00:00:00,77.58,77.9009
2014-05-19 20:00:00,77.62,77.69266
2015-06-10 08:00:00,77.78,77.748764
2020-11-25 05:00:00,77.28,77.24262
2018-02-21 15:00:00,77.12,77.20455
2018-09-17 07:00:00,77.61,77.780334
2019-01-09 15:00:00,77.13,77.20175
2014-06-11 13:00:00,77.8,77.77089
2019-05-01 02:00:00,77.56,77.363365
2017-01-23 00:00:00,77.17,77.22258
2019-03-05 21:00:00,77.13,77.2196
2015-04-30 05:00:00,77.63,77.49903
2015-04-16 18:00:00,77.39,77.19916
2014-08-24 23:00:00,77.79,77.9315
2019-12-11 23:00:00,77.08,77.201416
2017-12-07 22:00:00,77.13,77.28063
2017-09-26 08:00:00,77.34,77.78955
2016-07-24 05:00:00,77.59,77.87227
2020-05-05 14:00:00,77.18,77.36767
2019-07-08 07:00:00,77.5,77.78756
2019-11-18 22:00:00,77.22,77.27105
2016-03-09 12:00:00,77.69,77.51353
2014-09-10 21:00:00,77.79,77.843575
2019-09-14 07:00:00,77.51,77.704216
2014-05-27 13:00:00,77.81,77.73702
2014-12-31 01:00:00,77.41,77.22329
2017-01-15 22:00:00,77.2,77.17312
2017-02-23 23:00:00,77.31,77.21532
2020-02-15 10:00:00,77.17,77.17947
2018-07-28 12:00:00,77.95,77.95456
2016-08-11 05:00:00,78.08,77.98362
2019-07-08 19:00:00,77.5,77.78797
2015-05-05 21:00:00,77.54,77.47121
2018-06-18 16:00:00,77.79,77.811226
2014-01-14 12:00:00,77.25,77.16134
2014-02-22 10:00:00,77.15,77.19158
2018-10-30 11:00:00,77.33,77.37569
2019-04-18 19:00:00,77.4,77.42189
2019-05-13 23:00:00,77.37,77.26779
2020-04-12 17:00:00,77.13,77.27298
2016-12-10 02:00:00,77.25,77.26016
2014-08-10 15:00:00,77.88,77.86229
2020-03-17 18:00:00,77.24,77.14386
2017-08-22 02:00:00,78.29,78.19338
2018-09-26 13:00:00,77.48,77.61952
2014-09-29 14:00:00,77.7,77.697975
2019-11-12 20:00:00,77.21,77.34436
2019-10-17 00:00:00,77.37,77.46037
2020-05-21 16:00:00,77.71,77.332245
2018-03-13 17:00:00,77.55,77.4701
2020-12-19 02:00:00,77.13,77.18726
2015-09-21 11:00:00,77.71,77.73607
2015-08-13 00:00:00,77.98,77.89788
2018-04-16 04:00:00,77.54,77.54303
2017-08-10 20:00:00,78.06,77.92989
2015-11-17 03:00:00,77.66,77.50938
2018-10-01 08:00:00,77.41,77.68278
2014-05-14 13:00:00,77.53,77.63193
2020-04-12 23:00:00,77.14,77.28932
2017-02-15 02:00:00,77.09,77.20883
2015-10-13 10:00:00,77.44,77.358635
2015-06-30 06:00:00,77.69,77.7359
2014-06-09 00:00:00,77.72,77.78243
2019-08-06 01:00:00,77.85,77.856575
2016-09-18 08:00:00,78.32,78.09779
2017-09-10 19:00:00,77.78,77.74487
2018-05-13 03:00:00,77.59,77.65298
2017-04-10 12:00:00,77.14,77.30901
2020-09-23 21:00:00,77.67,77.5318
2019-01-19 03:00:00,77.1,77.17612
2019-03-14 07:00:00,77.13,77.179695
2018-10-18 22:00:00,77.41,77.44355
2017-07-23 05:00:00,77.78,77.874405
2014-03-01 04:00:00,77.17,77.275276
2014-12-01 10:00:00,77.7,77.401955
2019-09-15 17:00:00,77.46,77.84152
2016-12-04 23:00:00,77.28,77.25498
2018-03-03 08:00:00,77.27,77.20896
2014-06-25 22:00:00,77.82,77.759865
2014-08-11 18:00:00,77.79,77.89436
2017-08-23 16:00:00,78.21,77.91879
2016-06-22 22:00:00,77.78,77.80811
2018-08-11 20:00:00,77.92,77.9117
2015-10-11 15:00:00,77.5,77.47592
2016-07-15 03:00:00,77.66,77.87313
2014-05-01 10:00:00,77.6,77.5831
2017-09-08 19:00:00,77.88,77.80626
2019-01-20 04:00:00,77.11,77.13032
2018-05-17 04:00:00,77.45,77.67178
2018-06-20 01:00:00,77.83,77.81271
2019-11-11 01:00:00,77.21,77.30783
2017-03-21 18:00:00,77.13,77.27222
2018-10-27 18:00:00,77.33,77.41005
2016-08-30 05:00:00,77.94,77.77336
2019-05-27 13:00:00,77.81,77.61113
2020-06-10 13:00:00,77.67,77.74037
2019-02-27 09:00:00,77.15,77.17628
2019-07-13 20:00:00,77.69,77.794235
2014-02-05 16:00:00,77.2,77.14768
2019-09-01 00:00:00,77.75,77.70019
2015-02-19 05:00:00,77.18,77.185036
2020-09-08 12:00:00,78.06,77.9587
2016-05-22 02:00:00,77.69,77.70587
2014-09-17 20:00:00,77.73,77.745674
2017-07-11 09:00:00,77.78,77.92806
2020-06-29 16:00:00,77.59,77.78426
2018-01-04 20:00:00,77.06,77.21729
2019-05-12 15:00:00,77.39,77.278885
2019-12-29 22:00:00,77.11,77.14072
2016-05-08 19:00:00,77.57,77.62854
2016-08-29 02:00:00,78.0,77.91777
2019-05-08 00:00:00,77.36,77.20483
2016-01-20 23:00:00,77.29,77.23001
2017-11-19 18:00:00,77.16,77.21709
2017-05-26 20:00:00,77.63,77.62019
2018-01-28 03:00:00,77.14,77.19021
2016-04-02 12:00:00,77.26,77.30453
2018-03-16 03:00:00,77.64,77.554886
2017-12-22 22:00:00,77.1,77.263916
2019-10-24 14:00:00,77.28,77.428024
2018-10-12 14:00:00,77.61,77.61328
2020-06-24 17:00:00,77.66,77.840965
2020-03-26 10:00:00,77.15,77.2351
2014-11-13 14:00:00,77.31,77.248604
2020-09-07 01:00:00,77.94,77.82039
2019-04-11 10:00:00,77.47,77.39692
2015-07-22 07:00:00,77.59,77.84241
2016-03-20 14:00:00,77.39,77.50666
2015-09-07 18:00:00,77.86,77.74614
2018-06-29 06:00:00,78.1,78.12475
2015-09-27 08:00:00,77.59,77.708855
2019-01-06 12:00:00,77.14,77.18548
2019-02-15 18:00:00,77.1,77.146385
2017-07-15 12:00:00,78.3,77.88665
2019-03-13 06:00:00,77.13,77.16681
2020-04-15 16:00:00,77.18,77.21465
2020-03-01 09:00:00,77.35,77.21424
2015-02-01 14:00:00,77.24,77.163765
2017-06-07 19:00:00,77.79,77.7688
2014-10-31 22:00:00,77.45,77.30718
2015-06-14 01:00:00,77.76,77.75381
2015-05-28 00:00:00,77.64,77.76232
2014-03-19 06:00:00,77.42,77.374695
2018-02-23 04:00:00,77.12,77.18247
2014-11-01 10:00:00,77.47,77.4535
2020-12-06 15:00:00,77.2,77.39233
2019-05-10 06:00:00,77.33,77.266945
2020-02-08 08:00:00,77.19,77.13896
2015-04-04 19:00:00,77.26,77.2424
2018-02-26 13:00:00,77.12,77.239944
2014-05-10 06:00:00,77.46,77.54441
2018-05-29 04:00:00,77.83,77.77037
2014-10-04 21:00:00,77.45,77.50439
2016-05-22 15:00:00,77.69,77.68021
2014-09-30 14:00:00,77.64,77.68967
2016-07-28 20:00:00,78.02,77.9409
2020-07-23 13:00:00,77.85,77.92765
2015-06-21 15:00:00,77.9,78.127785
2017-07-22 09:00:00,77.82,77.90273
2019-04-10 08:00:00,77.42,77.32892
2014-07-26 22:00:00,77.77,77.903435
2016-03-18 04:00:00,77.41,77.4863
2014-11-21 13:00:00,77.24,77.24698
2016-12-23 23:00:00,77.34,77.32514
2020-12-21 14:00:00,77.11,77.26218
2018-01-25 18:00:00,77.16,77.2009
2014-09-17 13:00:00,77.73,77.80173
2018-03-11 09:00:00,77.61,77.46865
2014-04-05 17:00:00,77.3,77.17892
2017-09-19 03:00:00,77.54,77.70663
2017-12-20 11:00:00,77.13,77.33178
2015-10-24 08:00:00,77.31,77.35545
2015-11-21 20:00:00,77.7,77.515915
2016-07-14 22:00:00,77.66,77.871826
2019-06-06 15:00:00,77.65,77.69402
2016-11-10 19:00:00,77.45,77.260574
2019-10-31 09:00:00,77.24,77.32692
2020-06-28 17:00:00,77.59,77.81462
2020-11-23 20:00:00,77.31,77.228264
2014-09-14 22:00:00,77.79,77.660614
2014-01-21 11:00:00,77.25,77.19027
2014-05-09 09:00:00,77.47,77.59084
2018-07-04 15:00:00,78.03,77.90482
2020-07-16 05:00:00,77.93,77.80933
2015-03-14 23:00:00,77.21,77.17762
2019-02-25 21:00:00,77.16,77.140305
2017-06-05 22:00:00,77.68,77.78245
2019-12-23 15:00:00,77.13,77.18659
2019-11-10 17:00:00,77.2,77.28799
2018-11-29 11:00:00,77.22,77.23666
2018-09-11 10:00:00,77.64,77.63442
2019-05-03 16:00:00,77.4,77.298134
2019-12-06 07:00:00,77.14,77.19079
2020-09-01 21:00:00,77.82,77.9076
2016-07-02 14:00:00,78.17,78.102844
2020-03-14 05:00:00,77.29,77.15066
2014-04-16 01:00:00,77.26,77.27299
2016-09-30 05:00:00,77.56,77.71706
2018-01-28 06:00:00,77.14,77.13586
2019-06-14 00:00:00,77.71,77.73535
2019-11-04 12:00:00,77.22,77.382774
2016-07-24 22:00:00,77.61,77.913994
2017-06-04 03:00:00,77.75,77.780205
2020-05-02 18:00:00,77.11,77.299164
2018-02-22 21:00:00,77.12,77.19112
2014-07-13 23:00:00,77.65,77.88797
2019-02-11 01:00:00,77.13,77.17242
2019-06-28 22:00:00,77.78,77.78792
2019-09-17 19:00:00,77.4,77.74753
2020-07-22 14:00:00,77.66,77.907715
2019-01-19 02:00:00,77.1,77.18148
2019-06-07 02:00:00,77.75,77.706085
2014-01-30 20:00:00,77.22,77.180954
2019-02-28 20:00:00,77.16,77.18263
2018-02-13 02:00:00,77.08,77.29941
2018-12-04 02:00:00,77.24,77.436485
2016-04-17 05:00:00,77.6,77.34752
2014-02-07 20:00:00,77.2,77.162415
2017-06-05 03:00:00,77.65,77.77283
2014-05-22 09:00:00,77.76,77.74225
2018-06-24 03:00:00,77.78,77.78045
2015-10-04 17:00:00,77.72,77.58104
2017-02-07 06:00:00,77.15,77.17732
2019-03-13 05:00:00,77.13,77.15737
2017-11-27 11:00:00,77.15,77.38458
2014-02-20 07:00:00,77.16,77.15593
2014-11-03 13:00:00,77.47,77.2955
2018-10-05 14:00:00,77.42,77.60454
2020-01-31 23:00:00,77.26,77.19371
2019-05-08 16:00:00,77.37,77.22922
2017-06-11 10:00:00,77.81,77.784775
2016-06-23 03:00:00,77.78,77.815605
2020-12-17 15:00:00,77.14,77.21024
2016-10-26 14:00:00,77.61,77.586876
2018-04-19 23:00:00,77.46,77.41774
2016-05-14 08:00:00,77.5,77.6466
2016-07-05 10:00:00,78.06,77.88641
2015-02-10 22:00:00,77.2,77.16475
2017-11-01 22:00:00,77.24,77.2827
2016-02-18 14:00:00,77.41,77.282005
2018-03-29 03:00:00,77.56,77.604126
2020-03-07 17:00:00,77.29,77.2006
2020-05-04 08:00:00,77.2,77.37199
2020-11-08 19:00:00,77.31,77.3039
2014-03-24 08:00:00,77.34,77.21907
2015-07-26 21:00:00,77.66,77.90704
2018-06-02 07:00:00,77.77,77.76785
2017-11-23 07:00:00,77.16,77.280975
2016-02-23 21:00:00,77.33,77.27451
2017-10-01 02:00:00,77.33,77.38575
2015-04-10 17:00:00,77.45,77.30019
2015-01-21 05:00:00,77.27,77.170746
2017-10-23 23:00:00,77.3,77.43353
2019-02-24 11:00:00,77.16,77.187584
2014-03-03 09:00:00,77.19,77.18884
2016-02-16 16:00:00,77.44,77.25858
2017-09-03 10:00:00,77.84,77.64862
2018-05-25 21:00:00,77.91,77.76101
2018-07-23 17:00:00,78.0,77.88786
2014-04-02 10:00:00,77.37,77.35413
2016-09-29 16:00:00,77.57,77.76262
2014-01-26 01:00:00,77.26,77.18512
2016-09-25 03:00:00,77.66,77.69734
2015-01-12 02:00:00,77.34,77.183174
2018-07-04 07:00:00,78.09,77.87108
2016-01-25 17:00:00,77.27,77.18875
2015-04-03 14:00:00,77.24,77.36265
2017-03-19 06:00:00,77.1,77.206
2018-07-07 21:00:00,77.67,77.796196
2016-12-29 16:00:00,77.37,77.22984
2015-12-19 23:00:00,77.61,77.46477
2014-05-10 09:00:00,77.46,77.59833
2017-12-16 05:00:00,77.1,77.12119
2019-02-26 05:00:00,77.16,77.1786
2020-11-27 12:00:00,77.23,77.23466
2017-08-24 18:00:00,78.06,77.93206
2020-06-03 01:00:00,77.59,77.623474
2016-08-21 19:00:00,78.04,77.98214
2014-04-01 17:00:00,77.4,77.337685
2014-04-25 17:00:00,77.46,77.284355
2014-01-31 20:00:00,77.22,77.17972
2020-12-01 04:00:00,77.2,77.33053
2020-02-14 05:00:00,77.18,77.22332
2014-06-22 21:00:00,77.79,77.76182
2016-04-26 16:00:00,77.56,77.55653
2016-11-17 17:00:00,77.33,77.27406
2020-08-01 14:00:00,78.2,77.842804
2015-02-02 19:00:00,77.22,77.16454
2016-09-16 09:00:00,77.7,77.85226
2014-03-08 10:00:00,77.16,77.21162
2016-10-31 06:00:00,77.56,77.30345
2020-10-02 19:00:00,77.57,77.616234
2020-12-19 10:00:00,77.13,77.181404
2014-01-27 20:00:00,77.24,77.14987
2014-08-13 15:00:00,77.88,77.88347
2017-08-28 14:00:00,77.7,77.77923
2017-01-16 19:00:00,77.18,77.159225
2018-10-02 00:00:00,77.4,77.67784
2019-02-01 17:00:00,77.09,77.19123
2019-09-01 20:00:00,77.76,77.691536
2020-04-29 15:00:00,77.07,77.29696
2020-12-24 01:00:00,77.1,77.20748
2019-01-26 20:00:00,77.07,77.15737
2016-02-04 09:00:00,77.51,77.33555
2015-12-20 19:00:00,77.6,77.557236
2019-11-06 09:00:00,77.21,77.315735
2016-09-06 16:00:00,77.8,77.91005
2018-03-22 00:00:00,77.85,77.46484
2019-07-07 11:00:00,77.51,77.778694
2017-01-04 16:00:00,77.29,77.205025
2016-09-30 09:00:00,77.57,77.67947
2017-09-01 11:00:00,77.68,77.72859
2014-08-22 09:00:00,77.98,77.93513
2019-09-16 13:00:00,77.43,77.87058
2019-10-07 21:00:00,77.74,77.61545
2018-12-19 03:00:00,77.21,77.22855
2017-11-16 08:00:00,77.18,77.22519
2019-03-09 09:00:00,77.12,77.16107
2017-09-21 10:00:00,77.51,77.55274
2020-01-15 08:00:00,77.27,77.17311
2015-11-18 08:00:00,77.68,77.59973
2019-10-30 22:00:00,77.24,77.336395
2019-11-21 14:00:00,77.17,77.231995
2014-07-27 18:00:00,77.73,77.78983
2016-02-13 14:00:00,77.4,77.483086
2016-02-15 11:00:00,77.45,77.236755
2020-11-04 07:00:00,77.35,77.26716
2018-04-21 06:00:00,77.48,77.42604
2016-12-30 22:00:00,77.35,77.22056
2014-11-01 23:00:00,77.48,77.44376
2019-10-03 22:00:00,78.43,77.97592
2020-04-07 08:00:00,77.15,77.14355
2018-03-08 07:00:00,77.49,77.29697
2020-02-20 17:00:00,77.26,77.20375
2014-11-11 03:00:00,77.34,77.27072
2017-04-27 22:00:00,77.23,77.28542
2019-02-11 23:00:00,77.12,77.20197
2017-10-24 14:00:00,77.3,77.42174
2014-04-15 04:00:00,77.22,77.22043
2020-03-12 19:00:00,77.3,77.14805
2015-03-11 22:00:00,77.17,77.13687
2017-09-05 04:00:00,77.88,77.71237
2017-07-17 12:00:00,78.2,77.877686
2014-03-02 04:00:00,77.19,77.23738
2020-05-01 19:00:00,77.04,77.32057
2016-05-31 19:00:00,77.81,77.736725
2015-07-20 11:00:00,77.61,77.85883
2019-03-08 13:00:00,77.12,77.18765
2015-07-29 22:00:00,78.0,77.94495
2014-05-11 06:00:00,77.47,77.53652
2015-01-06 13:00:00,77.38,77.24625
2017-11-20 13:00:00,77.16,77.25216
2019-12-11 15:00:00,77.09,77.21617
2016-12-15 18:00:00,77.22,77.236275
2015-06-20 02:00:00,77.79,77.78361
2019-04-14 04:00:00,77.36,77.369675
2014-12-27 11:00:00,77.47,77.22598
2016-12-26 07:00:00,77.31,77.24623
2020-12-08 10:00:00,77.18,77.19753
2015-09-03 20:00:00,78.11,77.89932
2017-03-18 11:00:00,77.11,77.26107
2020-01-29 15:00:00,77.23,77.25608
2019-10-11 01:00:00,77.53,77.46999
2014-05-29 19:00:00,77.81,77.79192
2019-07-01 07:00:00,77.89,77.81269
2019-12-14 17:00:00,77.14,77.19562
2017-06-23 07:00:00,77.89,77.78212
2020-05-30 06:00:00,77.65,77.54673
2015-07-31 05:00:00,77.87,77.96649
2018-08-08 16:00:00,77.9,77.93901
2014-12-30 03:00:00,77.43,77.26025
2016-12-18 03:00:00,77.22,77.22479
2016-04-24 17:00:00,77.56,77.5134
2018-11-02 14:00:00,77.3,77.278984
2020-11-21 02:00:00,77.4,77.2617
2017-09-25 19:00:00,77.33,77.751366
2014-03-19 01:00:00,77.42,77.41452
2020-01-05 22:00:00,77.09,77.19029
2016-04-14 22:00:00,77.44,77.46808
2019-05-16 11:00:00,77.19,77.33336
2016-08-27 22:00:00,77.98,77.859535
2014-02-03 08:00:00,77.25,77.20824
2014-04-11 05:00:00,77.23,77.30413
2018-02-24 12:00:00,77.11,77.330345
2014-10-18 01:00:00,77.28,77.32645
2018-05-13 23:00:00,77.62,77.709404
2016-01-19 17:00:00,77.29,77.221176
2016-10-25 00:00:00,77.62,77.60558
2018-01-26 20:00:00,77.14,77.19114
2014-05-14 19:00:00,77.54,77.59447
2016-02-05 03:00:00,77.48,77.25395
2015-06-19 09:00:00,77.77,77.77493
2016-10-30 22:00:00,77.56,77.33577
2020-05-21 21:00:00,77.69,77.315895
2014-01-26 00:00:00,77.26,77.18201
2018-11-28 01:00:00,77.22,77.24577
2016-10-20 19:00:00,77.81,77.631836
2017-06-20 06:00:00,77.89,77.77243
2016-06-05 11:00:00,77.85,77.75826
2015-10-13 01:00:00,77.46,77.45599
2015-10-12 04:00:00,77.48,77.46928
2014-01-30 11:00:00,77.23,77.17648
2017-03-07 18:00:00,77.24,77.1619
2016-04-14 12:00:00,77.46,77.51317
2015-01-05 14:00:00,77.34,77.2135
2015-02-10 14:00:00,77.2,77.149254
2019-12-13 18:00:00,77.14,77.186516
2017-01-17 19:00:00,77.18,77.169266
2017-01-06 14:00:00,77.27,77.29719
2014-01-28 09:00:00,77.24,77.15276
2017-02-23 03:00:00,77.24,77.24775
2014-11-07 09:00:00,77.4,77.29432
2016-11-25 12:00:00,77.29,77.245926
2014-09-15 20:00:00,77.78,77.72145
2016-12-21 16:00:00,77.24,77.36013
2018-01-24 23:00:00,77.19,77.19172
2019-10-29 01:00:00,77.25,77.305664
2017-01-27 13:00:00,77.14,77.16106
2015-03-15 00:00:00,77.21,77.17501
2019-10-20 05:00:00,77.32,77.55095
2020-12-20 14:00:00,77.12,77.17013
2016-03-21 20:00:00,77.37,77.599754
2017-07-23 03:00:00,77.78,77.869194
2014-08-12 15:00:00,77.76,77.86469
2019-11-19 02:00:00,77.22,77.22275
2016-04-01 00:00:00,77.28,77.316666
2018-03-18 00:00:00,77.64,77.37632
2019-05-10 05:00:00,77.33,77.26849
2020-02-03 20:00:00,77.23,77.17528
2016-11-25 22:00:00,77.29,77.23075
2014-08-05 16:00:00,78.0,77.90369
2018-09-30 02:00:00,77.43,77.6472
2017-12-17 04:00:00,77.1,77.219345
2019-08-16 19:00:00,77.92,77.91204
2019-11-11 07:00:00,77.22,77.31116
2019-02-25 08:00:00,77.16,77.15241
2019-08-13 18:00:00,77.91,77.91885
2015-06-25 03:00:00,77.76,77.74038
2015-02-10 11:00:00,77.2,77.16165
2018-10-27 19:00:00,77.33,77.47707
2019-10-23 01:00:00,77.29,77.44288
2018-08-04 04:00:00,77.9,77.90378
2018-11-19 07:00:00,77.26,77.23381
2019-11-27 22:00:00,77.14,77.2124
2020-05-06 06:00:00,77.23,77.38884
2018-08-24 06:00:00,78.2,78.10019
2018-07-06 17:00:00,77.77,77.84447
2017-06-12 20:00:00,77.83,77.76672
2014-08-12 07:00:00,77.76,77.88712
2016-12-13 01:00:00,77.24,77.258995
2016-01-25 16:00:00,77.27,77.19242
2017-10-28 22:00:00,77.27,77.36848
2017-06-27 08:00:00,77.87,77.94479
2015-08-10 05:00:00,78.06,77.91772
2015-07-31 02:00:00,77.88,77.95965
2020-03-09 19:00:00,77.29,77.26328
2020-10-24 23:00:00,77.39,77.3413
2015-10-26 10:00:00,77.29,77.36983
2020-05-01 05:00:00,77.04,77.29844
2018-06-08 04:00:00,77.78,77.77572
2014-01-26 05:00:00,77.26,77.21158
2019-08-30 14:00:00,77.77,77.774445
2018-09-11 08:00:00,77.64,77.61511
2019-05-05 01:00:00,77.35,77.256
2016-10-22 10:00:00,77.72,77.630486
2015-10-19 02:00:00,77.36,77.381
2015-07-30 23:00:00,77.91,77.9759
2017-04-07 01:00:00,77.24,77.42556
2015-08-05 06:00:00,78.01,77.93738
2019-06-20 21:00:00,77.75,77.76849
2017-08-04 02:00:00,77.95,77.90816
2016-06-08 18:00:00,77.81,77.748474
2018-10-09 07:00:00,77.87,77.51579
2016-10-25 12:00:00,77.61,77.62634
2018-12-03 00:00:00,77.21,77.274765
2018-07-20 14:00:00,77.83,77.9097
2016-03-27 13:00:00,77.31,77.32901
2019-01-09 23:00:00,77.12,77.18669
2014-07-06 00:00:00,77.76,77.768974
2020-05-26 00:00:00,77.71,77.56658
2016-12-20 06:00:00,77.23,77.32227
2017-04-29 03:00:00,77.18,77.26835
2016-08-13 19:00:00,78.07,78.00199
2017-09-08 16:00:00,77.9,77.80373
2019-07-14 04:00:00,77.71,77.788025
2018-08-24 00:00:00,78.07,77.959564
2016-09-12 13:00:00,77.94,77.821884
2015-09-06 23:00:00,77.9,77.95192
2019-10-28 05:00:00,77.26,77.29028
2018-04-08 09:00:00,77.69,77.474754
2020-08-17 02:00:00,77.92,77.842285
2014-03-21 03:00:00,77.39,77.31146
2017-11-02 08:00:00,77.24,77.29713
2016-05-21 01:00:00,77.78,77.68272
2017-12-23 22:00:00,77.1,77.255585
2018-02-12 18:00:00,77.07,77.26734
2018-04-24 05:00:00,77.73,77.50567
2016-02-14 11:00:00,77.44,77.39758
2014-08-11 06:00:00,77.89,77.87727
2015-06-29 12:00:00,77.71,77.75853
2017-10-10 01:00:00,77.46,77.59108
2015-01-12 21:00:00,77.32,77.21716
2017-09-30 03:00:00,77.34,77.49848
2019-01-29 16:00:00,77.07,77.16838
2019-01-07 05:00:00,77.14,77.177895
2018-08-13 05:00:00,77.93,77.93604
2019-03-10 20:00:00,77.16,77.23252
2015-08-28 05:00:00,77.83,77.85405
2020-05-22 20:00:00,77.7,77.36243
2020-02-26 01:00:00,77.33,77.27412
2018-11-11 15:00:00,77.34,77.28925
2019-01-28 13:00:00,77.07,77.13702
2016-03-18 19:00:00,77.42,77.54582
2019-08-28 09:00:00,77.81,77.9179
2018-05-29 09:00:00,77.83,77.79431
2019-01-06 09:00:00,77.14,77.18828
2014-09-02 01:00:00,77.73,77.73239
2016-10-05 12:00:00,78.09,77.941536
2015-11-14 05:00:00,77.6,77.47509
2019-04-13 21:00:00,77.37,77.32272
2015-09-25 18:00:00,77.67,77.82181
2019-03-02 06:00:00,77.15,77.16759
2020-10-21 04:00:00,77.4,77.356026
2017-07-18 11:00:00,78.21,77.9389
2019-06-09 18:00:00,77.74,77.71434
2017-12-13 04:00:00,77.11,77.08994
2016-02-16 03:00:00,77.45,77.258446
2019-05-31 13:00:00,77.69,77.61948
2019-01-23 21:00:00,77.09,77.15928
2020-01-09 19:00:00,77.42,77.222916
2019-09-11 18:00:00,77.67,77.85422
2014-08-30 16:00:00,77.79,77.72418
2015-08-18 23:00:00,77.91,77.848114
2017-09-03 05:00:00,77.84,77.690155
2018-02-22 04:00:00,77.12,77.20087
2016-09-19 08:00:00,78.18,77.879974
2014-02-16 12:00:00,77.17,77.23303
2018-06-18 12:00:00,77.78,77.814186
2020-11-03 05:00:00,77.39,77.30098
2014-08-05 20:00:00,77.98,77.924644
2020-07-23 10:00:00,77.8,77.9179
2020-11-04 08:00:00,77.35,77.2622
2019-05-13 15:00:00,77.39,77.22327
2020-03-04 11:00:00,77.32,77.21497
2019-10-18 19:00:00,77.35,77.51235
2016-04-23 01:00:00,77.61,77.58014
2020-10-14 11:00:00,77.43,77.348465
2015-10-31 23:00:00,77.32,77.28932
2016-01-09 08:00:00,77.34,77.33149
2014-03-01 13:00:00,77.16,77.30413
2014-10-25 22:00:00,77.57,77.37301
2014-10-19 05:00:00,77.28,77.3313
2015-02-17 04:00:00,77.2,77.200455
2014-03-02 00:00:00,77.17,77.25848
2017-11-07 05:00:00,77.22,77.28738
2017-10-01 01:00:00,77.33,77.4002
2017-10-09 17:00:00,77.48,77.6546
2015-05-10 18:00:00,77.52,77.634605
2017-02-16 06:00:00,77.08,77.15016
2019-08-03 07:00:00,77.8,77.87106
2016-04-22 17:00:00,77.63,77.532394
2019-08-19 19:00:00,77.87,77.80516
2018-10-15 13:00:00,77.51,77.53441
2017-06-08 14:00:00,77.67,77.78206
2019-08-13 06:00:00,77.92,77.97393
2018-04-09 15:00:00,77.64,77.58986
2017-12-07 02:00:00,77.13,77.1515
2016-05-30 10:00:00,77.86,77.78291
2017-10-17 21:00:00,77.39,77.425316
2019-09-21 06:00:00,77.31,77.63572
2015-09-30 02:00:00,77.52,77.61684
2020-10-25 20:00:00,77.38,77.3959
2017-04-24 19:00:00,77.26,77.30301
2017-07-09 15:00:00,77.97,78.138985
2018-02-14 17:00:00,77.09,77.29372
2018-09-08 05:00:00,77.81,77.82906
2018-01-24 13:00:00,77.2,77.25183
2015-12-21 15:00:00,77.6,77.7035
2015-06-07 02:00:00,77.75,77.77714
2016-11-05 21:00:00,77.49,77.354065
2019-06-19 22:00:00,77.73,77.74162
2016-04-05 23:00:00,77.3,77.19796
2019-11-19 01:00:00,77.22,77.21043
2020-02-14 08:00:00,77.18,77.210106
2019-05-15 05:00:00,77.22,77.3238
2014-11-05 06:00:00,77.43,77.25233
2016-09-02 06:00:00,77.84,78.0169
2014-10-07 15:00:00,77.41,77.43649
2020-12-12 08:00:00,77.18,77.19368
2018-09-29 00:00:00,77.44,77.56736
2018-11-15 20:00:00,77.3,77.26836
2018-10-17 12:00:00,77.34,77.47123
2017-01-31 20:00:00,77.17,77.154305
2020-12-13 03:00:00,77.16,77.04555
2018-12-29 02:00:00,77.14,77.19104
2014-10-03 01:00:00,77.54,77.589554
2018-04-29 04:00:00,77.66,77.58893
2016-03-27 03:00:00,77.31,77.22861
2019-05-20 13:00:00,77.59,77.32094
2014-07-27 06:00:00,77.76,77.832275
2017-05-14 23:00:00,77.41,77.37528
2016-03-15 00:00:00,77.48,77.560165
2017-08-11 10:00:00,78.02,77.89884
2019-02-22 07:00:00,77.19,77.17281
2020-07-20 23:00:00,77.59,77.8853
2017-07-05 00:00:00,77.85,77.92565
2015-06-04 06:00:00,77.72,77.78574
2015-01-10 09:00:00,77.35,77.20567
2016-05-07 04:00:00,77.62,77.69605
2014-12-20 03:00:00,77.47,77.18613
2017-11-23 00:00:00,77.16,77.25163
2020-05-25 22:00:00,77.71,77.56505
2016-01-28 12:00:00,77.27,77.22947
2016-07-27 14:00:00,77.8,77.9362
2018-07-24 20:00:00,77.98,77.90335
2016-03-13 21:00:00,77.5,77.4368
2020-08-02 12:00:00,78.06,77.86682
2020-01-27 20:00:00,77.2,77.21018
2019-05-28 20:00:00,77.73,77.610214
2015-10-05 10:00:00,77.67,77.48214
2015-07-25 04:00:00,77.76,77.88953
2019-10-14 02:00:00,77.42,77.5387
2019-11-15 21:00:00,77.17,77.27469
2014-05-07 21:00:00,77.47,77.55188
2017-11-29 00:00:00,77.14,77.43772
2019-10-16 23:00:00,77.37,77.47162
2015-06-19 05:00:00,77.78,77.77248
2019-04-12 13:00:00,77.44,77.30554
2016-09-18 20:00:00,78.25,78.0828
2014-07-20 02:00:00,78.17,77.83707
2018-08-13 10:00:00,77.93,77.94816
2020-09-08 08:00:00,78.07,78.021034
2015-03-13 05:00:00,77.17,77.162766
2014-11-15 20:00:00,77.28,77.22616
2015-03-17 12:00:00,77.21,77.27028
2017-07-22 19:00:00,77.8,77.87783
2019-04-03 23:00:00,76.93,77.16378
2020-05-13 03:00:00,77.19,77.23883
2019-05-12 03:00:00,77.35,77.29018
2018-04-17 11:00:00,77.54,77.55528
2014-07-07 11:00:00,77.79,77.81864
2018-06-20 17:00:00,77.89,77.84003
2019-01-25 01:00:00,77.08,77.17113
2020-02-12 00:00:00,77.15,77.17864
2018-10-15 23:00:00,77.5,77.47618
2014-03-05 11:00:00,77.18,77.182365
2020-11-12 14:00:00,77.29,77.29859
2016-06-11 17:00:00,77.83,77.74789
2015-10-22 12:00:00,77.32,77.466255
2014-06-04 14:00:00,77.91,77.837654
2017-08-14 18:00:00,78.11,78.02293
2018-08-26 12:00:00,78.06,78.179405
2017-10-26 18:00:00,77.28,77.361336
2015-05-27 22:00:00,77.65,77.77663
2016-11-18 08:00:00,77.33,77.236404
2018-02-28 15:00:00,77.16,77.19457
2015-01-22 19:00:00,77.26,77.19885
2014-12-04 19:00:00,77.62,77.32305
2016-06-05 09:00:00,77.85,77.76182
2014-02-25 04:00:00,77.15,77.191795
2017-08-07 15:00:00,77.88,77.96991
2014-10-19 10:00:00,77.27,77.36413
2019-07-04 01:00:00,77.65,77.7805
2020-01-31 04:00:00,77.27,77.21674
2018-03-18 05:00:00,77.64,77.33676
2019-03-05 09:00:00,77.13,77.179535
2019-08-22 23:00:00,78.14,78.077
2019-12-26 11:00:00,77.12,77.20949
2014-02-03 12:00:00,77.24,77.18382
2014-05-05 05:00:00,77.52,77.4873
2014-03-22 22:00:00,77.35,77.278534
2016-08-19 22:00:00,78.01,78.04741
2018-07-10 18:00:00,77.56,77.81364
2020-10-04 07:00:00,77.56,77.6764
2014-06-07 03:00:00,77.76,77.77002
2015-10-11 14:00:00,77.5,77.39195
2017-05-22 09:00:00,77.82,77.57105
2018-06-26 01:00:00,77.76,77.76718
2015-06-16 08:00:00,77.8,77.76387
2020-03-30 10:00:00,77.14,77.2301
2020-05-07 04:00:00,77.2,77.31014
2020-10-08 05:00:00,77.49,77.39541
2015-09-22 07:00:00,77.67,77.7433
2019-01-06 17:00:00,77.14,77.15552
2016-12-25 14:00:00,77.32,77.27702
2016-07-04 06:00:00,78.28,78.08461
2016-10-11 14:00:00,77.92,77.52675
2018-06-26 17:00:00,77.76,77.787926
2014-08-27 04:00:00,78.05,77.95896
2019-10-22 23:00:00,77.29,77.453705
2020-11-20 15:00:00,77.43,77.29118
2017-05-31 03:00:00,77.75,77.71589
2020-05-05 01:00:00,77.14,77.40677
2015-12-24 12:00:00,77.58,77.693054
2015-02-06 14:00:00,77.26,77.18322
2018-10-28 10:00:00,77.33,77.37061
2020-01-20 10:00:00,77.19,77.21254
2020-08-19 00:00:00,77.74,77.84537
2015-08-15 13:00:00,77.9,77.9107
2017-08-11 20:00:00,77.99,77.90009
2016-11-12 10:00:00,77.44,77.30322
2019-04-05 18:00:00,77.1,77.20583
2017-07-21 06:00:00,77.91,77.9004
2014-04-13 08:00:00,77.22,77.34745
2017-11-19 22:00:00,77.16,77.23087
2017-09-03 18:00:00,77.85,77.698326
2014-07-15 23:00:00,77.7,77.82118
2015-03-04 21:00:00,77.2,77.15997
2019-06-11 06:00:00,77.72,77.719635
2018-10-28 18:00:00,77.33,77.3008
2018-12-04 05:00:00,77.25,77.44441
2020-04-19 04:00:00,77.15,77.26035
2018-03-31 11:00:00,77.48,77.70124
2020-04-28 11:00:00,77.07,77.157265
2015-10-24 11:00:00,77.29,77.40968
2016-02-08 04:00:00,77.4,77.179146
2018-10-14 17:00:00,77.54,77.48545
2015-05-06 13:00:00,77.51,77.511826
2018-09-12 05:00:00,77.61,77.60857
2016-04-22 00:00:00,77.65,77.590164
2017-04-03 02:00:00,77.14,77.20846
2015-04-23 02:00:00,77.43,77.274864
2020-06-03 13:00:00,77.61,77.65289
2016-12-02 23:00:00,77.28,77.24504
2018-08-15 18:00:00,77.94,77.90236
2014-11-28 05:00:00,77.73,77.329094
2014-10-23 16:00:00,77.68,77.33675
2019-08-27 14:00:00,77.82,77.849045
2019-07-20 21:00:00,78.11,78.04337
2016-01-24 02:00:00,77.28,77.184204
2014-10-02 23:00:00,77.54,77.60366
2018-09-26 12:00:00,77.48,77.6125
2018-05-05 05:00:00,77.49,77.59358
2014-11-27 18:00:00,77.75,77.38082
2016-06-04 11:00:00,77.76,77.73031
2015-01-27 11:00:00,77.26,77.229935
2015-09-21 03:00:00,77.72,77.695465
2020-12-04 08:00:00,77.2,77.16517
2016-11-09 15:00:00,77.45,77.26428
2015-04-06 10:00:00,77.45,77.35322
2014-11-16 21:00:00,77.27,77.27398
2019-07-17 16:00:00,77.85,77.77383
2016-08-13 01:00:00,78.07,77.99589
2015-04-14 21:00:00,77.36,77.22656
2017-12-01 13:00:00,77.14,77.2418
2020-06-07 12:00:00,77.79,77.8385
2019-10-05 20:00:00,77.96,77.76268
2019-05-05 10:00:00,77.34,77.285324
2017-03-20 19:00:00,77.1,77.254814
2019-08-20 13:00:00,77.87,77.83409
2015-03-03 23:00:00,77.21,77.13969
2015-06-13 02:00:00,77.77,77.773
2016-09-14 13:00:00,77.82,77.81563
2018-09-25 17:00:00,77.5,77.55051
2015-11-01 12:00:00,77.32,77.2911
2018-06-18 18:00:00,77.78,77.80991
2016-12-19 22:00:00,77.23,77.31995
2017-11-28 02:00:00,77.15,77.255806
2014-07-29 14:00:00,77.83,77.896194
2014-08-08 19:00:00,77.95,77.8452
2018-12-04 06:00:00,77.25,77.430664
2015-06-15 06:00:00,77.8,77.778404
2015-03-15 12:00:00,77.2,77.15038
2018-10-31 05:00:00,77.32,77.301544
2018-05-07 02:00:00,77.44,77.685745
2020-10-14 02:00:00,77.44,77.3792
2020-02-22 19:00:00,77.28,77.16326
2020-08-15 07:00:00,78.01,77.907936
2015-04-30 01:00:00,77.61,77.515495
2015-10-31 10:00:00,77.33,77.289185
2015-04-27 03:00:00,77.35,77.30971
2020-06-09 07:00:00,77.66,77.71952
2015-09-10 04:00:00,77.78,77.59586
2020-10-25 02:00:00,77.39,77.35109
2020-01-01 10:00:00,77.11,77.16812
2014-05-26 17:00:00,77.8,77.77018
2014-08-16 04:00:00,77.93,77.91021
2020-05-09 11:00:00,77.36,77.404175
2016-07-16 21:00:00,77.63,77.89959
2019-06-04 00:00:00,77.69,77.63671
2016-11-16 22:00:00,77.34,77.24449
2018-11-06 14:00:00,77.27,77.33559
2015-05-25 04:00:00,77.79,77.7413
2019-02-07 19:00:00,77.18,77.16634
2019-08-16 15:00:00,77.93,77.923744
2014-08-25 18:00:00,78.0,78.15285
2019-01-27 20:00:00,77.07,77.16832
2018-07-20 13:00:00,77.82,77.899605
2014-04-21 07:00:00,77.36,77.20029
2014-12-07 05:00:00,77.6,77.31723
2016-03-22 08:00:00,77.36,77.38111
2018-09-26 00:00:00,77.49,77.510666
2015-02-27 15:00:00,77.19,77.157036
2020-03-26 04:00:00,77.15,77.22711
2020-02-16 23:00:00,77.23,77.18684
2015-01-27 04:00:00,77.27,77.179184
2016-08-12 01:00:00,78.05,78.00677
2015-02-17 20:00:00,77.18,77.18159
2018-06-06 20:00:00,77.78,77.818375
2017-01-22 18:00:00,77.17,77.1893
2020-09-10 02:00:00,77.96,77.81792
2016-05-11 19:00:00,77.71,77.698166
2015-12-19 09:00:00,77.62,77.38775
2015-03-08 01:00:00,77.17,77.17224
2016-07-10 20:00:00,77.81,77.86409
2020-02-11 05:00:00,77.16,77.185425
2018-12-01 06:00:00,77.21,77.20727
2014-01-22 00:00:00,77.25,77.18437
2018-08-13 00:00:00,77.92,77.92533
2018-06-09 06:00:00,77.77,77.78416
2015-08-07 21:00:00,77.97,77.92917
2018-03-30 22:00:00,77.49,77.739914
2015-06-01 02:00:00,77.73,77.76949
2014-11-27 21:00:00,77.74,77.379456
2014-03-15 04:00:00,77.51,77.27501
2017-10-02 02:00:00,77.46,77.742256
2020-12-09 19:00:00,77.17,77.126434
2016-12-02 01:00:00,77.29,77.31163
2016-11-07 11:00:00,77.47,77.38375
2017-10-03 13:00:00,77.72,77.7996
2019-01-31 22:00:00,77.09,77.151566
2019-08-06 06:00:00,77.86,77.88547
2014-12-03 16:00:00,77.66,77.24116
2019-03-06 10:00:00,77.13,77.21556
2016-03-23 23:00:00,77.34,77.41006
2014-04-22 14:00:00,77.36,77.248436
2017-09-04 01:00:00,77.85,77.64553
2014-07-20 06:00:00,78.16,77.86037
2015-10-27 04:00:00,77.29,77.33146
2020-11-27 14:00:00,77.22,77.22772
2015-02-13 18:00:00,77.17,77.13339
2017-10-16 14:00:00,77.42,77.48673
2019-08-11 12:00:00,77.95,77.96216
2020-05-10 22:00:00,77.26,77.31921
2017-08-26 16:00:00,77.87,77.84081
2015-06-30 08:00:00,77.69,77.72101
2020-07-13 01:00:00,77.84,77.95359
2015-10-23 00:00:00,77.32,77.498764
2020-09-28 07:00:00,77.63,77.4985
2020-07-28 15:00:00,77.95,78.0724
2017-05-01 02:00:00,77.14,77.43045
2018-04-20 22:00:00,77.46,77.51501
2015-07-28 23:00:00,77.96,77.921616
2020-04-09 04:00:00,77.15,77.16831
2017-03-24 22:00:00,77.13,77.26769
2020-09-15 02:00:00,77.87,77.75734
2015-02-06 17:00:00,77.27,77.17676
2019-05-06 06:00:00,77.32,77.159874
2017-12-23 10:00:00,77.1,77.29693
2017-01-27 06:00:00,77.14,77.15276
2019-09-05 22:00:00,77.73,77.89031
2017-10-13 05:00:00,77.49,77.54718
2018-12-01 03:00:00,77.21,77.23593
2018-10-19 02:00:00,77.41,77.40941
2017-03-04 07:00:00,77.22,77.19035
2015-09-20 03:00:00,77.74,77.69389
2018-03-05 23:00:00,77.37,77.46478
2018-01-18 17:00:00,77.31,77.51311
2017-04-22 12:00:00,77.27,77.31572
2014-05-31 19:00:00,77.76,77.81797
2017-07-17 23:00:00,78.22,77.931076
2017-07-09 06:00:00,78.0,78.114494
2014-05-24 01:00:00,77.82,77.78265
2014-09-10 17:00:00,77.8,77.79786
2017-01-26 21:00:00,77.14,77.16395
2020-02-20 07:00:00,77.25,77.18182
2014-05-02 09:00:00,77.57,77.57615
2020-05-26 17:00:00,77.72,77.53174
2020-10-30 21:00:00,77.34,77.326256
2018-07-09 03:00:00,77.6,77.775345
2015-09-13 07:00:00,77.73,77.68413
2016-06-23 13:00:00,77.77,77.85423
2020-10-03 00:00:00,77.57,77.590195
2016-05-26 01:00:00,77.9,77.7662
2017-09-11 10:00:00,77.93,77.84367
2015-04-10 13:00:00,77.45,77.33578
2017-12-19 15:00:00,77.1,77.31858
2018-12-28 05:00:00,77.15,77.18247
2020-06-25 14:00:00,77.62,77.84803
2019-07-05 03:00:00,77.58,77.772995
2019-08-15 03:00:00,77.9,77.90394
2015-07-12 15:00:00,78.04,77.90385
2019-10-05 04:00:00,78.09,77.78303
2018-11-26 07:00:00,77.23,77.23836
2017-07-23 18:00:00,77.77,77.894745
2016-08-06 11:00:00,77.98,77.9772
2019-09-13 17:00:00,77.55,77.74472
2016-03-14 07:00:00,77.49,77.330605
2017-02-22 13:00:00,77.14,77.19909
2019-05-11 06:00:00,77.36,77.266045
2015-04-10 14:00:00,77.45,77.337524
2019-09-30 05:00:00,77.53,77.73109
2018-02-04 09:00:00,77.05,77.25248
2015-04-21 19:00:00,77.49,77.279465
2014-10-08 20:00:00,77.38,77.42276
2017-07-20 19:00:00,77.94,77.893394
2016-03-25 21:00:00,77.33,77.37831
2016-10-20 01:00:00,77.82,77.62345
2016-10-30 21:00:00,77.56,77.361374
2019-04-27 15:00:00,77.38,77.368256
2018-04-27 13:00:00,77.72,77.63611
2017-03-26 21:00:00,77.19,77.26235
2015-04-27 09:00:00,77.33,77.32671
2016-11-28 22:00:00,77.28,77.253105
2018-02-13 18:00:00,77.08,77.247635
2018-09-19 00:00:00,77.6,77.656
2017-10-16 09:00:00,77.43,77.498184
2015-06-08 09:00:00,77.75,77.72104
2020-07-14 08:00:00,78.23,78.03346
2014-05-07 01:00:00,77.48,77.45149
2017-12-18 07:00:00,77.1,77.191475
2020-04-25 23:00:00,77.1,77.17614
2014-09-14 07:00:00,77.8,77.66074
2018-05-07 05:00:00,77.45,77.68388
2016-11-25 14:00:00,77.29,77.22193
2019-04-19 11:00:00,77.4,77.4429
2018-11-30 15:00:00,77.21,77.2129
2014-07-06 12:00:00,77.75,77.80551
2016-09-08 14:00:00,77.84,77.86163
2015-10-20 06:00:00,77.34,77.39747
2018-04-16 03:00:00,77.54,77.54378
2015-06-16 23:00:00,77.78,77.771736
2016-01-07 00:00:00,77.35,77.33017
2019-08-24 19:00:00,77.93,77.78358
2019-01-19 20:00:00,77.11,77.16221
2018-06-21 05:00:00,77.86,77.78914
2014-05-14 09:00:00,77.52,77.62205
2019-07-29 19:00:00,77.99,77.865234
2020-08-31 22:00:00,77.85,77.92334
2016-10-10 11:00:00,78.05,77.45071
2018-03-12 11:00:00,77.58,77.47037
2019-07-27 20:00:00,78.11,77.95393
2016-09-02 21:00:00,77.86,77.93446
2018-05-04 12:00:00,77.53,77.60936
2014-08-05 01:00:00,78.06,78.06375
2019-03-03 09:00:00,77.15,77.229614
2020-06-29 04:00:00,77.58,77.78803
2014-07-23 07:00:00,77.92,77.869484
2014-10-14 03:00:00,77.32,77.503426
2018-12-13 00:00:00,77.25,77.25262
2018-02-25 17:00:00,77.12,77.33044
2018-12-13 05:00:00,77.25,77.28338
2019-07-20 03:00:00,77.87,77.934975
2014-02-09 16:00:00,77.2,77.19455
2019-02-12 18:00:00,77.11,77.184204
2014-10-02 18:00:00,77.56,77.62183
2018-05-28 12:00:00,77.85,77.7832
2016-07-30 16:00:00,78.04,77.95813
2016-03-15 09:00:00,77.46,77.48256
2017-03-28 18:00:00,77.17,77.17266
2017-08-14 21:00:00,78.12,77.95876
2015-05-09 10:00:00,77.51,77.60891
2019-05-08 07:00:00,77.36,77.19641
2014-10-08 09:00:00,77.39,77.42083
2019-09-30 13:00:00,77.51,77.763916
2018-01-17 07:00:00,77.19,77.29686
2019-09-22 15:00:00,78.0,77.99644
2018-08-01 23:00:00,77.87,77.87168
2019-06-25 01:00:00,77.79,77.78651
2014-08-02 06:00:00,77.79,77.92777
2014-06-10 03:00:00,77.75,77.787445
2019-02-23 22:00:00,77.16,77.19651
2016-12-26 23:00:00,77.35,77.27775
2020-05-27 20:00:00,77.66,77.517586
2017-07-13 00:00:00,77.7,77.8651
2019-08-06 07:00:00,77.87,77.894936
2016-01-16 12:00:00,77.3,77.270805
2020-01-27 09:00:00,77.18,77.17029
2019-01-05 10:00:00,77.14,77.18791
2016-05-02 04:00:00,77.72,77.64463
2018-04-02 03:00:00,77.43,77.56957
2015-06-02 02:00:00,77.72,77.754776
2016-04-27 04:00:00,77.56,77.54198
2017-01-20 20:00:00,77.16,77.22806
2020-04-14 19:00:00,77.17,77.19209
2020-06-09 09:00:00,77.66,77.7379
2017-09-21 09:00:00,77.51,77.55641
2019-10-27 08:00:00,77.26,77.42319
2016-11-26 21:00:00,77.3,77.23231
2014-12-26 23:00:00,77.48,77.23377
2019-11-19 07:00:00,77.22,77.27091
2020-01-19 01:00:00,77.21,77.18928
2016-06-27 17:00:00,77.81,77.742134
2017-09-15 18:00:00,77.77,77.64311
2018-02-14 19:00:00,77.09,77.314766
2017-09-26 19:00:00,77.34,77.83306
2018-07-28 13:00:00,77.95,77.95112
2018-05-20 17:00:00,77.77,77.74436
2017-09-23 15:00:00,77.34,77.63496
2017-07-01 05:00:00,77.9,77.82591
2020-04-23 06:00:00,77.17,77.20234
2015-09-27 10:00:00,77.58,77.66084
2016-01-09 23:00:00,77.33,77.29829
2018-03-16 09:00:00,77.65,77.53849
2018-07-03 14:00:00,78.25,77.85419
2015-12-09 07:00:00,77.65,77.39935
2019-04-25 06:00:00,77.49,77.519554
2014-05-01 03:00:00,77.63,77.58593
2016-07-14 08:00:00,77.69,77.87789
2017-03-21 16:00:00,77.13,77.35182
2018-06-20 00:00:00,77.82,77.81744
2017-06-27 00:00:00,77.88,77.813576
2015-10-30 17:00:00,77.34,77.24231
2016-07-07 23:00:00,77.99,77.83567
2017-09-23 06:00:00,77.43,77.623474
2015-11-11 05:00:00,77.44,77.31491
2014-12-19 02:00:00,77.47,77.21047
2015-02-02 16:00:00,77.24,77.17286
2018-03-08 01:00:00,77.44,77.316376
2016-12-12 23:00:00,77.24,77.2762
2019-11-24 18:00:00,77.15,77.336525
2018-07-16 05:00:00,77.53,77.85813
2017-12-23 07:00:00,77.1,77.23722
2015-01-16 17:00:00,77.3,77.15147
2018-05-23 14:00:00,77.97,77.81662
2019-02-04 11:00:00,77.24,77.200874
2015-03-03 04:00:00,77.21,77.15452
2017-09-20 10:00:00,77.55,77.78812
2014-05-16 23:00:00,77.54,77.665016
2016-03-04 16:00:00,77.32,77.38804
2016-04-01 04:00:00,77.28,77.27784
2020-12-07 01:00:00,77.19,77.16108
2016-06-29 23:00:00,77.77,77.809586
2018-10-03 05:00:00,77.38,77.52713
2016-08-11 14:00:00,78.07,77.987305
2020-09-05 23:00:00,77.95,77.741135
2020-12-29 22:00:00,77.14,77.29577
2017-05-13 02:00:00,77.31,77.47751
2015-01-04 11:00:00,77.35,77.22774
2017-11-30 00:00:00,77.15,77.27798
2014-08-11 23:00:00,77.77,77.91452
2016-03-29 20:00:00,77.28,77.35144
2015-03-07 21:00:00,77.17,77.15286
2017-02-15 20:00:00,77.08,77.168144
2019-07-14 19:00:00,77.73,77.80469
2014-08-18 19:00:00,78.42,78.145615
2019-12-05 23:00:00,77.14,77.18311
2018-05-17 07:00:00,77.45,77.67357
2014-04-07 16:00:00,77.29,77.21623
2020-09-28 09:00:00,77.63,77.50415
2018-04-24 21:00:00,77.8,77.57237
2019-08-31 11:00:00,77.75,77.72675
2017-11-15 09:00:00,77.19,77.24908
2019-09-07 12:00:00,77.85,78.0518
2020-04-04 05:00:00,77.11,77.180176
2014-02-10 21:00:00,77.18,77.214935
2019-05-08 10:00:00,77.37,77.25073
2018-09-09 00:00:00,77.76,77.70196
2019-07-24 13:00:00,77.93,77.859085
2014-02-24 11:00:00,77.15,77.20971
2018-05-25 02:00:00,77.89,77.745605
2019-04-25 07:00:00,77.49,77.51217
2018-08-23 08:00:00,77.93,77.94925
2016-10-22 14:00:00,77.71,77.561134
2017-09-05 19:00:00,77.87,77.78679
2019-11-18 09:00:00,77.21,77.29836
2016-03-01 17:00:00,77.3,77.24843
2019-01-14 05:00:00,77.14,77.16686
2015-12-17 16:00:00,77.65,77.40165
2017-07-18 08:00:00,78.22,77.91428
2018-12-27 22:00:00,77.15,77.17209
2014-12-27 01:00:00,77.48,77.22528
2017-11-08 02:00:00,77.21,77.37372
2017-08-19 15:00:00,77.88,77.863075
2019-10-30 05:00:00,77.24,77.37096
2019-11-26 08:00:00,77.14,77.2123
2019-06-16 14:00:00,77.76,77.76176
2020-10-05 00:00:00,77.56,77.47219
2016-05-27 21:00:00,77.87,77.800644
2018-05-09 01:00:00,77.59,77.73951
2020-05-05 23:00:00,77.2,77.3595
2015-03-30 02:00:00,77.26,77.24843
2017-04-23 01:00:00,77.26,77.35201
2020-03-20 18:00:00,77.2,77.17104
2018-12-21 00:00:00,77.2,77.26077
2019-10-25 07:00:00,77.28,77.4254
2020-10-12 18:00:00,77.46,77.52607
2014-11-09 11:00:00,77.38,77.26474
2014-02-02 09:00:00,77.24,77.29301
2018-08-26 11:00:00,78.04,78.1894
2015-08-29 09:00:00,77.81,77.88909
2020-07-31 03:00:00,78.39,77.9684
2017-12-07 13:00:00,77.13,77.31051
2015-02-21 00:00:00,77.17,77.16512
2018-08-13 23:00:00,77.93,77.91372
2018-10-24 12:00:00,77.34,77.40832
2020-06-10 03:00:00,77.64,77.69415
2014-01-05 15:00:00,77.3,77.14959
2014-01-12 13:00:00,77.26,77.177925
2015-08-01 22:00:00,77.97,77.95625
2018-06-27 16:00:00,78.08,77.96251
2014-06-26 11:00:00,77.73,77.75908
2020-09-19 07:00:00,77.76,77.56145
2020-09-27 16:00:00,77.65,77.57605
2020-06-30 06:00:00,77.75,77.86942
2020-05-04 13:00:00,77.18,77.413475
2018-08-11 16:00:00,77.93,77.92656
2017-11-25 11:00:00,77.16,77.268845
2014-12-08 21:00:00,77.54,77.40661
2014-02-17 05:00:00,77.18,77.18899
2016-02-12 10:00:00,77.33,77.357216
2017-02-06 05:00:00,77.16,77.206566
2014-03-21 19:00:00,77.37,77.19982
2017-07-08 23:00:00,78.02,78.11988
2015-12-28 06:00:00,77.51,77.232185
2016-12-27 01:00:00,77.36,77.276245
2016-06-22 23:00:00,77.78,77.81292
2016-08-22 03:00:00,78.04,77.97556
2016-12-22 16:00:00,77.32,77.425026
2020-08-18 13:00:00,77.77,77.86956
2020-10-05 01:00:00,77.55,77.53286
2018-08-13 21:00:00,77.92,77.92722
2020-01-07 08:00:00,77.2,77.17242
2019-12-27 23:00:00,77.09,77.2029
2018-06-21 06:00:00,77.86,77.78212
2016-11-28 08:00:00,77.3,77.2856
2020-04-12 14:00:00,77.13,77.313675
2014-06-07 05:00:00,77.76,77.767265
2017-02-13 13:00:00,77.11,77.226135
2017-03-30 21:00:00,77.17,77.27325
2019-02-28 17:00:00,77.16,77.20021
2018-05-20 05:00:00,77.61,77.76911
2016-06-21 13:00:00,77.86,77.82107
2015-05-05 09:00:00,77.56,77.458984
2018-06-27 13:00:00,78.03,77.96611
2016-04-04 08:00:00,77.31,77.405396
2019-04-15 00:00:00,77.34,77.35972
2015-02-19 14:00:00,77.17,77.21535
2016-08-01 11:00:00,78.02,77.968445
2018-03-30 17:00:00,77.51,77.70542
2020-11-20 00:00:00,77.42,77.390274
2016-02-12 11:00:00,77.34,77.4472
2020-02-04 12:00:00,77.23,77.17001
2020-08-06 03:00:00,78.15,77.94962
2016-10-16 02:00:00,77.63,77.49179
2018-08-20 06:00:00,77.89,77.77471
2014-05-13 11:00:00,77.51,77.635544
2019-02-27 22:00:00,77.16,77.214
2017-06-21 16:00:00,77.87,77.80819
2019-04-16 07:00:00,77.3,77.31055
2015-02-15 17:00:00,77.17,77.161964
2018-03-30 16:00:00,77.51,77.704796
2016-07-12 22:00:00,77.75,77.97679
2020-06-21 02:00:00,77.77,77.789055
2020-04-08 06:00:00,77.16,77.14907
2015-10-13 02:00:00,77.46,77.43368
2019-04-18 16:00:00,77.42,77.44457
2019-07-19 10:00:00,77.87,77.81878
2020-09-24 02:00:00,77.66,77.551056
2017-09-20 06:00:00,77.55,77.78548
2015-01-21 23:00:00,77.27,77.19714
2019-08-04 02:00:00,77.69,77.85271
2016-03-16 18:00:00,77.43,77.5374
2017-01-10 17:00:00,77.22,77.18503
2018-11-14 00:00:00,77.33,77.28402
2019-04-16 15:00:00,77.31,77.364235
2015-04-17 12:00:00,77.38,77.23303
2014-03-02 06:00:00,77.19,77.27485
2020-04-27 19:00:00,77.08,77.148834
2015-02-03 19:00:00,77.22,77.155685
2017-10-08 20:00:00,77.5,77.60638
2018-01-27 23:00:00,77.14,77.14372
2020-06-05 09:00:00,77.6,77.68382
2014-03-09 14:00:00,77.15,77.18408
2019-02-24 18:00:00,77.16,77.16987
2018-03-18 17:00:00,77.63,77.4476
2014-03-22 12:00:00,77.36,77.24531
2015-10-04 13:00:00,77.72,77.622185
2019-01-14 18:00:00,77.13,77.16629
2015-11-06 08:00:00,77.27,77.35828
2014-04-11 06:00:00,77.23,77.29321
2020-01-05 03:00:00,77.09,77.189896
2017-01-14 06:00:00,77.21,77.20577
2015-07-10 08:00:00,78.01,77.764175
2018-03-13 08:00:00,77.56,77.35492
2015-07-04 15:00:00,77.61,77.67627
2014-06-15 00:00:00,77.62,77.77777
2015-10-23 04:00:00,77.32,77.485504
2014-08-03 13:00:00,78.12,78.17497
2017-04-23 18:00:00,77.26,77.36561
2018-01-23 09:00:00,77.22,77.24425
2020-04-17 01:00:00,77.17,77.20201
2019-04-07 08:00:00,77.17,77.253716
2020-01-27 22:00:00,77.21,77.2127
2017-04-04 16:00:00,77.14,77.27482
2014-06-25 12:00:00,77.87,77.751495
2018-11-26 18:00:00,77.23,77.25012
2015-06-26 05:00:00,77.82,77.80446
2016-02-09 23:00:00,77.36,77.28964
2014-07-26 20:00:00,77.78,77.925255
2015-11-12 15:00:00,77.4,77.33951
2019-12-05 03:00:00,77.16,77.21245
2017-07-23 12:00:00,77.78,77.88544
2016-04-15 07:00:00,77.43,77.43389
2019-04-11 22:00:00,77.46,77.36505
2015-11-12 17:00:00,77.4,77.33218
2017-08-27 04:00:00,77.77,77.7399
2015-02-08 07:00:00,77.26,77.155975
2014-07-01 09:00:00,77.69,77.77608
2017-08-06 10:00:00,77.9,77.94592
2015-07-01 20:00:00,77.75,77.75853
2014-03-28 17:00:00,77.55,77.3364
2015-05-30 06:00:00,77.73,77.742676
2019-01-30 23:00:00,77.07,77.14471
2017-08-11 17:00:00,78.01,77.904724
2020-05-12 10:00:00,77.22,77.34215
2015-02-14 15:00:00,77.17,77.165054
2014-12-04 03:00:00,77.64,77.29
2017-08-31 03:00:00,77.62,77.80042
2016-11-05 11:00:00,77.5,77.37102
2017-12-19 22:00:00,77.11,77.26573
2017-12-17 06:00:00,77.11,77.18004
2014-04-07 21:00:00,77.27,77.20425
2016-03-11 14:00:00,77.59,77.382515
2014-01-19 10:00:00,77.25,77.19356
2018-12-05 13:00:00,77.33,77.30939
2018-10-06 21:00:00,78.16,78.14321
2019-11-12 15:00:00,77.22,77.30444
2014-08-14 07:00:00,77.9,77.85084
2014-04-04 17:00:00,77.33,77.229996
2019-10-25 10:00:00,77.28,77.50188
2016-07-29 06:00:00,78.05,77.96103
2018-03-12 23:00:00,77.57,77.40129
2016-05-24 13:00:00,77.83,77.77511
2020-07-02 21:00:00,77.63,77.78438
2020-12-12 14:00:00,77.18,77.42442
2017-01-20 10:00:00,77.17,77.145775
2018-02-22 01:00:00,77.12,77.20414
2019-04-24 04:00:00,77.43,77.48311
2014-12-16 02:00:00,77.47,77.21716
2014-10-06 14:00:00,77.42,77.40764
2016-12-30 14:00:00,77.36,77.2118
2020-02-07 16:00:00,77.2,77.14729
2019-01-25 10:00:00,77.08,77.15454
2020-12-08 19:00:00,77.18,77.134865
2015-06-28 22:00:00,77.72,77.74192
2014-05-07 11:00:00,77.47,77.48621
2016-02-18 19:00:00,77.4,77.28054
2018-08-17 23:00:00,77.88,77.92025
2020-09-10 12:00:00,77.95,78.08876
2014-12-18 01:00:00,77.49,77.26049
2019-02-08 03:00:00,77.18,77.1689
2020-07-09 17:00:00,77.44,77.804306
2015-04-24 14:00:00,77.42,77.31895
2015-04-02 19:00:00,77.23,77.32177
2014-04-16 00:00:00,77.26,77.26185
2018-03-19 15:00:00,77.78,77.50141
2015-01-28 12:00:00,77.26,77.170944
2019-10-30 23:00:00,77.24,77.32222
2016-11-01 00:00:00,77.54,77.37752
2015-06-16 12:00:00,77.8,77.76067
2019-07-18 14:00:00,77.9,77.922676
2019-01-12 10:00:00,77.13,77.16457
2015-08-14 09:00:00,77.92,77.89866
2016-09-26 14:00:00,77.6,77.74057
2019-09-16 11:00:00,77.43,77.854614
2014-08-24 19:00:00,77.79,77.93074
2018-10-31 19:00:00,77.31,77.3142
2019-12-01 14:00:00,77.13,77.247154
2019-02-27 01:00:00,77.15,77.18047
2014-03-27 03:00:00,77.55,77.406624
2014-04-18 22:00:00,77.38,77.366295
2019-12-07 01:00:00,77.13,77.18471
2017-11-04 13:00:00,77.23,77.403206
2017-04-26 09:00:00,77.25,77.386246
2017-05-26 15:00:00,77.65,77.665825
2014-02-12 01:00:00,77.18,77.16452
2019-09-24 20:00:00,77.87,77.60596
2014-10-04 01:00:00,77.49,77.59576
2017-04-09 00:00:00,77.16,77.303604
2016-09-19 15:00:00,78.13,77.780266
2018-12-23 22:00:00,77.19,77.23541
2019-08-10 13:00:00,77.92,77.87566
2020-06-08 04:00:00,77.74,77.70821
2020-02-12 08:00:00,77.16,77.20315
2014-12-16 23:00:00,77.49,77.34326
2017-08-03 12:00:00,78.0,77.90267
2014-10-31 20:00:00,77.44,77.29821
2017-12-28 11:00:00,77.11,77.24839
2019-04-25 04:00:00,77.48,77.51616
2019-02-28 15:00:00,77.17,77.2194
2017-06-14 17:00:00,77.81,77.752884
2015-03-29 11:00:00,77.26,77.161575
2017-01-08 08:00:00,77.25,77.23524
2020-12-03 06:00:00,77.19,77.15328
2016-06-13 07:00:00,77.91,77.76718
2018-11-12 23:00:00,77.35,77.32128
2020-10-19 22:00:00,77.4,77.35358
2020-02-29 11:00:00,77.37,77.24889
2018-12-10 15:00:00,77.27,77.17368
2016-04-04 10:00:00,77.32,77.435104
2015-04-13 18:00:00,77.37,77.2688
2018-05-01 03:00:00,77.66,77.65953
2019-09-29 05:00:00,77.58,77.7714
2018-09-24 11:00:00,77.53,77.7297
2014-04-18 04:00:00,77.38,77.33172
2016-09-11 13:00:00,77.98,77.85004
2018-04-30 04:00:00,77.67,77.63031
2017-11-15 18:00:00,77.18,77.20322
2014-10-15 01:00:00,77.3,77.41142
2019-05-07 12:00:00,77.34,77.19937
2016-10-27 02:00:00,77.59,77.55525
2017-11-21 07:00:00,77.16,77.21466
2016-10-08 03:00:00,78.05,77.63551
2019-05-16 18:00:00,77.19,77.30343
2020-09-15 01:00:00,77.87,77.772064
2016-04-27 22:00:00,77.72,77.59232
2015-11-02 14:00:00,77.31,77.290215
2019-05-19 20:00:00,77.59,77.3729
2018-03-28 10:00:00,77.6,77.635544
2019-03-06 15:00:00,77.14,77.24784
2019-01-22 13:00:00,77.1,77.162704
2018-01-13 15:00:00,77.05,77.322014
2015-07-10 20:00:00,77.94,77.81296
2015-05-30 04:00:00,77.73,77.73031
2014-09-17 01:00:00,77.74,77.79899
2016-04-20 23:00:00,77.52,77.4824
2020-10-28 12:00:00,77.37,77.37802
2015-09-01 01:00:00,77.85,77.858215
2020-10-06 18:00:00,77.51,77.391815
2016-11-13 06:00:00,77.44,77.2793
2017-03-08 03:00:00,77.22,77.16803
2017-04-08 00:00:00,77.23,77.41747
2014-12-05 22:00:00,77.62,77.26974
2018-04-09 05:00:00,77.66,77.50637
2015-10-08 09:00:00,77.53,77.51484
2018-08-15 05:00:00,77.94,77.863205
2018-09-17 17:00:00,77.6,77.83821
2016-08-02 21:00:00,78.05,77.9326
2020-06-06 19:00:00,77.56,77.72057
2014-10-15 16:00:00,77.3,77.36888
2019-06-09 02:00:00,77.75,77.69603
2015-09-27 14:00:00,77.57,77.704445
2019-09-11 03:00:00,77.71,77.85311
2015-02-14 10:00:00,77.17,77.17481
2019-03-21 23:00:00,77.17,77.22171
2015-04-09 10:00:00,77.48,77.38297
2019-04-02 12:00:00,77.01,77.187805
2017-10-23 20:00:00,77.3,77.45961
2018-06-05 15:00:00,77.79,77.79634
2020-09-02 08:00:00,77.8,77.89125
2018-03-16 13:00:00,77.65,77.50815
2020-11-23 09:00:00,77.32,77.234825
2019-02-10 10:00:00,77.14,77.196686
2018-05-16 03:00:00,77.5,77.6393
2016-12-21 18:00:00,77.24,77.356735
2019-12-26 07:00:00,77.13,77.21689
2017-06-24 17:00:00,77.89,77.797585
2018-05-04 20:00:00,77.51,77.622696
2017-10-27 07:00:00,77.28,77.34373
2019-03-29 09:00:00,77.09,77.26927
2019-12-25 07:00:00,77.11,77.18275
2014-11-08 07:00:00,77.38,77.31847
2020-06-04 06:00:00,77.58,77.65676
2014-04-29 09:00:00,77.62,77.52329
2018-03-11 20:00:00,77.6,77.558945
2018-09-23 16:00:00,77.57,77.6741
2014-12-18 22:00:00,77.47,77.22148
2017-05-31 12:00:00,77.72,77.748
2019-04-29 10:00:00,77.36,77.332115
2016-04-01 22:00:00,77.26,77.24592
2020-09-15 05:00:00,77.87,77.76404
2014-06-19 17:00:00,77.79,77.767044
2019-09-15 02:00:00,77.48,77.743225
2014-06-21 16:00:00,77.77,77.78008
2015-07-08 19:00:00,77.75,77.81203
2014-01-06 08:00:00,77.28,77.183464
2018-05-12 13:00:00,77.53,77.69328
2014-06-22 14:00:00,77.77,77.76981
2017-02-25 17:00:00,77.32,77.17522
2014-04-09 05:00:00,77.13,77.22846
2016-12-02 11:00:00,77.29,77.27314
2017-11-13 16:00:00,77.19,77.22284
2020-09-25 21:00:00,77.65,77.70733
2018-04-16 11:00:00,77.54,77.565384
2016-01-08 17:00:00,77.35,77.35449
2020-06-07 04:00:00,77.71,77.74148
2014-01-06 12:00:00,77.28,77.1698
2019-09-12 02:00:00,77.64,77.80779
2016-10-09 22:00:00,78.13,77.552155
2019-11-25 12:00:00,77.14,77.295265
2017-12-13 09:00:00,77.11,77.093864
2017-07-30 02:00:00,77.7,77.93142
2016-06-16 00:00:00,77.8,77.76297
2017-03-02 17:00:00,77.24,77.256454
2017-12-24 01:00:00,77.1,77.27054
2020-10-23 04:00:00,77.45,77.369774
2016-07-10 23:00:00,77.8,77.85879
2019-06-26 11:00:00,77.75,77.77996
2014-07-16 20:00:00,77.72,77.81015
2014-02-08 06:00:00,77.21,77.174126
2019-07-31 21:00:00,77.82,77.864204
2017-08-08 11:00:00,77.89,77.93369
2018-12-11 03:00:00,77.26,77.21678
2020-02-06 08:00:00,77.21,77.17426
2018-07-21 16:00:00,77.85,77.89538
2015-01-30 05:00:00,77.26,77.148575
2020-09-21 23:00:00,77.7,77.48472
2020-08-17 07:00:00,77.91,77.85998
2015-02-28 13:00:00,77.19,77.16966
2014-01-26 06:00:00,77.26,77.18691
2015-11-25 23:00:00,77.61,77.57086
2017-07-26 07:00:00,77.79,78.05893
2015-11-07 04:00:00,77.28,77.35488
2015-01-18 20:00:00,77.27,77.13668
2019-12-17 10:00:00,77.15,77.2434
2019-08-31 14:00:00,77.76,77.71191
2016-09-30 01:00:00,77.56,77.781364
2019-01-01 01:00:00,77.13,77.17759
2014-05-21 06:00:00,77.76,77.74214
2018-04-28 06:00:00,77.68,77.596176
2019-08-29 01:00:00,77.8,77.87527
2016-09-09 10:00:00,77.85,77.88742
2019-01-25 05:00:00,77.08,77.164696
2020-12-17 02:00:00,77.16,77.10805
2016-03-29 03:00:00,77.29,77.2408
2015-03-10 18:00:00,77.17,77.1571
2017-12-11 09:00:00,77.13,77.24544
2019-10-10 06:00:00,77.57,77.39161
2020-12-27 10:00:00,77.1,77.36704
2017-12-03 14:00:00,77.14,77.3191
2020-07-28 11:00:00,77.95,78.081154
2020-02-21 21:00:00,77.25,77.209076
2016-09-25 11:00:00,77.64,77.740425
2017-08-06 18:00:00,77.85,77.91059
2014-10-21 11:00:00,77.35,77.57894
2017-10-15 12:00:00,77.45,77.525375
2019-09-23 00:00:00,78.13,78.04493
2016-10-20 10:00:00,77.79,77.62987
2015-06-02 12:00:00,77.72,77.75733
2017-01-19 04:00:00,77.17,77.197464
2020-03-31 23:00:00,77.08,77.23216
2018-04-23 15:00:00,77.54,77.49956
2018-08-30 18:00:00,78.02,77.964134
2015-09-12 01:00:00,77.71,77.73222
2014-11-27 04:00:00,77.73,77.2971
2017-03-11 04:00:00,77.15,77.19381
2018-02-07 20:00:00,77.02,77.20557
2014-04-13 19:00:00,77.24,77.38958
2017-04-07 08:00:00,77.25,77.41554
2020-11-27 05:00:00,77.24,77.24368
2016-04-02 03:00:00,77.26,77.276566
2019-01-15 10:00:00,77.13,77.1634
2015-04-15 10:00:00,77.4,77.25091
2016-11-16 18:00:00,77.34,77.246124
2018-11-20 13:00:00,77.25,77.23309
2019-09-30 06:00:00,77.52,77.76679
2017-08-27 23:00:00,77.71,77.66431
2015-07-09 14:00:00,78.04,77.90575
2020-11-06 13:00:00,77.33,77.35097
2014-01-31 13:00:00,77.22,77.20023
2020-08-16 12:00:00,77.97,77.8505
2015-11-25 09:00:00,77.59,77.59693
2017-02-18 22:00:00,77.07,77.16651
2020-07-02 06:00:00,77.66,77.79133
2018-03-10 14:00:00,77.65,77.47226
2016-11-17 00:00:00,77.34,77.24137
2017-08-22 15:00:00,78.21,78.146736
2020-12-18 19:00:00,77.13,77.1966
2018-05-08 03:00:00,77.59,77.69926
2017-12-31 15:00:00,77.09,77.36854
2014-07-09 07:00:00,77.68,77.81305
2019-08-14 02:00:00,77.9,77.90921
2018-11-26 03:00:00,77.23,77.253334
2017-02-12 15:00:00,77.12,77.21627
2017-01-23 11:00:00,77.16,77.214905
2020-03-31 00:00:00,77.12,77.23406
2019-11-22 06:00:00,77.16,77.248634
2016-07-20 04:00:00,77.59,77.84594
2016-01-25 05:00:00,77.27,77.212135
2020-04-25 13:00:00,77.13,77.21483
2017-09-01 12:00:00,77.7,77.71555
2020-08-20 09:00:00,77.8,77.88536
2018-11-12 07:00:00,77.35,77.27197
2019-05-23 16:00:00,77.79,77.425964
2017-08-02 07:00:00,78.06,77.90742
2016-02-25 07:00:00,77.32,77.31201
2015-07-06 07:00:00,77.51,77.727295
2020-12-22 21:00:00,77.1,77.34742
2016-06-06 12:00:00,77.8,77.75471
2020-09-13 21:00:00,77.91,77.73674
2014-10-12 23:00:00,77.33,77.48258
2015-07-05 20:00:00,77.53,77.69672
2019-06-10 16:00:00,77.75,77.74108
2014-09-16 14:00:00,77.77,77.76733
2014-10-09 09:00:00,77.37,77.38141
2014-07-27 07:00:00,77.76,77.84014
2020-06-20 01:00:00,77.79,77.8081
2020-09-07 05:00:00,77.99,77.87231
2017-02-20 09:00:00,77.09,77.14919
2014-12-18 00:00:00,77.49,77.27632
2016-12-03 12:00:00,77.27,77.21493
2020-09-04 17:00:00,78.08,77.7762
2018-01-28 18:00:00,77.12,77.189514
2019-10-28 04:00:00,77.26,77.30169
2016-09-09 15:00:00,77.84,77.84307
2016-12-08 09:00:00,77.26,77.22531
2018-04-13 06:00:00,77.49,77.52623
2017-04-06 05:00:00,77.18,77.385635
2016-10-12 01:00:00,77.88,77.63067
2015-12-16 05:00:00,77.68,77.40026
2019-04-23 08:00:00,77.47,77.48134
2019-04-12 17:00:00,77.43,77.303345
2015-12-08 18:00:00,77.62,77.40482
2014-09-08 06:00:00,77.72,77.82473
2019-04-22 13:00:00,77.47,77.50269
2016-04-13 06:00:00,77.47,77.453835
2020-02-08 18:00:00,77.18,77.16104
2018-06-06 11:00:00,77.79,77.788345
2019-06-27 17:00:00,77.92,77.914024
2018-02-09 14:00:00,77.04,77.31283
2014-07-07 13:00:00,77.79,77.78967
2017-08-11 11:00:00,78.01,77.903076
2020-06-16 17:00:00,77.76,77.800575
2019-05-16 07:00:00,77.18,77.30831
2015-06-12 18:00:00,77.78,77.77351
2015-09-30 15:00:00,77.51,77.56568
2020-05-22 18:00:00,77.71,77.385284
2016-01-30 19:00:00,77.65,77.36299
2014-10-22 21:00:00,77.67,77.403336
2019-03-14 23:00:00,77.12,77.17341
2019-11-18 11:00:00,77.22,77.32194
2019-02-04 23:00:00,77.24,77.19977
2020-05-06 09:00:00,77.24,77.279594
2015-12-18 19:00:00,77.63,77.36619
2018-09-10 13:00:00,77.67,77.69604
2015-08-02 10:00:00,77.98,77.962685
2020-07-31 10:00:00,78.39,77.93224
2016-12-01 00:00:00,77.29,77.24921
2018-12-13 22:00:00,77.24,77.25043
2017-03-22 22:00:00,77.13,77.22502
2017-10-19 14:00:00,77.36,77.43667
2016-07-03 12:00:00,78.09,77.886635
2017-09-06 04:00:00,77.87,77.82973
2014-06-23 14:00:00,77.9,77.76434
2016-04-06 05:00:00,77.3,77.26429
2019-08-06 12:00:00,77.88,77.8984
2015-02-11 11:00:00,77.19,77.20213
2017-06-23 05:00:00,77.9,77.77662
2018-09-26 03:00:00,77.49,77.525734
2015-08-03 17:00:00,77.88,77.91037
2018-07-17 22:00:00,77.65,77.851006
2017-07-12 17:00:00,77.72,77.86508
2019-09-12 09:00:00,77.62,77.83602
2016-07-25 15:00:00,77.68,77.91992
2020-05-24 14:00:00,77.7,77.48191
2019-12-13 08:00:00,77.09,77.18999
2017-04-14 14:00:00,77.28,77.30493
2015-03-10 10:00:00,77.18,77.18364
2019-11-17 02:00:00,77.16,77.28999
2018-11-28 04:00:00,77.22,77.26105
2017-01-24 23:00:00,77.14,77.19982
2016-12-30 06:00:00,77.36,77.23471
2018-12-26 14:00:00,77.16,77.19236
2020-05-24 18:00:00,77.7,77.47228
2014-08-09 06:00:00,77.94,77.85445
2018-08-31 20:00:00,78.13,77.962585
2019-07-10 00:00:00,77.48,77.79428
2019-01-24 15:00:00,77.09,77.148056
2018-04-06 06:00:00,77.51,77.50125
2018-07-01 09:00:00,78.06,78.03861
2020-10-30 15:00:00,77.36,77.330864
2016-02-23 07:00:00,77.34,77.26055
2017-05-30 14:00:00,77.65,77.73583
2017-10-29 07:00:00,77.27,77.393394
2016-08-20 02:00:00,78.02,78.01725
2020-02-28 05:00:00,77.36,77.23904
2020-02-24 11:00:00,77.29,77.17388
2016-04-26 18:00:00,77.55,77.57514
2017-08-30 13:00:00,77.62,77.852135
2020-10-08 06:00:00,77.49,77.39286
2016-12-16 09:00:00,77.23,77.231384
2020-09-16 07:00:00,77.83,77.85757
2020-03-05 16:00:00,77.3,77.16956
2019-04-23 02:00:00,77.47,77.502075
2016-12-30 10:00:00,77.36,77.2326
2018-06-13 04:00:00,77.85,77.800766
2015-05-11 12:00:00,77.53,77.66286
2015-11-05 03:00:00,77.28,77.28317
2014-05-16 12:00:00,77.53,77.613144
2019-03-18 04:00:00,77.13,77.18726
2016-01-05 12:00:00,77.39,77.43785
2020-04-09 03:00:00,77.15,77.18163
2018-06-01 14:00:00,77.79,77.815155
2016-02-05 14:00:00,77.47,77.262985
2015-12-01 05:00:00,77.74,77.43456
2016-10-10 16:00:00,78.03,77.515945
2014-09-21 16:00:00,77.71,77.59675
2014-11-27 08:00:00,77.72,77.29554
2017-12-06 22:00:00,77.13,77.18713
2019-04-16 19:00:00,77.32,77.32379
2020-06-30 14:00:00,77.76,77.90939
2015-10-24 17:00:00,77.3,77.4366
2017-06-21 15:00:00,77.85,77.8119
2018-11-10 04:00:00,77.37,77.326195
2016-03-24 16:00:00,77.34,77.374214
2015-11-19 03:00:00,77.73,77.63046
2017-06-07 15:00:00,77.79,77.77619
2015-11-04 07:00:00,77.28,77.27948
2015-06-19 00:00:00,77.77,77.76307
2015-04-05 02:00:00,77.33,77.24692
2020-10-11 17:00:00,77.47,77.556244
2017-12-21 13:00:00,77.11,77.42298
2017-10-03 07:00:00,77.71,77.84222
2017-06-30 08:00:00,77.86,77.80641
2019-10-05 00:00:00,78.12,77.78845
2017-05-06 16:00:00,77.31,77.48801
2014-11-14 12:00:00,77.3,77.226425
2020-07-26 16:00:00,77.98,77.82053
2016-10-02 05:00:00,77.83,77.728004
2018-04-26 07:00:00,77.8,77.57122
2019-07-31 11:00:00,77.85,77.89219
2017-11-01 06:00:00,77.25,77.24521
2017-10-17 16:00:00,77.39,77.45015
2015-08-23 05:00:00,77.96,77.91001
2019-08-31 18:00:00,77.76,77.71955
2017-04-18 04:00:00,77.4,77.44786
2015-10-27 03:00:00,77.29,77.31747
2020-08-29 12:00:00,77.95,77.96684
2017-06-23 17:00:00,77.89,77.79864
2020-03-22 03:00:00,77.2,77.21604
2020-12-28 03:00:00,77.13,77.43275
2017-03-24 17:00:00,77.13,77.24118
2020-02-13 13:00:00,77.19,77.29905
2014-02-12 14:00:00,77.19,77.1949
2016-06-23 18:00:00,77.78,77.78179
2017-01-18 20:00:00,77.17,77.19352
2018-05-09 12:00:00,77.59,77.74379
2018-03-04 20:00:00,77.26,77.393974
2017-09-22 23:00:00,77.44,77.63834
2019-10-05 09:00:00,78.05,77.790504
2016-11-19 11:00:00,77.34,77.46578
2014-07-18 14:00:00,78.01,78.127686
2016-12-18 15:00:00,77.22,77.26102
2015-01-23 00:00:00,77.26,77.1954
2019-08-06 00:00:00,77.85,77.86066
2017-07-02 23:00:00,77.86,77.89017
2017-05-07 05:00:00,77.25,77.2739
2016-06-19 15:00:00,77.82,77.83116
2019-02-26 14:00:00,77.16,77.16909
2020-04-03 03:00:00,77.12,77.166725
2017-08-18 12:00:00,77.91,77.8693
2017-07-28 22:00:00,77.63,77.85365
2020-08-20 13:00:00,77.88,77.87466
2019-10-16 10:00:00,77.39,77.53478
2017-08-11 03:00:00,78.03,77.93805
2016-06-08 11:00:00,77.81,77.74943
2016-05-03 05:00:00,77.69,77.6176
2017-01-11 05:00:00,77.22,77.21036
2016-05-22 03:00:00,77.69,77.71842
2016-01-05 09:00:00,77.39,77.28545
2019-01-02 18:00:00,77.14,77.19139
2017-02-08 02:00:00,77.15,77.17442
2016-07-22 06:00:00,77.57,77.863495
2020-08-18 04:00:00,77.77,77.83537
2018-05-22 13:00:00,77.88,77.76066
2016-07-01 23:00:00,77.89,78.00182
2019-07-26 00:00:00,77.83,77.89241
2019-08-11 03:00:00,77.94,77.83028
2016-02-15 22:00:00,77.45,77.22037
2020-01-04 08:00:00,77.09,77.171646
2014-06-21 20:00:00,77.77,77.77085
2020-01-27 06:00:00,77.18,77.18856
2020-04-27 10:00:00,77.09,77.16503
2018-05-30 08:00:00,77.82,77.78234
2015-03-16 18:00:00,77.24,77.156395
2014-01-24 21:00:00,77.23,77.16211
2018-05-22 20:00:00,77.88,77.74101
2014-04-22 00:00:00,77.36,77.27379
2018-09-11 21:00:00,77.62,77.6298
2015-03-16 00:00:00,77.22,77.165535
2016-10-19 14:00:00,77.87,77.55729
2020-07-07 07:00:00,77.5,77.80604
2018-10-11 09:00:00,77.68,77.7094
2018-10-14 15:00:00,77.54,77.4782
2019-07-14 11:00:00,77.71,77.82933
2015-10-03 06:00:00,77.83,77.45312
2017-07-11 23:00:00,77.75,77.9032
2016-09-12 09:00:00,77.94,77.77899
2018-08-05 12:00:00,77.91,77.958244
2014-10-14 14:00:00,77.31,77.47624
2020-07-27 16:00:00,77.93,77.82213
2015-01-14 02:00:00,77.33,77.19695
2015-07-30 20:00:00,77.98,77.9472
2018-01-11 21:00:00,77.07,77.2944
2019-12-11 18:00:00,77.09,77.25395
2019-06-27 13:00:00,77.93,77.90568
2019-07-09 12:00:00,77.49,77.78754
2020-11-08 10:00:00,77.32,77.34325
2015-07-19 15:00:00,77.66,77.82199
2015-12-30 09:00:00,77.46,77.27794
2015-10-13 11:00:00,77.44,77.35543
2019-05-16 00:00:00,77.19,77.31919
2016-01-07 20:00:00,77.36,77.32429
2014-06-13 22:00:00,77.8,77.76103
2020-07-20 11:00:00,77.61,77.863945
2016-10-11 02:00:00,77.98,77.574326
2017-05-15 20:00:00,77.36,77.39052
2018-08-03 22:00:00,77.89,77.88993
2014-04-11 16:00:00,77.12,77.32606
2019-02-09 15:00:00,77.15,77.15884
2017-03-04 13:00:00,77.22,77.25025
2020-10-23 18:00:00,77.42,77.35466
2016-09-02 19:00:00,77.86,78.089615
2020-03-07 21:00:00,77.29,77.201195
2018-10-05 19:00:00,77.47,77.6722
2019-07-10 07:00:00,77.47,77.7866
2017-10-18 13:00:00,77.38,77.445946
2018-08-09 03:00:00,77.88,77.9149
2019-04-25 02:00:00,77.48,77.51618
2018-11-07 09:00:00,77.26,77.32868
2016-09-18 21:00:00,78.24,77.892685
2020-01-21 06:00:00,77.18,77.20465
2020-04-03 05:00:00,77.12,77.16217
2018-06-04 19:00:00,77.75,77.81063
2014-05-06 21:00:00,77.48,77.49373
2019-10-03 20:00:00,78.47,78.00923
2014-09-01 18:00:00,77.74,77.72611
2015-12-27 06:00:00,77.52,77.44372
2019-01-12 15:00:00,77.14,77.21192
2014-07-21 06:00:00,78.1,77.8927
2014-01-10 01:00:00,77.27,77.17948
2016-12-08 20:00:00,77.25,77.20489
2019-01-24 12:00:00,77.09,77.163574
2014-02-21 13:00:00,77.15,77.23226
2018-05-02 03:00:00,77.64,77.6354
2019-02-02 02:00:00,77.09,77.19022
2020-10-10 14:00:00,77.49,77.48274
2018-08-06 01:00:00,77.89,77.923965
2020-06-01 21:00:00,77.54,77.60331
2018-09-25 20:00:00,77.49,77.56524
2017-05-07 10:00:00,77.23,77.29961
2014-04-29 17:00:00,77.64,77.527435
2017-04-11 21:00:00,77.22,77.32506
2015-06-21 06:00:00,77.8,78.07895
2015-07-05 04:00:00,77.57,77.73674
2014-02-01 02:00:00,77.23,77.19462
2014-01-14 11:00:00,77.24,77.16566
2018-03-28 07:00:00,77.61,77.555824
2018-12-13 03:00:00,77.25,77.279526
2020-02-09 08:00:00,77.18,77.16758
2019-05-12 08:00:00,77.35,77.275925
2014-03-17 12:00:00,77.44,77.44089
2015-07-29 09:00:00,77.99,77.91963
2015-10-21 22:00:00,77.32,77.486885
2016-11-20 12:00:00,77.33,77.44962
2015-02-21 10:00:00,77.17,77.15802
2017-06-05 11:00:00,77.72,77.75522
2018-05-24 16:00:00,77.93,77.78784
2020-08-01 09:00:00,78.23,77.85379
2016-04-21 19:00:00,77.64,77.56555
2019-08-08 06:00:00,77.86,77.88367
2015-07-01 04:00:00,77.77,77.75292
2020-05-21 11:00:00,77.73,77.3477
2014-08-23 07:00:00,77.89,77.85562
2018-11-09 13:00:00,77.37,77.35124
2018-06-18 14:00:00,77.78,77.82325
2019-11-12 18:00:00,77.21,77.31472
2017-02-14 14:00:00,77.09,77.22376
2019-03-05 05:00:00,77.13,77.2099
2015-12-01 19:00:00,77.72,77.55427
2020-03-20 07:00:00,77.21,77.199776
2018-09-07 21:00:00,77.83,77.855156
2019-06-14 18:00:00,77.73,77.69473
2016-06-25 03:00:00,78.05,77.99598
2020-01-11 21:00:00,77.36,77.180534
2015-09-06 04:00:00,77.94,77.84963
2018-05-26 18:00:00,77.93,77.79857
2018-11-30 11:00:00,77.21,77.23618
2018-08-26 22:00:00,78.43,78.196945
2019-09-12 11:00:00,77.61,77.819336
2014-06-12 20:00:00,77.9,77.77384
2019-03-28 18:00:00,77.11,77.28912
2016-07-21 07:00:00,77.54,77.872406
2014-11-22 08:00:00,77.23,77.235535
2016-11-26 19:00:00,77.3,77.238266
2020-07-31 06:00:00,78.39,77.90488
2019-01-05 20:00:00,77.14,77.186874
2015-08-13 07:00:00,77.96,77.894066
2020-11-23 05:00:00,77.33,77.23365
2016-09-23 14:00:00,77.78,77.6857
2016-06-17 01:00:00,77.77,77.79066
2014-10-11 06:00:00,77.34,77.4782
2020-10-20 03:00:00,77.4,77.343056
2014-10-08 14:00:00,77.37,77.436905
2019-05-20 05:00:00,77.57,77.41746
2017-05-08 02:00:00,77.21,77.3836
2014-12-13 02:00:00,77.49,77.31071
2017-11-21 01:00:00,77.16,77.26923
2015-05-02 00:00:00,77.62,77.59727
2020-09-13 01:00:00,77.86,77.77254
2015-03-21 18:00:00,77.41,77.245384
2020-02-01 06:00:00,77.26,77.1866
2020-08-18 22:00:00,77.73,77.85102
2019-08-30 03:00:00,77.78,77.83996
2014-06-27 13:00:00,77.75,77.7847
2015-07-15 16:00:00,77.87,77.84388
2020-03-23 23:00:00,77.19,77.16208
2015-03-24 05:00:00,77.32,77.18675
2015-04-27 12:00:00,77.34,77.39643
2017-04-17 08:00:00,77.36,77.42677
2018-03-07 18:00:00,77.43,77.37913
2017-08-13 19:00:00,78.03,77.867096
2020-12-20 01:00:00,77.12,77.10906
2019-12-06 02:00:00,77.14,77.20815
2020-01-19 22:00:00,77.2,77.200615
2018-03-08 18:00:00,77.59,77.371185
2019-07-13 09:00:00,77.68,77.77684
2016-09-16 19:00:00,77.71,77.85832
2015-04-12 14:00:00,77.4,77.208496
2018-04-17 06:00:00,77.54,77.45467
2018-02-08 21:00:00,77.04,77.17816
2015-08-10 02:00:00,78.06,77.88471
2014-07-04 04:00:00,77.83,77.80433
2014-09-09 06:00:00,77.77,77.88041
2014-03-05 18:00:00,77.17,77.14762
2018-08-23 16:00:00,77.91,77.964424
2019-07-16 11:00:00,77.83,77.8294
2020-07-01 06:00:00,77.72,77.76564
2020-04-09 08:00:00,77.15,77.166466
2018-11-05 08:00:00,77.28,77.25582
2016-10-24 21:00:00,77.62,77.659836
2015-01-19 08:00:00,77.28,77.14089
2015-11-04 05:00:00,77.29,77.27628
2015-02-16 17:00:00,77.19,77.23162
2016-12-11 08:00:00,77.24,77.18747
2014-07-02 11:00:00,77.69,77.74117
2018-10-18 14:00:00,77.43,77.362526
2017-10-29 14:00:00,77.27,77.46314
2020-03-29 21:00:00,77.16,77.205475
2016-12-22 19:00:00,77.33,77.41356
2016-11-01 07:00:00,77.55,77.36566
2015-05-24 20:00:00,77.79,77.74871
2017-03-18 06:00:00,77.11,77.20823
2018-11-07 13:00:00,77.26,77.37234
2014-01-30 02:00:00,77.22,77.15108
2014-08-27 18:00:00,77.97,77.884605
2019-08-24 12:00:00,77.96,77.77855
2020-06-08 02:00:00,77.75,77.7149
2016-08-16 18:00:00,78.1,77.95714
2017-02-04 14:00:00,77.14,77.15252
2014-11-21 15:00:00,77.24,77.25625
2017-06-09 08:00:00,77.63,77.75205
2016-01-08 13:00:00,77.36,77.386215
2018-05-02 16:00:00,77.63,77.68011
2016-01-18 16:00:00,77.3,77.25857
2019-02-09 23:00:00,77.14,77.17684
2018-02-06 06:00:00,77.04,77.19823
2017-07-01 11:00:00,77.9,77.83613
2017-10-06 11:00:00,77.57,77.5304
2014-12-09 06:00:00,77.53,77.296974
2018-10-12 05:00:00,77.63,77.50212
2014-07-14 20:00:00,77.66,77.85789
2014-02-02 16:00:00,77.24,77.304306
2020-04-24 06:00:00,77.14,77.186134
2020-07-25 15:00:00,78.05,77.874954
2015-01-06 19:00:00,77.39,77.20183
2018-12-18 14:00:00,77.22,77.243324
2020-07-18 05:00:00,77.75,77.806595
2014-02-25 09:00:00,77.15,77.17609
2014-12-03 10:00:00,77.67,77.278076
2016-09-25 19:00:00,77.63,77.714424
2014-04-15 00:00:00,77.21,77.21491
2014-04-13 02:00:00,77.2,77.307465
2020-04-29 10:00:00,77.06,77.157776
2016-12-13 23:00:00,77.24,77.32042
2019-09-18 04:00:00,77.39,77.68564
2020-02-19 04:00:00,77.25,77.168465
2014-04-16 07:00:00,77.27,77.31478
2018-01-30 10:00:00,77.12,77.22836
2014-04-02 00:00:00,77.38,77.348
2014-10-25 10:00:00,77.59,77.367966
2016-02-28 06:00:00,77.3,77.23806
2018-02-09 10:00:00,77.04,77.21537
2018-03-07 08:00:00,77.42,77.42856
2017-11-17 16:00:00,77.18,77.2193
2015-09-04 00:00:00,78.09,77.90663
2014-05-23 21:00:00,77.84,77.80543
2020-06-05 15:00:00,77.62,77.71594
2016-06-15 06:00:00,77.85,77.76653
2014-12-16 14:00:00,77.47,77.26216
2019-01-11 02:00:00,77.12,77.16494
2015-08-22 12:00:00,78.02,77.90484
2017-03-10 22:00:00,77.15,77.211365
2017-11-20 16:00:00,77.16,77.2177
2015-06-03 22:00:00,77.72,77.79086
2016-10-22 04:00:00,77.73,77.69978
2018-12-05 14:00:00,77.33,77.27408
2018-06-13 14:00:00,77.84,77.81221
2016-01-06 04:00:00,77.38,77.21894
2015-08-06 16:00:00,77.96,77.92482
2017-01-14 20:00:00,77.19,77.18845
2014-11-29 14:00:00,77.66,77.52102
2019-11-24 15:00:00,77.15,77.303116
2015-09-15 20:00:00,77.75,77.65988
2018-11-01 10:00:00,77.3,77.27736
2019-11-25 21:00:00,77.14,77.27306
2020-10-16 10:00:00,77.42,77.38856
2015-08-15 07:00:00,77.91,77.893364
2020-08-31 13:00:00,77.87,77.92164
2017-07-23 15:00:00,77.78,77.8965
2017-09-23 13:00:00,77.36,77.64202
2015-09-22 18:00:00,77.63,77.703316
2020-01-03 03:00:00,77.09,77.18662
2018-12-17 14:00:00,77.22,77.2914
2018-03-31 04:00:00,77.49,77.593575
2016-10-24 06:00:00,77.65,77.74154
2016-06-15 14:00:00,77.84,77.75288
2015-10-14 07:00:00,77.44,77.44974
2018-08-22 10:00:00,77.92,77.92847
2016-04-29 11:00:00,77.9,77.62053
2019-10-15 14:00:00,77.4,77.64039
2016-02-15 10:00:00,77.45,77.23781
2018-08-27 01:00:00,78.46,78.12929
2018-04-10 19:00:00,77.59,77.59108
2016-02-17 20:00:00,77.42,77.309326
2020-11-16 12:00:00,77.27,77.29999
2016-11-18 10:00:00,77.32,77.2733
2019-07-11 18:00:00,77.64,77.882
2017-09-22 22:00:00,77.44,77.63079
2014-02-17 01:00:00,77.17,77.18863
2019-04-06 23:00:00,77.15,77.253174
2019-08-08 19:00:00,77.87,77.87097
2015-05-16 01:00:00,77.51,77.651505
2017-03-29 07:00:00,77.17,77.26392
2020-11-19 08:00:00,77.31,77.45247
2015-11-28 00:00:00,77.7,77.47992
2019-03-19 20:00:00,77.12,77.1975
2019-11-07 10:00:00,77.21,77.30354
2016-01-19 02:00:00,77.29,77.23823
2018-12-25 06:00:00,77.17,77.199814
2020-07-06 14:00:00,77.54,77.78723
2019-02-18 15:00:00,77.08,77.15802
2017-12-30 23:00:00,77.09,77.35314
2018-07-22 15:00:00,78.0,77.895195
2014-01-03 18:00:00,77.32,77.14756
2018-01-10 17:00:00,77.09,77.32732
2015-09-27 01:00:00,77.59,77.74085
2017-11-29 17:00:00,77.15,77.33837
2019-08-31 21:00:00,77.75,77.717354
2020-06-19 09:00:00,77.84,77.83257
2018-03-11 10:00:00,77.61,77.55186
2019-02-13 03:00:00,77.11,77.18126
2018-05-30 02:00:00,77.8,77.783325
2015-09-12 20:00:00,77.72,77.8351
2017-06-14 19:00:00,77.8,77.76069
2016-05-20 06:00:00,77.76,77.67238
2020-09-15 13:00:00,77.87,77.77309
2018-12-24 16:00:00,77.18,77.19291
2019-01-16 06:00:00,77.12,77.18115
2019-07-20 08:00:00,77.91,77.94659
2019-11-21 18:00:00,77.17,77.25397
2016-12-30 20:00:00,77.35,77.210304
2015-08-31 02:00:00,77.84,77.80176
2017-08-30 23:00:00,77.6,77.78844
2018-03-05 01:00:00,77.28,77.42837
2017-02-06 19:00:00,77.15,77.186005
2017-03-15 23:00:00,77.12,77.212265
2017-04-05 18:00:00,77.14,77.289375
2014-05-03 07:00:00,77.54,77.56494
2018-11-02 16:00:00,77.3,77.26985
2017-04-30 22:00:00,77.14,77.38614
2018-02-25 02:00:00,77.12,77.30067
2014-11-18 09:00:00,77.26,77.22668
2020-09-20 02:00:00,77.73,77.5673
2016-09-14 09:00:00,77.83,77.77452
2018-10-28 16:00:00,77.34,77.307365
2014-05-02 03:00:00,77.59,77.59873
2014-03-26 08:00:00,77.45,77.37702
2017-12-11 02:00:00,77.13,77.306984
2018-12-22 01:00:00,77.19,77.23906
2019-05-25 10:00:00,77.74,77.46275
2019-10-01 19:00:00,77.92,77.71519
2017-06-09 10:00:00,77.67,77.748276
2016-04-22 13:00:00,77.65,77.636795
2020-09-18 16:00:00,77.78,77.64501
2018-08-06 22:00:00,77.89,77.96434
2018-11-27 15:00:00,77.22,77.20828
2015-02-10 12:00:00,77.2,77.16713
2015-07-12 19:00:00,78.12,78.07353
2016-07-19 23:00:00,77.58,77.843
2015-07-08 22:00:00,77.75,77.774895
2015-12-18 04:00:00,77.65,77.29074
2017-03-31 11:00:00,77.16,77.32933
2018-02-20 23:00:00,77.12,77.23393
2014-11-30 22:00:00,77.68,77.47993
2015-10-15 07:00:00,77.42,77.42018
2015-03-07 20:00:00,77.17,77.151405
2014-09-27 14:00:00,77.81,77.708496
2016-07-08 15:00:00,77.95,77.83735
2017-04-09 10:00:00,77.14,77.374695
2020-05-24 04:00:00,77.7,77.423904
2014-07-26 23:00:00,77.77,77.900116
2019-06-20 20:00:00,77.75,77.76769
2020-03-16 08:00:00,77.25,77.16724
2016-10-16 00:00:00,77.63,77.49788
2017-10-17 09:00:00,77.41,77.44313
2019-09-27 14:00:00,77.62,77.66007
2020-09-25 19:00:00,77.65,77.73653
2017-10-26 21:00:00,77.28,77.32617
2016-07-13 19:00:00,77.71,77.84698
2015-06-08 03:00:00,77.75,77.73889
2020-05-08 18:00:00,77.29,77.23151
2020-01-17 00:00:00,77.24,77.16829
2015-11-07 15:00:00,77.3,77.41151
2015-10-14 20:00:00,77.42,77.58753
2016-10-22 23:00:00,77.69,77.66758
2015-01-17 17:00:00,77.29,77.16845
2019-01-06 07:00:00,77.14,77.19064
2014-06-30 12:00:00,77.69,77.74598
2015-05-31 08:00:00,77.74,77.791214
2015-09-15 01:00:00,77.71,77.55997
2014-11-23 14:00:00,77.22,77.2796
2015-07-24 05:00:00,77.77,77.9174
2014-02-18 19:00:00,77.16,77.18973
2016-12-02 15:00:00,77.28,77.2403
2020-04-17 14:00:00,77.23,77.31624
2019-05-02 06:00:00,77.51,77.29199
2016-03-24 21:00:00,77.33,77.48028
2017-08-09 04:00:00,77.93,77.8897
2015-01-27 15:00:00,77.26,77.18963
2016-05-25 18:00:00,77.91,77.75228
2017-09-19 04:00:00,77.54,77.718575
2018-11-06 21:00:00,77.26,77.31592
2017-12-11 03:00:00,77.13,77.283356
2019-09-21 18:00:00,77.38,77.740715
2020-12-09 01:00:00,77.17,77.13695
2018-06-16 12:00:00,77.66,77.781944
2019-12-10 01:00:00,77.1,77.20622
2015-03-18 01:00:00,77.21,77.22463
2018-04-17 08:00:00,77.54,77.4569
2014-05-18 09:00:00,77.62,77.68367
2017-01-24 16:00:00,77.15,77.18202
2016-07-30 07:00:00,78.04,77.96129
2019-03-24 06:00:00,77.16,77.16764
2016-12-27 11:00:00,77.38,77.32545
2015-12-17 08:00:00,77.66,77.31443
2018-05-07 13:00:00,77.51,77.71156
2015-06-27 06:00:00,77.78,77.780754
2020-07-11 19:00:00,77.83,77.82914
2014-12-15 03:00:00,77.47,77.254776
2014-10-16 15:00:00,77.3,77.3454
2014-07-15 00:00:00,77.66,77.8658
2016-12-08 07:00:00,77.26,77.211464
2018-05-05 12:00:00,77.48,77.70562
2015-03-17 18:00:00,77.21,77.21221
2018-05-12 04:00:00,77.53,77.6531
2017-03-17 01:00:00,77.11,77.197426
2017-08-05 17:00:00,77.93,77.927605
2016-01-01 04:00:00,77.44,77.40589
2020-04-17 05:00:00,77.17,77.18338
2016-04-18 02:00:00,77.62,77.454056
2018-09-19 09:00:00,77.6,77.66989
2020-02-05 02:00:00,77.22,77.17321
2014-08-18 02:00:00,77.97,77.98144
2020-01-31 00:00:00,77.27,77.19375
2020-01-23 08:00:00,77.2,77.21038
2019-12-12 01:00:00,77.09,77.20977
2020-10-24 01:00:00,77.42,77.36188
2020-01-07 20:00:00,77.29,77.26313
2014-04-03 20:00:00,77.34,77.20572
2017-02-03 00:00:00,77.14,77.173004
2018-01-27 12:00:00,77.14,77.22173
2016-03-22 16:00:00,77.37,77.373634
2018-05-01 02:00:00,77.66,77.66646
2016-05-31 18:00:00,77.81,77.73868
2020-07-05 12:00:00,77.58,77.78966
2015-07-30 09:00:00,77.98,77.94632
2020-08-07 10:00:00,78.23,77.90709
2015-08-09 08:00:00,78.1,77.938736
2020-01-09 06:00:00,77.42,77.24127
2017-12-15 13:00:00,77.1,77.20098
2015-06-06 05:00:00,77.74,77.769775
2020-04-12 15:00:00,77.13,77.33252
2016-04-11 09:00:00,77.57,77.47521
2014-11-24 10:00:00,77.23,77.290276
2018-04-24 12:00:00,77.77,77.555435
2020-02-14 00:00:00,77.18,77.241844
2018-12-11 16:00:00,77.27,77.18734
2017-08-14 09:00:00,78.06,77.97713
2017-04-24 07:00:00,77.25,77.28958
2020-05-28 12:00:00,77.66,77.50683
2016-07-17 11:00:00,77.62,77.876884
2015-06-27 14:00:00,77.76,77.7492
2015-09-04 09:00:00,78.05,77.93367
2017-08-16 10:00:00,78.08,77.91426
2017-05-22 15:00:00,77.84,77.56954
2014-11-01 19:00:00,77.48,77.4007
2015-10-19 03:00:00,77.35,77.40039
2019-10-14 12:00:00,77.42,77.47468
2018-06-01 02:00:00,77.8,77.78594
2017-12-24 20:00:00,77.15,77.5171
2019-03-14 17:00:00,77.13,77.14582
2018-08-13 09:00:00,77.93,77.96976
2014-11-03 20:00:00,77.46,77.30921
2016-05-18 09:00:00,77.57,77.638535
2015-05-05 10:00:00,77.56,77.43586
2018-09-05 07:00:00,78.12,77.87338
2019-11-25 08:00:00,77.14,77.25053
2018-10-09 13:00:00,77.84,77.516884
2017-03-13 04:00:00,77.15,77.15412
2020-03-17 14:00:00,77.25,77.151566
2014-11-09 18:00:00,77.37,77.27076
2018-03-31 17:00:00,77.48,77.6868
2018-10-09 15:00:00,77.84,77.526146
2015-11-21 14:00:00,77.72,77.524536
2019-09-29 11:00:00,77.56,77.79414
2015-06-11 12:00:00,77.77,77.74759
2016-02-22 08:00:00,77.34,77.33239
2019-07-13 05:00:00,77.68,77.77907
2017-09-05 08:00:00,77.88,77.76544
2020-02-01 23:00:00,77.25,77.168274
2018-09-04 00:00:00,77.83,77.97533
2019-06-11 12:00:00,77.72,77.72329
2019-02-19 08:00:00,77.1,77.185295
2019-04-04 06:00:00,76.94,77.17552
2018-02-03 11:00:00,77.06,77.24486
2017-09-30 17:00:00,77.34,77.50782
2014-01-12 12:00:00,77.26,77.17637
2016-02-12 05:00:00,77.33,77.333855
2014-12-26 10:00:00,77.5,77.24576
2016-01-06 16:00:00,77.37,77.27776
2019-01-22 06:00:00,77.1,77.16327
2020-10-21 00:00:00,77.4,77.34431
2015-03-11 16:00:00,77.17,77.15217
2019-10-26 05:00:00,77.27,77.47565
2019-07-17 07:00:00,77.84,77.79594
2018-06-28 11:00:00,78.1,78.11575
2018-10-21 05:00:00,77.38,77.33544
2018-02-18 06:00:00,77.12,77.218925
2019-08-05 04:00:00,77.8,77.85104
2018-07-16 01:00:00,77.51,77.85561
2016-05-16 01:00:00,77.49,77.644936
2016-11-16 20:00:00,77.34,77.25655
2017-12-25 06:00:00,77.16,77.62249
2015-07-09 22:00:00,78.05,77.89282
2016-04-06 07:00:00,77.3,77.25861
2015-05-29 20:00:00,77.72,77.764435
2015-11-24 09:00:00,77.61,77.56864
2020-10-07 23:00:00,77.49,77.41994
2015-03-26 20:00:00,77.29,77.23662
2018-09-13 15:00:00,77.61,77.79665
2015-06-30 23:00:00,77.75,77.76623
2015-02-09 13:00:00,77.23,77.18256
2014-01-17 23:00:00,77.24,77.170265
2018-02-08 13:00:00,77.04,77.22169
2019-03-01 12:00:00,77.15,77.168175
2017-03-12 00:00:00,77.15,77.187004
2018-07-04 12:00:00,78.05,77.91286
2017-05-02 20:00:00,77.2,77.34446
2015-02-26 05:00:00,77.2,77.1597
2014-01-22 01:00:00,77.25,77.1763
2017-04-25 14:00:00,77.24,77.36638
2016-03-06 07:00:00,77.7,77.74198
2020-11-16 08:00:00,77.27,77.2816
2014-03-10 08:00:00,77.14,77.20185
2018-05-14 19:00:00,77.62,77.707146
2017-09-09 23:00:00,77.82,77.71566
2019-08-26 22:00:00,77.77,77.779305
2019-09-27 07:00:00,77.63,77.63145
2014-02-28 20:00:00,77.17,77.22909
2018-06-29 18:00:00,78.02,77.846634
2015-12-19 12:00:00,77.62,77.53869
2018-04-21 15:00:00,77.45,77.51115
2020-07-31 16:00:00,78.36,78.01498
2016-08-04 02:00:00,78.06,77.91963
2018-02-20 16:00:00,77.13,77.22852
2018-02-16 06:00:00,77.12,77.24028
2018-05-14 09:00:00,77.63,77.6768
2014-04-23 07:00:00,77.37,77.24322
2016-04-26 12:00:00,77.56,77.517715
2014-03-25 12:00:00,77.32,77.33251
2016-03-20 03:00:00,77.4,77.51797
2017-08-15 03:00:00,78.14,78.13544
2016-01-21 07:00:00,77.3,77.20094
2019-10-08 12:00:00,77.69,77.65845
2019-05-14 13:00:00,77.36,77.354225
2018-08-06 05:00:00,77.9,77.955475
2014-10-22 23:00:00,77.67,77.36685
2020-08-01 08:00:00,78.23,77.84661
2016-12-31 18:00:00,77.33,77.25766
2015-06-29 18:00:00,77.71,77.73591
2017-07-29 01:00:00,77.63,77.853455
2016-08-15 14:00:00,78.08,78.05533
2018-08-24 18:00:00,78.21,78.12585
2020-04-23 08:00:00,77.17,77.19537
2018-05-11 20:00:00,77.52,77.710686
2015-01-11 09:00:00,77.35,77.1737
2019-02-09 22:00:00,77.14,77.16604
2014-06-22 17:00:00,77.77,77.76816
2016-02-08 11:00:00,77.4,77.23352
2019-11-19 05:00:00,77.22,77.26312
2019-09-29 04:00:00,77.57,77.777695
2015-03-07 07:00:00,77.19,77.159485
2018-09-25 07:00:00,77.51,77.54227
2020-03-21 14:00:00,77.21,77.2456
2015-08-29 05:00:00,77.81,77.84973
2016-03-11 05:00:00,77.61,77.34671
2018-03-20 05:00:00,77.84,77.539276
2018-12-31 00:00:00,77.13,77.20085
2018-10-02 01:00:00,77.39,77.72338
2020-01-06 03:00:00,77.09,77.19079
2020-04-07 11:00:00,77.16,77.166214
2020-11-21 14:00:00,77.38,77.243324
2014-08-22 19:00:00,77.94,77.84371
2019-02-03 02:00:00,77.1,77.17056
2017-05-11 22:00:00,77.32,77.45817
2014-03-26 04:00:00,77.41,77.37057
2018-09-14 10:00:00,77.61,77.87174
2016-06-10 23:00:00,77.81,77.762924
2018-04-16 13:00:00,77.54,77.56752
2015-12-23 13:00:00,77.58,77.66022
2016-11-22 16:00:00,77.32,77.30413
2018-12-21 20:00:00,77.19,77.29143
2017-09-22 03:00:00,77.47,77.579575
2014-03-27 18:00:00,77.55,77.36904
2014-08-17 00:00:00,77.87,77.975235
2015-06-05 20:00:00,77.73,77.74753
2018-04-05 16:00:00,77.41,77.58862
2019-10-29 20:00:00,77.24,77.34129
2016-02-24 16:00:00,77.33,77.27905
2015-09-25 06:00:00,77.69,77.783264
2018-12-02 17:00:00,77.21,77.24914
2014-05-10 15:00:00,77.47,77.541115
2019-02-23 06:00:00,77.17,77.16656
2015-09-11 12:00:00,77.62,77.670006
2014-07-05 15:00:00,77.78,77.77577
2015-11-14 16:00:00,77.64,77.49615
2018-02-24 17:00:00,77.12,77.341606
2015-11-23 20:00:00,77.63,77.51592
2020-11-24 19:00:00,77.29,77.24839
2018-03-15 09:00:00,77.52,77.491714
2016-01-01 12:00:00,77.43,77.46704
2018-09-24 01:00:00,77.55,77.63386
2014-11-21 08:00:00,77.24,77.21471
2015-06-08 23:00:00,77.79,77.75191
2019-05-17 09:00:00,77.21,77.32801
2019-02-26 19:00:00,77.15,77.16563
2015-10-24 07:00:00,77.31,77.41141
2020-11-28 03:00:00,77.23,77.21887
2019-02-26 08:00:00,77.16,77.17842
2019-10-06 22:00:00,77.8,77.67608
2019-03-08 03:00:00,77.12,77.19173
2014-07-13 04:00:00,77.5,77.86562
2019-10-31 19:00:00,77.23,77.39142
2014-07-06 22:00:00,77.8,77.806694
2017-09-24 17:00:00,77.27,77.72766
2019-07-01 18:00:00,77.83,77.83484
2020-08-06 19:00:00,78.23,78.08633
2014-10-10 15:00:00,77.35,77.52754
2020-12-30 16:00:00,77.17,77.266945
2015-10-15 15:00:00,77.41,77.44482
2018-11-27 01:00:00,77.22,77.222015
2018-06-15 15:00:00,77.75,77.80125
2020-09-15 04:00:00,77.87,77.75602
2016-09-04 16:00:00,77.8,77.957344
2015-11-28 06:00:00,77.74,77.46744
2015-09-06 05:00:00,77.94,77.85159
2017-12-03 21:00:00,77.13,77.22002
2014-12-19 03:00:00,77.47,77.20742
2015-03-12 17:00:00,77.17,77.132225
2018-09-23 20:00:00,77.56,77.59854
2015-04-04 08:00:00,77.24,77.24066
2018-12-27 01:00:00,77.16,77.1886
2014-11-10 03:00:00,77.36,77.28509
2018-07-10 13:00:00,77.56,77.79393
2020-08-01 07:00:00,78.24,77.83822
2016-01-09 20:00:00,77.33,77.27235
2017-10-04 23:00:00,77.64,77.68196
2014-04-17 02:00:00,77.29,77.27462
2017-01-09 10:00:00,77.24,77.26438
2016-10-06 01:00:00,78.27,78.073746
2016-01-01 05:00:00,77.44,77.39596
2014-08-30 01:00:00,77.81,77.78742
2017-03-03 15:00:00,77.23,77.23358
2017-03-23 23:00:00,77.13,77.21229
2017-01-12 13:00:00,77.22,77.17612
2018-11-26 02:00:00,77.23,77.24658
2016-06-17 16:00:00,77.78,77.801476
2016-11-30 03:00:00,77.29,77.23798
2019-04-21 19:00:00,77.47,77.53264
2016-05-24 12:00:00,77.82,77.78801
2016-12-25 07:00:00,77.32,77.20916
2014-05-25 10:00:00,77.84,77.75963
2014-08-02 16:00:00,77.78,77.86279
2017-11-04 15:00:00,77.23,77.39663
2018-10-09 20:00:00,77.82,77.57353
2017-07-19 16:00:00,78.07,77.87445
2018-09-10 04:00:00,77.69,77.64895
2020-12-22 11:00:00,77.11,77.29612
2014-05-28 17:00:00,77.83,77.74764
2016-12-14 22:00:00,77.23,77.23005
2019-03-06 19:00:00,77.13,77.18002
2014-02-05 03:00:00,77.21,77.16122
2015-07-07 14:00:00,77.63,77.71741
2019-02-11 04:00:00,77.13,77.159424
2020-06-11 01:00:00,77.67,77.69734
2015-03-30 12:00:00,77.25,77.23717
2019-09-29 20:00:00,77.54,77.75084
2018-09-29 10:00:00,77.44,77.625465
2019-11-09 04:00:00,77.2,77.26479
2017-04-06 20:00:00,77.24,77.45317
2017-07-20 07:00:00,77.98,77.88003
2015-03-16 01:00:00,77.22,77.16572
2017-01-27 22:00:00,77.14,77.17808
2020-12-25 10:00:00,77.11,77.27261
2014-09-09 20:00:00,77.79,77.87984
2014-05-02 19:00:00,77.56,77.59589
2014-03-11 00:00:00,77.14,77.31554
2019-11-21 07:00:00,77.17,77.22197
2014-09-02 13:00:00,77.74,77.72898
2015-02-25 19:00:00,77.18,77.15782
2016-07-13 16:00:00,77.73,77.870285
2019-03-03 17:00:00,77.15,77.204285
2014-11-24 03:00:00,77.22,77.26671
2016-02-27 21:00:00,77.29,77.24658
2018-12-19 19:00:00,77.21,77.27646
2020-02-01 03:00:00,77.26,77.19931
2017-05-21 23:00:00,77.77,77.54971
2019-02-28 14:00:00,77.17,77.21242
2017-12-05 08:00:00,77.13,77.16525
2018-04-23 02:00:00,77.47,77.51115
2020-05-30 18:00:00,77.64,77.565956
2017-06-08 05:00:00,77.78,77.778275
2014-03-06 18:00:00,77.16,77.17295
2016-10-23 10:00:00,77.67,77.69107
2020-06-18 08:00:00,77.7,77.767525
2020-10-06 19:00:00,77.51,77.40698
2014-12-01 07:00:00,77.7,77.5084
2015-08-26 05:00:00,77.96,77.94267
2014-11-26 14:00:00,77.77,77.32669
2015-07-04 22:00:00,77.58,77.711395
2014-09-01 17:00:00,77.74,77.73326
2016-07-13 13:00:00,77.73,77.87625
2017-07-30 20:00:00,77.81,77.91486
2019-06-03 05:00:00,77.72,77.64488
2015-09-14 00:00:00,77.74,77.57636
2014-05-30 11:00:00,77.8,77.812515
2019-06-28 02:00:00,77.87,77.80132
2015-10-03 21:00:00,77.78,77.58367
2018-08-16 07:00:00,77.93,77.98756
2014-05-05 12:00:00,77.52,77.40257
2018-10-08 20:00:00,77.92,77.67651
2019-10-25 02:00:00,77.28,77.458176
2019-05-29 21:00:00,77.68,77.598236
2018-04-20 04:00:00,77.45,77.37299
2018-07-08 23:00:00,77.6,77.80362
2015-01-17 10:00:00,77.29,77.17686
2020-05-05 05:00:00,77.14,77.38651
2019-02-12 01:00:00,77.12,77.20129
2019-04-18 03:00:00,77.4,77.40505
2014-02-06 10:00:00,77.2,77.14494
2014-04-19 18:00:00,77.37,77.291725
2019-05-16 10:00:00,77.18,77.33515
2017-08-23 14:00:00,78.22,77.90507
2015-09-13 01:00:00,77.73,77.788124
2019-10-02 11:00:00,78.17,77.8129
2015-09-17 23:00:00,77.75,77.73224
2014-01-18 16:00:00,77.25,77.15118
2020-10-01 20:00:00,77.59,77.62984
2017-08-21 07:00:00,78.06,78.08656
2019-06-18 08:00:00,77.73,77.75069
2019-07-29 05:00:00,78.08,77.91692
2018-01-15 15:00:00,77.06,77.352936
2019-01-26 16:00:00,77.08,77.16155
2016-11-09 17:00:00,77.45,77.24208
2018-08-11 15:00:00,77.93,77.927444
2014-06-03 07:00:00,77.83,77.75244
2019-06-12 03:00:00,77.71,77.737976
2018-05-10 16:00:00,77.53,77.71845
2019-05-24 04:00:00,77.8,77.39678
2020-12-09 04:00:00,77.17,77.121284
2017-12-27 06:00:00,77.14,77.255806
2015-08-15 12:00:00,77.9,77.9348
2018-04-23 17:00:00,77.57,77.49168
2016-01-27 18:00:00,77.26,77.216385
2020-10-28 13:00:00,77.38,77.41361
2020-01-01 08:00:00,77.11,77.174995
2014-01-17 05:00:00,77.25,77.1552
2016-04-14 11:00:00,77.45,77.54475
2015-05-26 11:00:00,77.77,77.79018
2017-11-25 07:00:00,77.15,77.23202
2018-04-21 23:00:00,77.46,77.489914
2018-10-19 08:00:00,77.41,77.36927
2015-11-11 06:00:00,77.44,77.31383
2014-08-25 00:00:00,77.79,77.94592
2014-05-01 18:00:00,77.61,77.58976
2014-08-18 06:00:00,78.06,77.99579
2019-08-30 07:00:00,77.78,77.82698
2014-12-04 04:00:00,77.64,77.2962
2014-04-29 03:00:00,77.58,77.536316
2014-01-11 17:00:00,77.26,77.18213
2019-07-23 15:00:00,78.02,77.87481
2020-10-16 20:00:00,77.42,77.34639
2015-05-16 02:00:00,77.51,77.65608
2017-05-11 01:00:00,77.34,77.45122
2019-06-29 05:00:00,77.75,77.77655
2017-04-07 05:00:00,77.25,77.380356
2019-04-24 20:00:00,77.44,77.515656
2016-06-10 06:00:00,77.8,77.7733
2018-03-21 21:00:00,77.85,77.461334
2018-07-10 16:00:00,77.56,77.80957
2020-04-15 17:00:00,77.17,77.18322
2019-10-22 13:00:00,77.3,77.445114
2018-08-02 15:00:00,77.9,77.88978
2014-10-21 19:00:00,77.36,77.70946
2014-01-16 21:00:00,77.25,77.16353
2016-09-19 13:00:00,78.14,77.79678
2016-11-01 20:00:00,77.54,77.30837
2014-02-18 16:00:00,77.17,77.2013
2018-03-06 13:00:00,77.41,77.50284
2014-12-21 07:00:00,77.52,77.25359
2020-05-03 08:00:00,77.08,77.37904
2015-09-28 06:00:00,77.58,77.6327
2019-05-28 07:00:00,77.79,77.53518
2018-11-21 10:00:00,77.24,77.23833
2017-03-15 00:00:00,77.13,77.261536
2015-10-29 23:00:00,77.36,77.3412
2018-12-02 13:00:00,77.21,77.24694
2017-03-02 11:00:00,77.24,77.231926
2014-06-18 10:00:00,77.77,77.76805
2016-07-05 19:00:00,78.01,77.865295
2018-03-09 01:00:00,77.62,77.36012
2019-11-06 14:00:00,77.22,77.30255
2018-12-10 16:00:00,77.27,77.16972
2015-04-02 04:00:00,77.23,77.26472
2020-07-07 15:00:00,77.5,77.82676
2016-04-16 07:00:00,77.45,77.397415
2016-10-28 16:00:00,77.6,77.52779
2017-11-05 01:00:00,77.22,77.30978
2017-02-24 05:00:00,77.32,77.19978
2014-07-03 13:00:00,77.83,77.82391
2020-08-20 03:00:00,77.76,77.91451
2018-09-25 14:00:00,77.51,77.545296
2014-03-13 14:00:00,77.39,77.281136
2015-06-03 23:00:00,77.71,77.79191
2017-10-18 16:00:00,77.38,77.47676
2019-10-13 12:00:00,77.44,77.50696
2020-12-22 14:00:00,77.11,77.21497
2018-08-25 22:00:00,78.01,77.86436
2020-10-26 23:00:00,77.37,77.35814
2018-01-27 11:00:00,77.15,77.21264
2014-05-01 05:00:00,77.63,77.59565
2016-03-03 08:00:00,77.3,77.18577
2019-09-24 09:00:00,77.93,77.64421
2015-07-12 12:00:00,77.99,77.94948
2015-03-29 12:00:00,77.26,77.204216
2018-12-27 17:00:00,77.15,77.17119
2016-10-25 19:00:00,77.61,77.74079
2016-07-24 23:00:00,77.62,77.91092
2014-11-29 03:00:00,77.68,77.60822
2014-05-13 06:00:00,77.51,77.635796
2015-03-31 19:00:00,77.24,77.31152
2015-10-25 05:00:00,77.3,77.452896
2018-04-30 17:00:00,77.67,77.67793
2014-10-11 16:00:00,77.33,77.47446
2020-09-18 23:00:00,77.76,77.661476
2017-01-05 02:00:00,77.28,77.23376
2019-09-18 23:00:00,77.37,77.663635
2017-02-24 00:00:00,77.31,77.19877
2018-08-20 14:00:00,77.9,77.83373
2017-01-24 08:00:00,77.16,77.19247
2018-04-18 07:00:00,77.53,77.4243
2016-12-02 13:00:00,77.29,77.26115
2018-10-27 02:00:00,77.33,77.4005
2019-01-03 13:00:00,77.14,77.20444
2020-11-14 21:00:00,77.27,77.300316
2018-02-21 14:00:00,77.12,77.20696
2018-05-21 19:00:00,77.83,77.75878
2018-11-16 20:00:00,77.3,77.26113
2016-05-29 05:00:00,77.87,77.745895
2016-11-14 17:00:00,77.36,77.49867
2017-08-03 02:00:00,78.03,77.90092
2018-06-11 22:00:00,77.82,77.83173
2014-06-27 01:00:00,77.75,77.759094
2014-11-11 09:00:00,77.34,77.25893
2017-11-11 02:00:00,77.2,77.24808
2019-07-29 14:00:00,78.02,77.869
2015-11-04 19:00:00,77.28,77.32745
2015-03-17 21:00:00,77.2,77.18364
2017-02-01 02:00:00,77.17,77.158875
2017-01-07 05:00:00,77.27,77.21278
2018-05-15 22:00:00,77.51,77.6412
2019-11-27 05:00:00,77.14,77.22603
2016-06-01 03:00:00,77.81,77.71132
2019-07-10 15:00:00,77.47,77.83499
2017-06-16 04:00:00,77.91,77.77867
2016-12-01 03:00:00,77.29,77.30627
2020-04-03 20:00:00,77.11,77.13508
2017-04-06 17:00:00,77.24,77.44709
2020-02-28 09:00:00,77.36,77.23391
2015-09-16 21:00:00,77.75,77.56571
2016-06-28 07:00:00,77.79,77.783646
2017-03-21 05:00:00,77.13,77.25667
2016-07-27 03:00:00,77.77,77.90772
2019-06-26 12:00:00,77.76,77.80257
2015-04-30 03:00:00,77.62,77.51963
2017-12-17 18:00:00,77.1,77.21075
2020-10-05 03:00:00,77.55,77.48564
2020-09-30 10:00:00,77.62,77.634094
2019-12-14 06:00:00,77.14,77.19374
2019-06-14 15:00:00,77.72,77.72326
2017-09-12 09:00:00,78.14,78.04027
2020-01-30 17:00:00,77.27,77.20478
2015-06-22 22:00:00,77.81,77.78337
2019-11-25 19:00:00,77.14,77.27485
2017-09-09 21:00:00,77.83,77.71559
2017-09-26 22:00:00,77.34,77.79536
2017-05-18 05:00:00,77.33,77.47577
2018-09-07 18:00:00,77.84,77.88653
2017-08-06 20:00:00,77.84,77.900955
2015-03-15 15:00:00,77.21,77.15299
2020-12-14 03:00:00,77.17,77.04696
2017-04-05 20:00:00,77.14,77.31523
2017-07-25 13:00:00,77.76,78.028114
2014-01-13 21:00:00,77.25,77.1663
2016-06-17 08:00:00,77.77,77.8084
2017-01-23 21:00:00,77.15,77.201065
2018-05-09 13:00:00,77.58,77.740845
2020-09-21 03:00:00,77.72,77.52112
2014-07-18 15:00:00,78.02,78.12954
2020-01-02 07:00:00,77.1,77.181854
2019-12-21 05:00:00,77.13,77.19565
2015-03-29 17:00:00,77.26,77.22043
2015-04-17 00:00:00,77.38,77.201836
2014-05-15 01:00:00,77.55,77.59306
2014-07-15 01:00:00,77.66,77.86929
2014-06-27 12:00:00,77.75,77.785995
2020-07-16 09:00:00,77.91,77.812706
2016-08-04 14:00:00,78.07,77.912125
2015-04-26 23:00:00,77.35,77.29694
2014-02-17 10:00:00,77.17,77.21168
2018-03-17 03:00:00,77.65,77.49243
2015-03-31 04:00:00,77.25,77.24789
2014-12-29 05:00:00,77.45,77.20221
2017-04-09 22:00:00,77.13,77.35756
2014-11-22 05:00:00,77.23,77.242775
2015-10-02 11:00:00,77.88,77.964874
2019-08-19 11:00:00,77.89,77.790115
2017-05-16 13:00:00,77.38,77.5079
2018-07-12 23:00:00,77.58,77.82009
2015-11-19 07:00:00,77.75,77.6005
2019-11-13 15:00:00,77.2,77.28541
2020-03-03 18:00:00,77.32,77.20743
2014-12-12 22:00:00,77.49,77.292
2018-08-22 11:00:00,77.92,77.90107
2019-07-24 15:00:00,77.92,77.85723
2015-09-20 15:00:00,77.74,77.70979
2020-03-10 08:00:00,77.31,77.23747
2016-12-31 17:00:00,77.33,77.22547
2015-04-16 04:00:00,77.4,77.27034
2015-07-25 20:00:00,77.74,77.90846
2016-08-23 04:00:00,77.94,78.0274
2016-11-13 07:00:00,77.43,77.280174
2015-04-22 19:00:00,77.45,77.27831
2018-09-04 12:00:00,78.13,78.199554
2017-04-24 10:00:00,77.25,77.35358
2014-03-22 07:00:00,77.36,77.2325
2018-02-14 23:00:00,77.1,77.264206
2019-06-27 12:00:00,77.93,77.908165
2019-05-24 11:00:00,77.8,77.47088
2019-02-17 21:00:00,77.08,77.164406
2018-05-05 01:00:00,77.5,77.62884
2014-09-27 00:00:00,77.81,77.74422
2020-09-22 10:00:00,77.7,77.520256
2017-02-14 19:00:00,77.09,77.2376
2014-01-21 09:00:00,77.25,77.186485
2014-03-31 01:00:00,77.52,77.437325
2020-09-25 10:00:00,77.66,77.55301
2014-09-12 16:00:00,77.68,77.79346
2015-06-27 15:00:00,77.76,77.74328
2017-09-09 02:00:00,77.87,77.73856
2015-06-20 09:00:00,77.78,77.77996
2020-07-01 00:00:00,77.73,77.79926
2019-03-05 04:00:00,77.13,77.1873
2020-12-19 08:00:00,77.13,77.187996
2018-02-03 01:00:00,77.06,77.252785
2017-11-08 08:00:00,77.21,77.442986
2019-01-07 03:00:00,77.14,77.178505
2016-03-10 16:00:00,77.64,77.365456
2015-11-12 02:00:00,77.41,77.32322
2014-02-19 16:00:00,77.16,77.19664
2018-09-03 19:00:00,77.85,77.97195
2019-08-30 05:00:00,77.78,77.83217
2015-09-30 05:00:00,77.52,77.657745
2017-06-08 18:00:00,77.66,77.785255
2019-03-13 22:00:00,77.13,77.158714
2017-07-04 03:00:00,77.85,77.87688
2014-12-19 11:00:00,77.47,77.25275
2020-01-02 03:00:00,77.1,77.18338
2017-07-17 13:00:00,78.2,77.88559
2018-02-23 02:00:00,77.12,77.18988
2015-04-10 06:00:00,77.46,77.280624
2015-10-21 10:00:00,77.33,77.45582
2018-09-28 09:00:00,77.45,77.56534
2016-06-30 10:00:00,77.76,77.78056
2014-02-13 13:00:00,77.18,77.20518
2017-04-12 10:00:00,77.24,77.2256
2016-09-29 23:00:00,77.56,77.81487
2020-09-18 09:00:00,77.78,77.71553
2014-03-26 20:00:00,77.53,77.41825
2020-05-14 14:00:00,77.2,77.27519
2015-05-16 08:00:00,77.5,77.67507
2020-09-16 04:00:00,77.83,77.829834
2016-08-13 06:00:00,78.08,78.01262
2019-05-21 14:00:00,77.75,77.286316
2016-12-26 13:00:00,77.31,77.214386
2014-03-25 18:00:00,77.32,77.35614
2016-07-29 10:00:00,78.05,77.956024
2018-08-06 11:00:00,77.9,77.982735
2019-12-23 08:00:00,77.13,77.21002
2015-09-16 02:00:00,77.75,77.561005
2017-01-25 05:00:00,77.15,77.18234
2014-02-01 14:00:00,77.23,77.23053
2020-09-03 21:00:00,78.17,78.144165
2018-11-23 07:00:00,77.23,77.203896
2017-10-15 04:00:00,77.46,77.51968
2014-09-23 10:00:00,77.62,77.68559
2017-05-15 15:00:00,77.44,77.3688
2014-03-04 18:00:00,77.19,77.193504
2016-09-10 16:00:00,77.8,77.8153
2016-09-05 04:00:00,77.8,77.95727
2017-05-28 19:00:00,77.69,77.72907
2014-12-11 19:00:00,77.51,77.36381
2019-10-16 17:00:00,77.39,77.44825
2017-11-18 16:00:00,77.17,77.22464
2015-04-02 02:00:00,77.23,77.28302
2020-07-31 08:00:00,78.39,77.91532
2016-02-26 05:00:00,77.3,77.23898
2015-03-12 19:00:00,77.16,77.12971
2018-08-21 15:00:00,77.93,77.90916
2017-03-26 19:00:00,77.2,77.28545
2015-07-22 11:00:00,77.59,77.84189
2019-09-18 10:00:00,77.38,77.649155
2014-07-09 04:00:00,77.69,77.82636
2017-12-10 17:00:00,77.12,77.355545
2020-05-22 01:00:00,77.7,77.362045
2019-12-02 15:00:00,77.22,77.24634
2017-03-03 19:00:00,77.23,77.18453
2016-03-10 03:00:00,77.66,77.396736
2018-07-05 22:00:00,77.84,78.08414
2018-03-20 01:00:00,77.83,77.51246
2018-08-28 07:00:00,78.85,77.96554
2017-05-08 18:00:00,77.2,77.436615
2014-09-07 12:00:00,77.71,77.81016
2019-07-29 11:00:00,78.04,77.88642
2019-03-18 06:00:00,77.13,77.176796
2016-08-28 00:00:00,77.98,77.79617
2014-09-28 21:00:00,77.73,77.68698
2019-03-07 04:00:00,77.13,77.19431
2020-08-17 08:00:00,77.9,77.86757
2019-07-11 11:00:00,77.62,77.880424
2020-01-24 07:00:00,77.19,77.225334
2019-08-05 02:00:00,77.79,77.85043
2015-02-20 08:00:00,77.17,77.16339
2016-11-28 11:00:00,77.3,77.25774
2016-06-07 06:00:00,77.8,77.73676
2015-11-27 03:00:00,77.67,77.4023
2019-04-18 09:00:00,77.41,77.41364
2016-12-27 22:00:00,77.39,77.25304
2016-08-08 14:00:00,78.11,78.0049
2020-10-29 04:00:00,77.36,77.37252
2020-03-08 00:00:00,77.3,77.230354
2015-02-11 22:00:00,77.18,77.18026
2020-07-03 18:00:00,77.6,77.77879
2016-10-18 13:00:00,78.0,77.70139
2018-01-13 19:00:00,77.05,77.313736
2014-12-16 03:00:00,77.47,77.20345
2016-04-20 06:00:00,77.54,77.42131
2019-07-18 23:00:00,77.89,77.93306
2020-01-04 23:00:00,77.09,77.19274
2017-05-28 14:00:00,77.68,77.70254
2018-03-08 15:00:00,77.57,77.40233
2016-01-30 02:00:00,77.55,77.29961
2016-01-06 15:00:00,77.38,77.31636
2019-10-27 19:00:00,77.26,77.40554
2014-12-30 19:00:00,77.42,77.19014
2015-11-11 21:00:00,77.41,77.37459
2019-06-22 16:00:00,77.78,77.7705
2017-06-10 21:00:00,77.85,77.74676
2020-07-29 00:00:00,78.04,77.91472
2018-04-13 08:00:00,77.49,77.55968
2019-06-18 22:00:00,77.73,77.73991
2020-08-23 07:00:00,78.0,77.873795
2017-12-31 13:00:00,77.09,77.36063
2020-10-10 01:00:00,77.48,77.433525
2018-02-28 03:00:00,77.13,77.22159
2015-08-16 02:00:00,77.9,77.858986
2016-12-08 11:00:00,77.23,77.28167
2016-11-19 13:00:00,77.34,77.53632
2014-05-05 16:00:00,77.52,77.453064
2018-12-01 11:00:00,77.21,77.26439
2018-06-19 04:00:00,77.78,77.77311
2015-02-09 18:00:00,77.2,77.14505
2018-07-03 04:00:00,78.34,77.83384
2014-04-20 11:00:00,77.34,77.32083
2019-09-03 13:00:00,77.77,77.91504
2015-05-22 02:00:00,77.76,77.776146
2019-04-05 17:00:00,77.1,77.22108
2018-11-12 00:00:00,77.34,77.278305
2016-08-26 12:00:00,77.92,78.03202
2017-10-04 14:00:00,77.67,77.62596
2020-01-10 08:00:00,77.41,77.211784
2018-10-02 08:00:00,77.39,77.630424
2019-03-06 16:00:00,77.14,77.22034
2016-01-27 20:00:00,77.26,77.21558
2020-11-12 21:00:00,77.28,77.27907
2017-10-10 14:00:00,77.45,77.702675
2020-02-18 21:00:00,77.24,77.195915
2017-10-31 11:00:00,77.25,77.29111
2020-12-30 19:00:00,77.18,77.275185
2015-01-25 06:00:00,77.25,77.17038
2015-07-04 21:00:00,77.58,77.72849
2020-06-17 17:00:00,77.69,77.76967
2020-05-27 19:00:00,77.67,77.54683
2014-12-27 12:00:00,77.48,77.206
2019-03-02 16:00:00,77.15,77.16974
2016-09-15 18:00:00,77.74,77.81003
2020-03-09 23:00:00,77.29,77.249275
2016-04-28 10:00:00,77.84,77.620605
2020-06-28 19:00:00,77.58,77.80093
2014-06-20 08:00:00,77.77,77.76466
2016-03-11 15:00:00,77.59,77.37259
2020-02-29 13:00:00,77.37,77.27002
2014-05-23 23:00:00,77.83,77.78678
2018-05-16 06:00:00,77.49,77.65117
2019-08-18 13:00:00,77.89,77.87182
2016-02-15 07:00:00,77.45,77.241264
2017-06-05 17:00:00,77.76,77.73656
2016-01-09 00:00:00,77.34,77.322624
2016-03-10 19:00:00,77.63,77.36452
2016-12-09 16:00:00,77.24,77.222565
2017-10-21 16:00:00,77.33,77.43107
2020-09-21 19:00:00,77.71,77.466965
2019-09-25 01:00:00,77.84,77.59753
2020-07-03 08:00:00,77.62,77.79716
2020-09-14 16:00:00,77.9,77.72444
2018-10-16 00:00:00,77.49,77.47161
2017-05-02 15:00:00,77.18,77.383
2015-12-04 07:00:00,77.71,77.35146
2015-10-06 14:00:00,77.62,77.49141
2014-05-12 14:00:00,77.54,77.687744
2016-06-22 02:00:00,77.81,77.80372
2017-12-09 12:00:00,77.13,77.1797
2015-03-08 18:00:00,77.18,77.14981
2017-02-21 00:00:00,77.12,77.23741
2015-10-21 17:00:00,77.33,77.54399
2020-09-10 04:00:00,77.96,78.0325
2015-07-11 07:00:00,77.91,77.825165
2017-06-08 20:00:00,77.63,77.779816
2015-03-03 21:00:00,77.21,77.14419
2019-02-07 18:00:00,77.18,77.16879
2015-04-06 08:00:00,77.44,77.363754
2018-08-08 21:00:00,77.88,77.91692
2020-05-26 21:00:00,77.7,77.55007
2015-10-21 01:00:00,77.33,77.45991
2014-12-13 17:00:00,77.48,77.30819
2017-09-24 09:00:00,77.29,77.633965
2020-06-06 21:00:00,77.58,77.77038
2019-02-02 12:00:00,77.09,77.17959
2014-11-21 20:00:00,77.24,77.26246
2016-11-13 19:00:00,77.43,77.397575
2019-06-03 21:00:00,77.69,77.677666
2018-04-19 22:00:00,77.46,77.45474
2017-11-03 09:00:00,77.24,77.345406
2019-03-19 19:00:00,77.12,77.18162
2019-02-01 10:00:00,77.09,77.202835
2014-10-30 21:00:00,77.39,77.341255
2020-03-21 02:00:00,77.2,77.18789
2016-03-17 06:00:00,77.42,77.39767
2016-09-29 20:00:00,77.57,77.77991
2020-03-07 20:00:00,77.29,77.18753
2014-03-24 10:00:00,77.34,77.254395
2018-06-18 07:00:00,77.77,77.765656
2020-12-03 18:00:00,77.2,77.2369
2015-12-09 04:00:00,77.65,77.40112
2017-08-13 21:00:00,78.03,77.85746
2014-03-07 01:00:00,77.16,77.21152
2014-04-28 18:00:00,77.58,77.51918
2018-10-05 03:00:00,77.36,77.486626
2018-02-07 18:00:00,77.03,77.2272
2017-07-17 04:00:00,78.24,77.85097
2019-06-30 12:00:00,78.01,78.09904
2015-03-12 08:00:00,77.17,77.15971
2015-11-16 19:00:00,77.63,77.47646
2020-03-03 15:00:00,77.33,77.21501
2018-11-21 01:00:00,77.25,77.22703
2014-08-30 19:00:00,77.78,77.73942
2019-03-23 19:00:00,77.16,77.15067
2020-04-20 09:00:00,77.26,77.29501
2016-01-20 12:00:00,77.29,77.22452
2016-02-16 00:00:00,77.45,77.24892
2018-04-24 16:00:00,77.79,77.56138
2018-03-16 08:00:00,77.65,77.55185
2020-08-31 21:00:00,77.84,77.9298
2016-04-22 22:00:00,77.61,77.5778
2018-01-01 20:00:00,77.08,77.315506
2016-08-12 23:00:00,78.06,78.01059
2019-12-28 18:00:00,77.09,77.193016
2020-05-06 16:00:00,77.25,77.41441
2019-06-17 17:00:00,77.73,77.76962
2020-10-29 23:00:00,77.35,77.33525
2016-07-24 13:00:00,77.6,77.925446
2015-02-04 05:00:00,77.22,77.14411
2014-07-31 13:00:00,77.69,77.90624
2014-08-15 12:00:00,78.0,77.90692
2015-06-05 02:00:00,77.7,77.73693
2014-05-05 03:00:00,77.52,77.48169
2020-07-16 17:00:00,77.89,77.81131
2014-10-01 22:00:00,77.59,77.61093
2016-12-28 03:00:00,77.39,77.25025
2020-02-04 09:00:00,77.23,77.16269
2015-08-27 23:00:00,77.83,77.82649
2019-03-14 20:00:00,77.13,77.15911
2015-02-28 22:00:00,77.18,77.15718
2016-11-17 19:00:00,77.33,77.31028
2020-10-02 06:00:00,77.58,77.589485
2017-01-27 14:00:00,77.14,77.153946
2018-06-14 09:00:00,77.8,77.81036
2015-11-11 16:00:00,77.42,77.37373
2019-10-22 10:00:00,77.3,77.47572
2016-06-21 10:00:00,77.86,77.852776
2018-05-25 03:00:00,77.89,77.73161
2016-10-01 11:00:00,77.74,77.70269
2020-11-12 15:00:00,77.29,77.31728
2020-06-05 06:00:00,77.59,77.674416
2019-02-27 12:00:00,77.15,77.2092
2015-11-09 04:00:00,77.47,77.54441
2015-11-30 06:00:00,77.75,77.45088
2020-08-10 20:00:00,78.47,78.069916
2017-12-22 11:00:00,77.11,77.374535
2016-12-21 22:00:00,77.25,77.383995
2016-05-01 13:00:00,77.77,77.64769
2016-10-25 05:00:00,77.62,77.60357
2018-06-21 20:00:00,77.83,77.823975
2015-06-08 19:00:00,77.77,77.74108
2016-06-24 23:00:00,78.05,77.947754
2015-01-03 06:00:00,77.37,77.22832
2019-07-02 06:00:00,77.79,77.80045
2018-11-09 22:00:00,77.37,77.339066
2018-06-09 14:00:00,77.75,77.80684
2016-08-13 18:00:00,78.07,78.00168
2018-11-25 01:00:00,77.24,77.23187
2015-10-28 06:00:00,77.39,77.364235
2018-02-01 12:00:00,77.07,77.31503
2017-05-09 18:00:00,77.3,77.43394
2020-11-07 09:00:00,77.33,77.30903
2020-10-27 22:00:00,77.37,77.36397
2014-08-24 15:00:00,77.79,77.86879
2020-01-23 05:00:00,77.19,77.21424
2014-11-28 13:00:00,77.7,77.39565
2017-11-24 21:00:00,77.15,77.241325
2017-01-20 14:00:00,77.16,77.15955
2015-09-23 21:00:00,77.56,77.642845
2018-06-21 17:00:00,77.85,77.82142
2019-11-01 14:00:00,77.23,77.35586
2014-07-17 11:00:00,77.74,77.87414
2020-05-11 16:00:00,77.28,77.36979
2015-04-15 05:00:00,77.41,77.224464
2014-09-10 15:00:00,77.8,77.8071
2016-07-15 04:00:00,77.66,77.8742
2015-03-19 04:00:00,77.33,77.29791
2019-12-20 16:00:00,77.14,77.182335
2017-05-31 13:00:00,77.73,77.74955
2019-01-17 05:00:00,77.12,77.15686
2015-02-18 19:00:00,77.18,77.17981
2018-12-27 14:00:00,77.15,77.17781
2019-03-11 12:00:00,77.16,77.203224
2018-03-06 19:00:00,77.41,77.45428
2020-04-15 06:00:00,77.17,77.205666
2020-12-08 14:00:00,77.18,77.28914
2018-05-29 03:00:00,77.82,77.76931
2020-07-15 14:00:00,78.02,77.80586
2019-10-02 13:00:00,78.23,78.0037
2018-04-20 09:00:00,77.45,77.46743
2016-11-26 03:00:00,77.29,77.202515
2020-11-01 06:00:00,77.34,77.32729
2017-04-16 02:00:00,77.33,77.410774
2017-07-28 18:00:00,77.63,77.85735
2019-04-23 05:00:00,77.47,77.47024
2015-06-30 16:00:00,77.71,77.77147
2016-12-04 08:00:00,77.28,77.199615
2020-01-20 14:00:00,77.19,77.18497
2019-05-21 22:00:00,77.75,77.30735
2014-12-14 09:00:00,77.47,77.29021
2015-08-16 05:00:00,77.91,77.85896
2018-02-18 01:00:00,77.12,77.24369
2014-01-06 01:00:00,77.29,77.18305
2019-05-24 02:00:00,77.79,77.408676
2015-02-22 14:00:00,77.19,77.21893
2020-05-10 01:00:00,77.35,77.37034
2016-07-19 11:00:00,77.59,77.829506
2018-12-07 14:00:00,77.32,77.30049
2014-05-17 14:00:00,77.59,77.65323
2019-07-15 09:00:00,77.74,77.817375
2020-02-25 09:00:00,77.29,77.19741
2015-07-23 17:00:00,77.74,77.908806
2017-08-11 00:00:00,78.04,77.95501
2015-10-07 15:00:00,77.57,77.47907
2015-01-19 14:00:00,77.27,77.14649
2020-02-10 13:00:00,77.17,77.15118
2014-05-03 00:00:00,77.54,77.5389
2019-04-15 21:00:00,77.31,77.28383
2020-10-03 07:00:00,77.56,77.58887
2014-06-26 17:00:00,77.71,77.753136
2015-03-20 22:00:00,77.4,77.30437
2020-09-26 13:00:00,77.66,77.609245
2014-08-01 08:00:00,77.72,77.91562
2016-04-28 15:00:00,77.86,77.642494
2017-05-09 00:00:00,77.2,77.38548
2017-08-12 05:00:00,77.98,77.89524
2015-09-09 22:00:00,77.78,77.60828
2020-05-27 16:00:00,77.69,77.51789
2017-03-08 17:00:00,77.2,77.18153
2020-07-25 10:00:00,78.06,77.87147
2014-07-31 11:00:00,77.72,77.90401
2016-08-07 13:00:00,78.06,77.99802
2017-06-29 14:00:00,77.88,77.77649
2019-09-14 06:00:00,77.51,77.71579
2015-04-30 12:00:00,77.65,77.563354
2020-04-17 23:00:00,77.24,77.30899
2014-05-04 07:00:00,77.51,77.54006
2018-05-13 07:00:00,77.61,77.6667
2019-05-28 19:00:00,77.73,77.61603
2015-10-17 13:00:00,77.37,77.47313
2016-10-30 07:00:00,77.58,77.32756
2016-01-19 04:00:00,77.29,77.230865
2020-12-04 13:00:00,77.21,77.25239
2018-10-22 22:00:00,77.36,77.37201
2015-05-19 18:00:00,77.7,77.66256
2014-12-11 14:00:00,77.52,77.382576
2016-09-13 04:00:00,77.92,77.738014
2019-02-15 07:00:00,77.1,77.16515
2018-05-10 01:00:00,77.53,77.68532
2017-12-01 20:00:00,77.13,77.1954
2018-06-20 11:00:00,77.88,77.83721
2018-12-05 05:00:00,77.33,77.402374
2019-08-03 08:00:00,77.81,77.88895
2015-12-31 12:00:00,77.45,77.48563
2015-06-04 10:00:00,77.71,77.73871
2014-04-24 03:00:00,77.4,77.2546
2020-12-15 20:00:00,77.15,77.07171
2017-01-15 06:00:00,77.19,77.186035
2016-02-18 02:00:00,77.42,77.31222
2019-05-12 06:00:00,77.35,77.27233
2017-03-30 00:00:00,77.17,77.36186
2017-07-08 14:00:00,77.91,77.8892
2018-07-19 01:00:00,77.73,77.827805
2019-07-20 17:00:00,78.06,78.05603
2014-10-10 04:00:00,77.35,77.4071
2014-08-21 08:00:00,78.08,78.102295
2016-02-06 07:00:00,77.45,77.22871
2017-01-16 17:00:00,77.18,77.14938
2014-05-03 23:00:00,77.51,77.584465
2020-12-18 13:00:00,77.14,77.19576
2017-08-27 07:00:00,77.76,77.67603
2020-07-15 18:00:00,78.0,77.80308
2018-12-10 11:00:00,77.27,77.21178
2019-06-09 04:00:00,77.75,77.69713
2017-12-24 10:00:00,77.12,77.37811
2019-03-25 20:00:00,77.15,77.20178
2020-07-13 19:00:00,78.3,78.05923
2014-03-25 00:00:00,77.33,77.27322
2019-12-09 22:00:00,77.1,77.20884
2019-08-14 03:00:00,77.9,77.90309
2019-04-06 16:00:00,77.13,77.21907
2014-02-13 06:00:00,77.19,77.17843
2019-02-04 14:00:00,77.24,77.20968
2014-09-05 17:00:00,77.62,77.84013
2019-12-17 21:00:00,77.15,77.22759
2015-01-12 01:00:00,77.34,77.176895
2019-01-05 07:00:00,77.14,77.15655
2020-10-27 23:00:00,77.37,77.35885
2016-06-26 14:00:00,77.89,77.74124
2020-07-31 12:00:00,78.39,78.01414
2019-09-25 10:00:00,77.8,77.62942
2020-05-12 14:00:00,77.22,77.30242
2017-11-21 20:00:00,77.15,77.23165
2016-02-02 00:00:00,77.62,77.27133
2019-06-02 08:00:00,77.71,77.6246
2014-12-14 12:00:00,77.47,77.26864
2017-05-13 09:00:00,77.33,77.49018
2020-12-19 22:00:00,77.12,77.11231
2014-09-27 12:00:00,77.8,77.691505
2016-11-03 15:00:00,77.52,77.231224
2016-10-10 05:00:00,78.09,77.57016
2015-07-22 05:00:00,77.59,77.845894
2014-02-11 04:00:00,77.19,77.187996
2019-10-11 15:00:00,77.51,77.59206
2017-08-21 08:00:00,78.07,78.10014
2016-05-27 23:00:00,77.87,77.78885
2017-02-08 07:00:00,77.15,77.1602
2018-01-30 12:00:00,77.11,77.239494
2018-12-10 17:00:00,77.27,77.177376
2018-10-05 12:00:00,77.39,77.61824
2014-10-26 16:00:00,77.55,77.36937
2018-01-21 15:00:00,77.25,77.26756
2018-02-28 09:00:00,77.14,77.199715
2019-05-09 02:00:00,77.36,77.22519
2019-05-18 15:00:00,77.55,77.32067
2020-07-04 19:00:00,77.6,77.885864
2018-02-03 09:00:00,77.06,77.242226
2015-11-07 11:00:00,77.29,77.404594
2017-09-12 19:00:00,78.08,77.86244
2017-09-29 10:00:00,77.35,77.65194
2017-03-05 10:00:00,77.21,77.21993
2020-09-04 18:00:00,78.07,77.75939
2015-03-07 13:00:00,77.18,77.19422
2019-04-01 02:00:00,77.03,77.18311
2016-02-09 14:00:00,77.37,77.24307
2018-08-25 02:00:00,78.14,78.00633
2018-07-29 07:00:00,77.94,77.89584
2017-11-17 02:00:00,77.18,77.22296
2017-03-20 05:00:00,77.1,77.19259
2018-08-09 21:00:00,77.86,77.9045
2018-03-06 06:00:00,77.39,77.41771
2016-02-20 16:00:00,77.37,77.22535
2017-06-27 21:00:00,77.91,77.98631
2015-10-20 07:00:00,77.34,77.40727
2017-02-25 16:00:00,77.32,77.1868
2016-01-21 14:00:00,77.29,77.20154
2015-01-05 01:00:00,77.34,77.21315
2017-03-06 09:00:00,77.2,77.164406
2019-07-04 11:00:00,77.62,77.790924
2019-08-06 08:00:00,77.87,77.89962
2019-03-08 11:00:00,77.12,77.207565
2020-09-12 18:00:00,77.89,78.113205
2018-03-26 23:00:00,77.66,77.65677
2017-06-16 23:00:00,77.86,77.784966
2019-01-25 02:00:00,77.08,77.16791
2020-07-28 06:00:00,77.94,78.08103
2018-07-26 02:00:00,77.96,77.883965
2016-01-23 01:00:00,77.28,77.191795
2020-02-05 06:00:00,77.22,77.14052
2016-06-30 11:00:00,77.76,77.78006
2016-08-31 06:00:00,77.89,77.76408
2020-02-04 11:00:00,77.23,77.172554
2020-03-17 00:00:00,77.24,77.180016
2015-05-13 14:00:00,77.54,77.57398
2018-11-18 17:00:00,77.27,77.210205
2020-10-09 19:00:00,77.48,77.45854
2017-11-18 15:00:00,77.17,77.22698
2016-06-09 11:00:00,77.8,77.75305
2017-01-31 16:00:00,77.18,77.14968
2020-02-04 10:00:00,77.23,77.17083
2020-04-21 07:00:00,77.25,77.237335
2016-11-30 13:00:00,77.29,77.27663
2016-03-31 01:00:00,77.28,77.28437
2014-01-29 17:00:00,77.22,77.145256
2020-03-12 03:00:00,77.31,77.189156
2014-11-13 00:00:00,77.32,77.24301
2018-03-02 18:00:00,77.27,77.206406
2015-05-21 02:00:00,77.74,77.739296
2019-01-07 09:00:00,77.13,77.16149
2019-07-07 12:00:00,77.51,77.78361
2019-11-16 06:00:00,77.17,77.25828
2018-06-30 09:00:00,77.93,77.84052
2015-12-21 10:00:00,77.6,77.6067
2015-07-15 20:00:00,77.86,77.81085
2017-07-28 23:00:00,77.63,77.847984
2015-01-04 16:00:00,77.35,77.194016
2015-07-13 19:00:00,78.12,77.979935
2015-08-19 05:00:00,77.92,77.837746
2015-02-13 21:00:00,77.17,77.14869
2018-10-30 17:00:00,77.32,77.30827
2015-09-03 06:00:00,78.15,77.93164
2019-01-15 20:00:00,77.12,77.17289
2019-09-28 00:00:00,77.59,77.613754
2014-12-19 04:00:00,77.47,77.20452
2018-05-16 12:00:00,77.47,77.66467
2017-03-13 05:00:00,77.15,77.15831
2017-03-29 09:00:00,77.17,77.27007
2015-03-21 07:00:00,77.41,77.28398
2016-05-05 12:00:00,77.69,77.67813
2015-07-16 21:00:00,77.86,77.79942
2018-10-22 17:00:00,77.37,77.368935
2016-10-29 06:00:00,77.6,77.66565
2015-07-21 22:00:00,77.6,77.84198
2020-09-15 09:00:00,77.87,77.769066
2016-01-06 11:00:00,77.37,77.36332
2016-12-17 22:00:00,77.21,77.24715
2018-12-20 22:00:00,77.2,77.274414
2016-08-16 21:00:00,78.08,77.9985
2014-12-24 16:00:00,77.53,77.296455
2015-02-07 03:00:00,77.26,77.15311
2016-05-08 03:00:00,77.59,77.715
2016-12-25 10:00:00,77.32,77.23966
2014-06-16 12:00:00,77.76,77.74858
2020-01-23 20:00:00,77.2,77.24579
2015-01-22 00:00:00,77.27,77.19718
2020-03-22 07:00:00,77.21,77.21248
2015-12-19 21:00:00,77.61,77.50811
2016-10-03 03:00:00,77.88,77.85846
2017-03-28 21:00:00,77.17,77.212555
2019-03-10 13:00:00,77.14,77.22704
2014-04-13 16:00:00,77.25,77.40149
2019-07-02 09:00:00,77.78,77.820076
2020-12-29 09:00:00,77.15,77.290054
2017-10-12 02:00:00,77.42,77.62823
2019-07-22 14:00:00,78.18,77.87412
2019-10-07 14:00:00,77.74,77.555824
2017-03-05 05:00:00,77.21,77.1942
2018-10-18 02:00:00,77.43,77.429535
2015-08-10 00:00:00,78.07,77.92947
2017-03-31 17:00:00,77.16,77.355
2019-07-02 13:00:00,77.77,77.81701
2015-05-17 23:00:00,77.52,77.58555
2014-07-16 10:00:00,77.71,77.83449
2015-07-04 04:00:00,77.63,77.74536
2020-01-21 18:00:00,77.18,77.17597
2018-06-20 09:00:00,77.88,77.82241
2016-06-05 14:00:00,77.85,77.75667
2015-10-24 02:00:00,77.31,77.452934
2019-03-12 04:00:00,77.15,77.20524
2020-12-25 00:00:00,77.11,77.193275
2015-01-23 10:00:00,77.26,77.20165
2014-11-19 08:00:00,77.26,77.202705
2016-05-20 00:00:00,77.72,77.69003
2020-10-01 22:00:00,77.59,77.61526
2018-10-27 12:00:00,77.33,77.40388
2018-07-31 05:00:00,77.86,77.880974
2019-06-17 21:00:00,77.72,77.77177
2020-01-10 00:00:00,77.41,77.20189
2017-08-19 05:00:00,77.88,77.83886
2017-05-16 04:00:00,77.35,77.398605
2020-02-25 21:00:00,77.33,77.28381
2016-01-30 09:00:00,77.61,77.31896
2015-07-30 12:00:00,77.98,77.97225
2014-10-24 15:00:00,77.64,77.38037
2018-10-18 15:00:00,77.43,77.36576
2014-09-30 07:00:00,77.66,77.723015
2015-11-20 02:00:00,77.76,77.54403
2017-08-25 21:00:00,77.94,77.91732
2016-11-23 21:00:00,77.3,77.20532
2020-02-25 01:00:00,77.28,77.18838
2016-04-09 07:00:00,77.72,77.383705
2020-04-22 14:00:00,77.21,77.15179
2019-08-18 02:00:00,77.89,77.8769
2016-03-16 03:00:00,77.45,77.41904
2019-01-20 05:00:00,77.11,77.13154
2020-10-10 17:00:00,77.48,77.53378
2015-05-12 09:00:00,77.6,77.625595
2019-07-08 02:00:00,77.5,77.77272
2015-10-03 13:00:00,77.81,77.46873
2019-06-23 21:00:00,77.94,77.84419
2017-08-04 12:00:00,77.94,77.97525
2018-07-29 06:00:00,77.94,77.91177
2018-08-12 13:00:00,77.92,77.90974
2016-10-13 06:00:00,77.77,77.684654
2015-03-12 18:00:00,77.17,77.12516
2015-08-16 04:00:00,77.91,77.84363
2014-03-16 03:00:00,77.47,77.286705
2014-09-26 22:00:00,77.81,77.73218
2020-12-15 04:00:00,77.16,77.010826
2016-06-11 02:00:00,77.81,77.75565
2017-02-09 22:00:00,77.13,77.176674
2020-04-15 08:00:00,77.17,77.21384
2016-06-21 04:00:00,77.88,77.81316
2015-01-02 18:00:00,77.36,77.22439
2014-06-16 03:00:00,77.73,77.75599
2017-08-24 03:00:00,78.15,77.919075
2019-01-05 16:00:00,77.14,77.17769
2018-08-21 02:00:00,77.91,77.85048
2020-11-21 20:00:00,77.36,77.2905
2014-03-17 03:00:00,77.45,77.3691
2017-03-14 22:00:00,77.13,77.24176
2019-11-12 05:00:00,77.21,77.30899
2017-12-22 06:00:00,77.11,77.220955
2015-08-15 00:00:00,77.91,77.86915
2016-06-03 05:00:00,77.79,77.74698
2017-01-08 16:00:00,77.25,77.243416
2018-03-11 07:00:00,77.62,77.420784
2018-02-06 10:00:00,77.05,77.229614
2016-09-06 23:00:00,77.79,77.90796
2020-03-06 11:00:00,77.29,77.17564
2015-12-25 00:00:00,77.56,77.42743
2016-08-12 18:00:00,78.05,77.99607
2020-12-24 15:00:00,77.11,77.34097
2014-06-06 16:00:00,77.78,77.778786
2020-12-18 05:00:00,77.14,77.15612
2015-10-08 15:00:00,77.53,77.56706
2020-09-06 10:00:00,77.93,77.711845
2015-02-06 00:00:00,77.25,77.18883
2017-07-04 20:00:00,77.87,77.927444
2017-03-08 21:00:00,77.19,77.20211
2015-04-29 01:00:00,77.36,77.43116
2014-08-17 14:00:00,77.85,77.9482
2015-12-13 15:00:00,77.76,77.62162
2016-10-11 22:00:00,77.88,77.637184
2020-03-24 05:00:00,77.19,77.210625
2017-06-12 18:00:00,77.81,77.7744
2014-04-08 21:00:00,77.14,77.2642
2014-09-27 22:00:00,77.77,77.768265
2018-05-07 18:00:00,77.56,77.7667
2019-12-25 21:00:00,77.12,77.20827
2015-05-19 07:00:00,77.66,77.65028
2017-12-09 09:00:00,77.13,77.15092
2015-07-13 12:00:00,78.16,78.13248
2017-01-29 14:00:00,77.14,77.17335
2017-01-04 19:00:00,77.28,77.23884
2018-01-27 04:00:00,77.14,77.2029
2014-12-24 12:00:00,77.53,77.310875
2016-02-16 19:00:00,77.43,77.21662
2018-11-23 16:00:00,77.23,77.19998
2015-08-29 07:00:00,77.82,77.81975
2018-07-08 05:00:00,77.66,77.79893
2014-06-28 21:00:00,77.71,77.767944
2017-03-14 14:00:00,77.13,77.23766
2016-10-26 08:00:00,77.61,77.54369
2018-07-04 16:00:00,78.03,77.90859
2017-06-15 23:00:00,77.9,77.76458
2019-05-20 17:00:00,77.66,77.32587
2018-08-15 10:00:00,77.94,77.95871
2015-12-01 21:00:00,77.72,77.46082
2014-03-03 01:00:00,77.19,77.20036
2017-07-21 21:00:00,77.86,77.91218
2016-04-18 13:00:00,77.61,77.33027
2014-02-11 19:00:00,77.18,77.14747
2016-10-01 09:00:00,77.74,77.72155
2020-04-13 01:00:00,77.14,77.281006
2014-04-11 01:00:00,77.23,77.270004
2016-02-08 00:00:00,77.4,77.217255
2014-02-21 19:00:00,77.15,77.25028
2014-05-16 06:00:00,77.53,77.60972
2019-08-18 06:00:00,77.89,77.88294
2019-09-19 13:00:00,77.36,77.61048
2017-04-10 23:00:00,77.17,77.31616
2019-02-21 03:00:00,77.19,77.20242
2017-12-16 17:00:00,77.1,77.19762
2016-04-14 07:00:00,77.46,77.50672
2014-11-14 00:00:00,77.3,77.24526
2018-07-07 12:00:00,77.71,77.8094
2020-07-12 10:00:00,77.75,77.82567
2016-09-04 00:00:00,77.81,77.967415
2019-08-01 13:00:00,77.8,77.90534
2020-02-01 01:00:00,77.26,77.20992
2014-12-13 14:00:00,77.48,77.37847
2020-11-08 07:00:00,77.32,77.335594
2017-04-10 00:00:00,77.13,77.33313
2014-10-31 07:00:00,77.38,77.27374
2016-05-28 20:00:00,77.87,77.76461
2020-02-14 06:00:00,77.18,77.240654
2017-04-02 21:00:00,77.14,77.19021
2018-12-14 02:00:00,77.24,77.300606
2018-04-01 15:00:00,77.45,77.65421
2017-11-26 09:00:00,77.15,77.23277
2016-07-11 01:00:00,77.79,77.86969
2017-03-17 15:00:00,77.11,77.228424
2016-08-07 16:00:00,78.06,77.99306
2015-07-27 07:00:00,77.65,77.93962
2014-10-31 00:00:00,77.38,77.33383
2020-11-23 23:00:00,77.3,77.224976
2020-02-02 09:00:00,77.25,77.18644
2020-04-04 22:00:00,77.12,77.15511
2017-02-07 18:00:00,77.15,77.15222
2018-05-11 03:00:00,77.51,77.64951
2020-07-03 19:00:00,77.6,77.77476
2017-06-16 01:00:00,77.91,77.76679
2019-12-28 19:00:00,77.09,77.20115
2018-05-14 04:00:00,77.63,77.68346
2015-04-05 00:00:00,77.31,77.24219
2014-01-06 02:00:00,77.28,77.17972
2018-05-03 12:00:00,77.57,77.59114
2017-07-04 22:00:00,77.86,77.933525
2020-08-22 05:00:00,77.95,77.876816
2019-10-31 12:00:00,77.24,77.31685
2016-06-17 03:00:00,77.78,77.785934
2014-06-05 08:00:00,77.86,77.772545
2014-06-07 13:00:00,77.65,77.77717
2016-02-08 17:00:00,77.39,77.186295
2018-08-15 13:00:00,77.95,77.94839
2015-09-21 13:00:00,77.7,77.73187
2016-02-16 08:00:00,77.44,77.26838
2019-04-27 06:00:00,77.4,77.365036
2016-01-17 02:00:00,77.29,77.20606
2014-12-30 06:00:00,77.43,77.26803
2017-02-11 13:00:00,77.12,77.2117
2017-04-14 19:00:00,77.3,77.31897
2014-12-15 05:00:00,77.47,77.254166
2017-11-19 20:00:00,77.16,77.23522
2020-01-03 07:00:00,77.09,77.17996
2019-04-11 17:00:00,77.47,77.344635
2017-04-16 00:00:00,77.33,77.41917
2014-07-23 17:00:00,77.89,77.86357
2018-09-15 18:00:00,77.61,77.82916
2019-03-30 18:00:00,77.05,77.18451
2017-04-20 20:00:00,77.27,77.311905
2015-05-17 00:00:00,77.47,77.622314
2016-08-24 08:00:00,77.92,78.015305
2015-04-16 11:00:00,77.38,77.32441
2015-01-04 20:00:00,77.34,77.216125
2015-06-08 07:00:00,77.75,77.74072
2014-08-07 17:00:00,77.82,78.13244
2019-08-05 23:00:00,77.84,77.86535
2018-10-29 20:00:00,77.33,77.364586
2020-09-12 13:00:00,77.91,78.126816
2019-06-12 18:00:00,77.71,77.74102
2018-11-04 00:00:00,77.29,77.253265
2014-08-19 22:00:00,78.22,77.918335
2019-05-22 05:00:00,77.77,77.30214
2017-03-02 10:00:00,77.25,77.20598
2019-02-16 21:00:00,77.09,77.196556
2019-11-23 15:00:00,77.16,77.25091
2017-12-30 09:00:00,77.09,77.38357
2015-02-18 12:00:00,77.18,77.17398
2014-03-06 17:00:00,77.16,77.16527
2015-05-27 01:00:00,77.75,77.78714
2019-08-03 18:00:00,77.71,77.85123
2014-10-27 14:00:00,77.49,77.352905
2015-12-10 06:00:00,77.63,77.54247
2020-09-19 13:00:00,77.76,77.59251
2017-04-27 09:00:00,77.23,77.34507
2016-01-23 08:00:00,77.28,77.17877
2016-10-23 06:00:00,77.68,77.606606
2016-02-11 11:00:00,77.34,77.318245
2017-05-06 11:00:00,77.3,77.44826
2016-09-12 08:00:00,77.94,77.77635
2018-08-08 20:00:00,77.89,77.90979
2015-04-13 03:00:00,77.38,77.256905
2018-11-21 19:00:00,77.24,77.24361
2016-08-08 10:00:00,78.1,78.008156
2020-05-03 00:00:00,77.09,77.36082
2015-07-10 12:00:00,77.99,77.791664
2017-07-17 18:00:00,78.19,77.95784
2015-12-23 08:00:00,77.59,77.553345
2019-11-16 04:00:00,77.17,77.25564
2019-07-22 15:00:00,78.18,77.8714
2020-10-01 18:00:00,77.6,77.60199
2016-08-30 17:00:00,77.91,77.767746
2018-09-12 17:00:00,77.6,77.70438
2016-12-19 08:00:00,77.22,77.317856
2020-06-19 02:00:00,77.84,77.8023
2015-06-07 12:00:00,77.76,77.73613
2017-11-02 22:00:00,77.24,77.33225
2015-02-12 01:00:00,77.18,77.189125
2018-07-08 22:00:00,77.6,77.805176
2019-09-02 23:00:00,77.75,77.73063
2015-08-29 06:00:00,77.82,77.8581
2015-08-17 08:00:00,77.91,77.88862
2018-06-29 01:00:00,78.13,78.121414
2018-01-26 13:00:00,77.16,77.21233
2018-09-06 09:00:00,77.95,77.81635
2018-07-16 03:00:00,77.52,77.87605
2019-07-15 13:00:00,77.74,77.818634
2019-06-08 10:00:00,77.78,77.74371
2015-09-26 23:00:00,77.59,77.781845
2017-07-12 21:00:00,77.7,77.875916
2017-01-11 01:00:00,77.22,77.20693
2014-07-12 08:00:00,77.57,77.78725
2018-11-25 12:00:00,77.24,77.26243
2019-08-21 20:00:00,77.92,77.920944
2016-07-05 01:00:00,78.12,77.83818
2014-11-14 22:00:00,77.29,77.24237
2020-07-09 13:00:00,77.45,77.80604
2018-02-25 05:00:00,77.12,77.28489
2016-03-24 17:00:00,77.34,77.402245
2014-06-16 19:00:00,77.75,77.73437
2018-10-19 18:00:00,77.4,77.42012
2016-01-05 10:00:00,77.4,77.33993
2014-07-17 15:00:00,77.75,77.900986
2020-11-12 03:00:00,77.28,77.25375
2017-06-23 20:00:00,77.88,77.79654
2015-01-09 08:00:00,77.37,77.18658
2016-05-25 21:00:00,77.91,77.74826
2017-08-28 13:00:00,77.7,77.76907
2017-10-23 18:00:00,77.3,77.4093
2020-09-18 04:00:00,77.78,77.691124
2014-03-10 12:00:00,77.14,77.22995
2014-08-03 03:00:00,77.98,78.11256
2016-07-16 23:00:00,77.63,77.90072
2015-06-24 02:00:00,77.78,77.760185
2015-10-12 12:00:00,77.47,77.37339
2017-06-22 08:00:00,77.88,77.78621
2014-02-05 21:00:00,77.19,77.16569
2017-05-06 07:00:00,77.28,77.47079
2018-05-20 08:00:00,77.65,77.73394
2019-03-09 20:00:00,77.12,77.22357
2015-04-08 21:00:00,77.5,77.3603
2015-07-10 19:00:00,77.95,77.82016
2016-12-25 06:00:00,77.33,77.21576
2014-05-28 22:00:00,77.81,77.75026
2016-11-27 12:00:00,77.31,77.31929
2018-01-14 17:00:00,77.06,77.29598
2016-10-23 07:00:00,77.68,77.63525
2020-03-14 11:00:00,77.29,77.163994
2017-07-31 11:00:00,77.88,77.920494
2020-08-14 15:00:00,78.09,77.9252
2017-02-22 19:00:00,77.18,77.245026
2017-03-03 11:00:00,77.23,77.24299
2015-06-13 07:00:00,77.76,77.76244
2016-01-28 20:00:00,77.27,77.25755
2019-08-21 14:00:00,77.84,77.89608
2017-04-29 22:00:00,77.15,77.31398
2015-02-17 16:00:00,77.2,77.17148
2014-03-30 00:00:00,77.54,77.46416
2019-11-29 22:00:00,77.12,77.23186
2016-06-11 12:00:00,77.83,77.75661
2015-09-02 14:00:00,77.96,77.90116
2018-08-17 01:00:00,77.89,77.93782
2018-11-15 12:00:00,77.31,77.275734
2018-10-13 05:00:00,77.59,77.4444
2018-11-29 20:00:00,77.21,77.23381
2014-01-08 12:00:00,77.28,77.161385
2017-10-20 19:00:00,77.34,77.449814
2015-02-05 06:00:00,77.23,77.16763
2017-11-20 09:00:00,77.16,77.2548
2018-09-24 13:00:00,77.53,77.74077
2017-11-18 11:00:00,77.17,77.249306
2018-09-01 03:00:00,78.16,78.02243
2016-04-05 16:00:00,77.32,77.32455
2019-06-14 16:00:00,77.72,77.71984
2018-11-17 14:00:00,77.29,77.22475
2014-05-02 22:00:00,77.55,77.532166
2015-09-23 19:00:00,77.55,77.62521
2018-07-26 01:00:00,77.95,77.88597
2018-08-20 02:00:00,77.89,77.76533
2020-06-19 18:00:00,77.82,77.834915
2014-02-26 02:00:00,77.15,77.2046
2019-10-09 19:00:00,77.59,77.55314
2014-10-22 10:00:00,77.57,77.497635
2018-10-06 02:00:00,77.57,77.85493
2020-08-20 07:00:00,77.77,77.90909
2019-07-18 17:00:00,77.9,77.958145
2015-02-11 18:00:00,77.18,77.15886
2017-09-24 14:00:00,77.28,77.74552
2014-06-07 16:00:00,77.63,77.77275
2015-06-18 19:00:00,77.78,77.75656
2014-10-05 02:00:00,77.45,77.42763
2016-03-16 22:00:00,77.42,77.57782
2015-03-20 03:00:00,77.4,77.30495
2019-01-31 09:00:00,77.08,77.12497
2016-06-15 23:00:00,77.8,77.75986
2017-11-26 15:00:00,77.15,77.27529
2020-09-25 01:00:00,77.66,77.61285
2020-06-04 19:00:00,77.58,77.70494
2015-01-03 21:00:00,77.35,77.201675
2016-05-26 06:00:00,77.9,77.762726
2015-12-25 12:00:00,77.56,77.29372
2014-08-27 12:00:00,78.0,77.93261
2018-04-17 19:00:00,77.54,77.56201
2017-11-24 13:00:00,77.16,77.269775
2017-03-16 12:00:00,77.12,77.257126
2019-04-22 11:00:00,77.47,77.499535
2020-02-08 12:00:00,77.19,77.14872
2014-11-12 19:00:00,77.32,77.25301
2017-01-06 00:00:00,77.27,77.24518
2019-07-14 22:00:00,77.73,77.8062
2017-02-13 00:00:00,77.11,77.19822
2018-07-23 08:00:00,78.0,77.89279
2014-02-13 15:00:00,77.18,77.1901
2019-02-25 14:00:00,77.16,77.14705
2019-07-13 02:00:00,77.67,77.796585
2020-02-29 04:00:00,77.37,77.239876
2018-07-04 11:00:00,78.06,77.895035
2017-02-14 09:00:00,77.1,77.214195
2019-03-07 23:00:00,77.12,77.20111
2016-11-25 15:00:00,77.29,77.235695
2014-01-16 12:00:00,77.25,77.15678
2015-07-21 10:00:00,77.7,77.8609
2017-04-18 14:00:00,77.41,77.47872
2020-07-11 06:00:00,77.89,78.01444
2018-10-25 20:00:00,77.33,77.35766
2015-09-29 05:00:00,77.54,77.6121
2019-04-22 06:00:00,77.47,77.478226
2019-07-04 00:00:00,77.65,77.78483
2015-03-26 06:00:00,77.29,77.20705
2018-05-26 10:00:00,77.93,77.790596
2018-03-23 04:00:00,77.82,77.4978
2018-06-10 11:00:00,77.77,77.78721
2015-12-25 20:00:00,77.55,77.16734
2015-11-03 20:00:00,77.29,77.38546
2015-11-21 19:00:00,77.7,77.53633
2017-12-21 12:00:00,77.11,77.35332
2014-12-20 11:00:00,77.48,77.24537
2017-09-03 13:00:00,77.85,77.670746
2018-03-27 11:00:00,77.64,77.53591
2016-03-28 23:00:00,77.29,77.25123
2019-01-23 07:00:00,77.1,77.161674
2016-09-05 21:00:00,77.8,77.94262
2016-08-21 16:00:00,78.04,77.954414
2014-05-23 07:00:00,77.82,77.7834
2020-11-22 12:00:00,77.34,77.27848
2014-09-25 04:00:00,77.99,78.09289
2017-07-20 16:00:00,77.95,77.90066
2017-03-28 22:00:00,77.17,77.21147
2019-12-25 12:00:00,77.11,77.1923
2015-07-17 16:00:00,77.81,77.78772
2014-02-11 07:00:00,77.19,77.184395
2020-12-22 18:00:00,77.11,77.374695
2015-01-27 17:00:00,77.26,77.170654
2015-11-09 02:00:00,77.47,77.5505
2020-03-09 21:00:00,77.29,77.26017
2017-05-01 14:00:00,77.16,77.42355
2016-11-04 20:00:00,77.51,77.25954
2018-12-18 17:00:00,77.21,77.21566
2015-08-01 04:00:00,77.97,77.94758
2015-03-19 11:00:00,77.36,77.344894
2017-10-02 10:00:00,77.61,78.01975
2017-03-22 17:00:00,77.11,77.20393
2014-05-14 07:00:00,77.52,77.613335
2017-05-01 15:00:00,77.16,77.43457
2019-07-07 06:00:00,77.51,77.78609
2020-03-19 07:00:00,77.22,77.19695
2014-09-12 02:00:00,77.69,77.76055
2017-03-12 15:00:00,77.15,77.213905
2020-04-20 05:00:00,77.26,77.29104
2017-11-08 05:00:00,77.21,77.39205
2020-04-04 04:00:00,77.11,77.18333
2020-06-27 03:00:00,77.59,77.7837
2018-02-19 05:00:00,77.12,77.20582
2019-07-18 03:00:00,77.84,77.87048
2020-12-05 11:00:00,77.19,77.21993
2020-09-05 04:00:00,78.02,77.76995
2015-11-18 17:00:00,77.67,77.56545
2020-06-17 09:00:00,77.71,77.776054
2020-04-02 21:00:00,77.12,77.19176
2017-01-29 08:00:00,77.14,77.15919
2020-06-08 08:00:00,77.73,77.707054
2018-03-13 07:00:00,77.56,77.35244
2016-01-10 08:00:00,77.34,77.29954
2014-09-14 14:00:00,77.78,77.60615
2014-01-18 13:00:00,77.25,77.14614
2014-06-14 22:00:00,77.62,77.76783
2014-01-16 22:00:00,77.24,77.165016
2018-12-30 23:00:00,77.13,77.19974
2020-08-24 06:00:00,77.99,77.86839
2020-03-09 09:00:00,77.3,77.212616
2020-11-07 01:00:00,77.32,77.34319
2014-03-06 06:00:00,77.17,77.245476
2016-12-19 20:00:00,77.23,77.34467
2019-02-05 00:00:00,77.24,77.19403
2019-04-23 20:00:00,77.43,77.44532
2019-01-09 07:00:00,77.12,77.20272
2017-11-29 10:00:00,77.14,77.55705
2014-02-12 19:00:00,77.18,77.165375
2017-10-16 19:00:00,77.42,77.47882
2016-01-07 07:00:00,77.37,77.39215
2015-10-08 18:00:00,77.53,77.57687
2020-01-04 16:00:00,77.1,77.1948
2018-02-09 04:00:00,77.04,77.179375
2016-03-30 17:00:00,77.28,77.37044
2014-12-03 14:00:00,77.67,77.28388
2017-09-02 19:00:00,77.82,77.74062
2015-01-19 11:00:00,77.27,77.13533
2014-11-30 01:00:00,77.66,77.43908
2015-07-17 05:00:00,77.84,77.77677
2019-11-02 05:00:00,77.23,77.3615
2015-06-14 20:00:00,77.76,77.77887
2019-04-10 10:00:00,77.44,77.35762
2016-08-20 10:00:00,78.02,78.0372
2020-01-15 07:00:00,77.27,77.16934
2018-11-21 22:00:00,77.24,77.238205
2017-01-09 05:00:00,77.25,77.28224
2015-03-01 13:00:00,77.19,77.190735
2015-12-07 15:00:00,77.7,77.433334
2014-04-04 00:00:00,77.34,77.202385
2014-12-25 22:00:00,77.51,77.26529
2019-05-05 13:00:00,77.34,77.304405
2016-12-12 09:00:00,77.24,77.20867
2014-02-02 10:00:00,77.24,77.25733
2016-09-20 14:00:00,78.0,77.676315
2017-04-13 19:00:00,77.25,77.2248
2014-03-17 05:00:00,77.45,77.33952
2018-08-20 05:00:00,77.89,77.76777
2018-03-23 01:00:00,77.82,77.49772
2020-05-27 22:00:00,77.65,77.50291
2016-10-05 14:00:00,78.16,78.06843
2018-12-31 02:00:00,77.13,77.20602
2019-07-18 01:00:00,77.83,77.78552
2014-08-10 13:00:00,77.88,77.867256
2016-09-24 18:00:00,77.69,77.68544
2019-07-06 09:00:00,77.53,77.79078
2016-10-06 20:00:00,78.19,77.790825
2016-08-14 00:00:00,78.07,78.028725
2018-03-19 21:00:00,77.81,77.5137
2017-02-08 09:00:00,77.15,77.15768
2017-02-05 19:00:00,77.15,77.21321
2014-02-25 17:00:00,77.13,77.17302
2015-03-23 16:00:00,77.35,77.16561
2016-01-01 18:00:00,77.41,77.51026
2016-05-05 04:00:00,77.7,77.66022
2017-11-29 09:00:00,77.15,77.54566
2020-08-02 16:00:00,78.04,77.864624
2019-04-19 00:00:00,77.39,77.400246
2016-03-20 01:00:00,77.4,77.52919
2017-04-02 19:00:00,77.14,77.165184
2018-10-01 04:00:00,77.41,77.6871
2018-12-09 17:00:00,77.28,77.18046
2017-09-01 16:00:00,77.73,77.78251
2020-03-25 17:00:00,77.2,77.27562
2015-04-26 19:00:00,77.35,77.3646
2017-01-27 19:00:00,77.14,77.16284
2019-04-27 23:00:00,77.37,77.325745
2016-09-05 06:00:00,77.81,77.96344
2018-08-04 12:00:00,77.91,77.94962
2019-02-23 12:00:00,77.17,77.1916
2016-02-17 15:00:00,77.43,77.30825
2018-09-10 07:00:00,77.68,77.66584
2020-03-18 09:00:00,77.23,77.23441
2019-10-12 20:00:00,77.46,77.599396
2018-12-22 19:00:00,77.19,77.29765
2015-07-16 08:00:00,77.9,77.81831
2019-06-28 06:00:00,77.85,77.790924
2019-09-18 22:00:00,77.37,77.662926
2014-09-23 03:00:00,77.64,77.59563
2017-05-07 01:00:00,77.26,77.30995
2015-06-29 06:00:00,77.72,77.7538
2017-04-03 23:00:00,77.13,77.226006
2016-06-10 10:00:00,77.81,77.75135
2016-05-12 22:00:00,77.63,77.68614
2014-05-06 01:00:00,77.5,77.44723
2014-12-04 16:00:00,77.63,77.25864
2018-04-03 16:00:00,77.38,77.60801
2018-10-09 05:00:00,77.88,77.505196
2017-04-24 00:00:00,77.25,77.33111
2016-08-19 19:00:00,78.01,78.013885
2018-08-31 08:00:00,77.98,77.92002
2018-03-12 19:00:00,77.57,77.514824
2018-12-11 20:00:00,77.26,77.24596
2014-10-28 22:00:00,77.44,77.30157
2018-06-19 14:00:00,77.79,77.81347
2017-02-05 07:00:00,77.15,77.175285
2017-07-22 21:00:00,77.79,77.88068
2017-03-25 22:00:00,77.18,77.32914
2016-08-23 12:00:00,77.94,78.04698
2019-01-08 05:00:00,77.13,77.17431
2017-09-26 04:00:00,77.34,77.771545
2020-02-24 14:00:00,77.29,77.17678
2015-10-08 16:00:00,77.53,77.540405
2017-03-05 12:00:00,77.21,77.22758
2016-10-29 08:00:00,77.6,77.58615
2020-11-08 11:00:00,77.32,77.33541
2016-03-31 15:00:00,77.28,77.289566
2019-03-08 22:00:00,77.11,77.18707
2019-11-13 02:00:00,77.2,77.296745
2018-11-03 00:00:00,77.29,77.27126
2015-06-09 00:00:00,77.79,77.75588
2018-06-04 00:00:00,77.74,77.79245
2016-01-21 17:00:00,77.29,77.17742
2020-04-05 23:00:00,77.14,77.18303
2016-09-26 15:00:00,77.6,77.74311
2017-10-28 02:00:00,77.27,77.347435
2019-07-07 03:00:00,77.51,77.78958
2015-10-26 07:00:00,77.29,77.3515
2014-09-25 03:00:00,77.99,78.09558
2019-10-26 08:00:00,77.27,77.44662
2018-02-21 22:00:00,77.12,77.20348
2016-11-23 15:00:00,77.31,77.20452
2014-10-02 00:00:00,77.59,77.59864
2019-12-16 08:00:00,77.14,77.20801
2019-07-24 21:00:00,77.89,77.88467
2019-01-21 17:00:00,77.1,77.15776
2019-11-06 03:00:00,77.21,77.3426
2020-02-15 06:00:00,77.17,77.18125
2015-12-22 18:00:00,77.59,77.64231
2015-06-07 20:00:00,77.75,77.748436
2020-06-18 02:00:00,77.68,77.76279
2015-09-30 03:00:00,77.52,77.63647
2020-07-14 15:00:00,78.18,77.79627
2018-06-08 19:00:00,77.77,77.83554
2020-11-13 18:00:00,77.28,77.321075
2017-06-01 03:00:00,77.84,77.801094
2020-02-13 09:00:00,77.18,77.24648
2017-08-30 14:00:00,77.61,77.87621
2019-06-22 08:00:00,77.78,77.76474
2015-07-07 13:00:00,77.62,77.72474
2020-11-28 04:00:00,77.23,77.21163
2020-05-28 01:00:00,77.65,77.54642
2019-12-24 17:00:00,77.12,77.19582
2018-06-22 13:00:00,77.81,77.823006
2015-08-26 20:00:00,77.9,77.88225
2020-08-02 18:00:00,78.02,77.87389
2015-02-09 08:00:00,77.23,77.15307
2015-05-21 09:00:00,77.74,77.762825
2017-06-02 00:00:00,77.8,77.73722
2019-08-15 06:00:00,77.9,77.90293
2017-05-05 20:00:00,77.21,77.47815
2016-09-17 18:00:00,78.24,78.107025
2016-02-17 05:00:00,77.43,77.26403
2017-07-15 06:00:00,78.15,77.86534
2014-05-17 05:00:00,77.56,77.701706
2018-10-31 06:00:00,77.32,77.29937
2015-11-25 16:00:00,77.61,77.559525
2019-03-29 01:00:00,77.1,77.3047
2014-07-24 15:00:00,77.82,77.93935
2014-08-26 05:00:00,78.13,78.14366
2018-03-08 12:00:00,77.54,77.34082
2018-08-10 22:00:00,77.9,77.93743
2014-03-16 05:00:00,77.47,77.288315
2015-03-16 15:00:00,77.25,77.205055
2017-08-27 10:00:00,77.75,77.71648
2017-02-26 04:00:00,77.3,77.210884
2017-04-03 13:00:00,77.14,77.23139
2018-10-28 11:00:00,77.33,77.37093
2019-06-13 23:00:00,77.71,77.72986
2018-04-23 14:00:00,77.52,77.50878
2014-02-28 13:00:00,77.17,77.27294
2015-03-14 12:00:00,77.2,77.257866
2018-05-30 07:00:00,77.81,77.77998
2020-03-30 01:00:00,77.15,77.220146
2018-09-20 03:00:00,77.58,77.81412
2018-09-19 02:00:00,77.6,77.65906
2020-03-09 17:00:00,77.3,77.24694
2015-04-28 03:00:00,77.35,77.341225
2016-02-29 21:00:00,77.31,77.24219
2015-08-09 00:00:00,78.07,77.97281
2014-07-27 16:00:00,77.75,77.790016
2015-09-20 05:00:00,77.74,77.68245
2019-01-06 21:00:00,77.14,77.18428
2016-12-02 00:00:00,77.29,77.32554
2016-12-12 21:00:00,77.23,77.264984
2014-11-18 07:00:00,77.26,77.25024
2019-02-02 00:00:00,77.09,77.181526
2017-09-28 10:00:00,77.37,77.83228
2020-10-09 06:00:00,77.48,77.39589
2017-02-09 23:00:00,77.13,77.17714
2019-01-26 17:00:00,77.07,77.14958
2020-03-13 15:00:00,77.3,77.16291
2020-05-30 07:00:00,77.65,77.55042
2016-05-19 12:00:00,77.61,77.652214
2016-11-29 09:00:00,77.28,77.28125
2015-03-30 21:00:00,77.24,77.235535
2015-09-20 04:00:00,77.74,77.68572
2016-01-08 15:00:00,77.36,77.35469
2015-07-07 12:00:00,77.61,77.71716
2018-10-02 09:00:00,77.39,77.67729
2015-02-25 09:00:00,77.19,77.17856
2015-10-07 12:00:00,77.57,77.44652
2015-10-07 16:00:00,77.57,77.4616
2019-09-13 10:00:00,77.56,77.769196
2016-05-16 02:00:00,77.5,77.623116
2015-03-13 11:00:00,77.16,77.18706
2015-01-13 00:00:00,77.33,77.2039
2017-04-18 21:00:00,77.39,77.35222
2016-11-07 16:00:00,77.47,77.320465
2018-09-10 01:00:00,77.69,77.63737
2017-12-22 20:00:00,77.1,77.30804
2015-04-06 09:00:00,77.44,77.36731
2018-07-10 00:00:00,77.57,77.78289
2020-12-25 17:00:00,77.11,77.274536
2018-11-04 21:00:00,77.28,77.29196
2015-09-07 08:00:00,77.89,77.86406
2015-03-09 04:00:00,77.19,77.14152
2019-08-24 17:00:00,77.94,77.77985
2018-03-22 04:00:00,77.85,77.45046
2014-06-01 03:00:00,77.74,77.78966
2020-01-19 06:00:00,77.21,77.18206
2017-12-14 15:00:00,77.1,77.16044
2017-12-11 19:00:00,77.12,77.187935
2019-12-18 19:00:00,77.15,77.253174
2018-06-13 01:00:00,77.86,77.79932
2015-12-31 13:00:00,77.45,77.46657
2020-12-15 09:00:00,77.16,77.03412
2019-11-05 00:00:00,77.22,77.333
2016-12-15 05:00:00,77.24,77.23065
2015-11-11 23:00:00,77.41,77.35049
2015-05-20 15:00:00,77.75,77.68882
2020-07-03 21:00:00,77.6,77.80713
2015-09-18 05:00:00,77.75,77.66208
2015-03-10 12:00:00,77.17,77.175995
2019-01-10 04:00:00,77.12,77.17131
2019-08-04 01:00:00,77.69,77.853676
2017-02-26 14:00:00,77.29,77.20305
2017-03-07 07:00:00,77.24,77.17748
2016-07-01 05:00:00,77.76,77.809845
2017-02-23 15:00:00,77.29,77.23432
2016-06-07 12:00:00,77.8,77.725975
2015-06-04 02:00:00,77.72,77.80306
2019-02-04 13:00:00,77.24,77.21244
2014-09-19 00:00:00,77.73,77.68546
2017-11-11 12:00:00,77.2,77.37669
2016-03-30 00:00:00,77.29,77.37571
2019-06-15 21:00:00,77.76,77.73342
2019-06-29 02:00:00,77.76,77.78196
2015-12-13 12:00:00,77.76,77.68309
2019-01-05 15:00:00,77.14,77.18148
2015-05-29 23:00:00,77.72,77.72881
2018-12-11 14:00:00,77.26,77.182274
2014-01-05 07:00:00,77.3,77.174644
2016-07-29 00:00:00,78.03,77.95607
2016-08-21 18:00:00,78.04,77.96473
2019-04-08 01:00:00,77.19,77.3742
2019-10-09 23:00:00,77.58,77.4753
2016-04-10 16:00:00,77.63,77.451035
2020-09-29 08:00:00,77.62,77.452675
2020-06-28 15:00:00,77.6,77.811775
2017-11-18 01:00:00,77.18,77.23629
2017-07-29 13:00:00,77.68,77.89101
2017-07-16 19:00:00,78.29,77.85723
2016-04-28 22:00:00,77.9,77.64939
2020-03-10 17:00:00,77.33,77.256004
2016-09-11 04:00:00,77.96,77.84879
2014-07-03 15:00:00,77.84,77.841225
2018-06-16 05:00:00,77.75,77.77367
2016-02-04 12:00:00,77.51,77.39704
2014-02-05 07:00:00,77.21,77.16004
2020-11-07 15:00:00,77.34,77.386505
2014-12-18 13:00:00,77.48,77.22294
2015-11-18 01:00:00,77.68,77.52306
2015-08-08 01:00:00,77.97,77.91121
2017-11-25 15:00:00,77.15,77.25325
2014-03-14 21:00:00,77.51,77.27724
2018-08-18 02:00:00,77.89,77.91966
2016-10-02 07:00:00,77.84,77.74456
2020-02-09 02:00:00,77.18,77.184425
2015-04-13 17:00:00,77.37,77.28796
2015-04-09 06:00:00,77.49,77.3479
2016-09-18 04:00:00,78.34,78.106415
2018-09-06 07:00:00,77.97,77.81299
2016-02-04 01:00:00,77.52,77.27898
2014-10-10 23:00:00,77.34,77.514694
2020-07-08 06:00:00,77.47,77.90757
2019-04-20 10:00:00,77.41,77.49351
2018-05-25 10:00:00,77.89,77.7956
2018-10-03 19:00:00,77.37,77.55563
2020-03-22 06:00:00,77.21,77.25445
2015-08-23 22:00:00,77.89,77.89722
2016-01-14 21:00:00,77.3,77.21747
2016-01-13 10:00:00,77.33,77.227844
2017-05-06 19:00:00,77.29,77.37018
2019-12-26 10:00:00,77.12,77.23228
2016-08-12 21:00:00,78.06,78.0021
2018-11-26 19:00:00,77.22,77.23275
2019-09-16 16:00:00,77.43,77.868034
2015-10-11 11:00:00,77.49,77.41312
2020-06-21 16:00:00,77.79,77.792465
2014-10-31 03:00:00,77.38,77.343056
2015-03-08 13:00:00,77.18,77.15768
2015-01-25 03:00:00,77.24,77.1783
2014-11-16 19:00:00,77.26,77.25446
2014-05-17 13:00:00,77.6,77.659096
2017-04-03 19:00:00,77.14,77.239
2018-06-21 16:00:00,77.85,77.822655
2019-02-16 07:00:00,77.1,77.153244
2014-05-29 00:00:00,77.81,77.76102
2016-08-30 09:00:00,77.92,77.75646
2018-05-31 10:00:00,77.83,77.81076
2015-03-29 00:00:00,77.26,77.19123
2015-12-13 02:00:00,77.76,77.6771
2020-12-30 04:00:00,77.15,77.308914
2017-03-28 16:00:00,77.18,77.23682
2014-03-22 20:00:00,77.35,77.246376
2015-08-30 01:00:00,77.72,77.820404
2020-11-07 06:00:00,77.33,77.339325
2020-10-22 14:00:00,77.47,77.38798
2015-01-06 02:00:00,77.37,77.21941
2014-03-26 00:00:00,77.37,77.385925
2020-02-06 04:00:00,77.21,77.16777
2019-10-27 23:00:00,77.26,77.3311
2015-10-27 11:00:00,77.31,77.434654
2019-07-11 03:00:00,77.6,77.84016
2016-07-22 23:00:00,77.56,77.85
2014-01-09 23:00:00,77.27,77.17766
2020-08-05 05:00:00,77.81,77.892235
2019-07-24 02:00:00,77.97,77.85297
2017-05-24 09:00:00,77.72,77.633125
2015-01-11 17:00:00,77.34,77.14901
2017-09-05 06:00:00,77.88,77.74298
2018-01-10 11:00:00,77.08,77.36612
2018-11-24 16:00:00,77.23,77.1585
2014-08-09 08:00:00,77.93,77.84828
2020-03-11 03:00:00,77.33,77.20973
2018-02-12 08:00:00,77.07,77.26901
2015-01-15 16:00:00,77.31,77.175575
2019-05-31 23:00:00,77.69,77.62041
2014-05-13 05:00:00,77.51,77.665924
2016-04-20 18:00:00,77.53,77.456436
2015-11-21 09:00:00,77.71,77.45872
2019-10-22 07:00:00,77.3,77.367294
2019-02-03 16:00:00,77.16,77.20555
2020-09-16 08:00:00,77.83,77.86022
2015-11-07 20:00:00,77.33,77.4123
2014-07-30 06:00:00,77.72,77.88791
2020-11-25 01:00:00,77.29,77.25199
2020-06-11 21:00:00,77.64,77.74065
2018-11-22 13:00:00,77.24,77.206474
2016-10-26 10:00:00,77.6,77.563644
2014-12-20 21:00:00,77.5,77.317856
2015-05-22 06:00:00,77.77,77.7749
2015-08-31 09:00:00,77.84,77.800545
2016-12-01 16:00:00,77.29,77.2901
2015-11-08 02:00:00,77.38,77.48058
2014-09-18 11:00:00,77.74,77.6146
2016-01-11 13:00:00,77.33,77.29337
2020-02-26 08:00:00,77.35,77.33971
2018-06-17 22:00:00,77.74,77.775795
2015-10-17 12:00:00,77.37,77.49074
2014-10-24 20:00:00,77.62,77.415146
2014-12-28 06:00:00,77.47,77.18926
2019-04-04 11:00:00,76.95,77.14989
2020-11-26 10:00:00,77.25,77.252365
2016-10-28 05:00:00,77.58,77.425735
2018-02-17 21:00:00,77.12,77.242165
2017-08-14 20:00:00,78.12,78.00707
2019-12-14 08:00:00,77.14,77.16771
2017-11-01 21:00:00,77.24,77.31326
2014-05-31 00:00:00,77.77,77.78857
2017-09-29 01:00:00,77.35,77.71069
2020-07-21 21:00:00,77.58,77.93567
2014-10-07 10:00:00,77.4,77.4562
2019-04-22 19:00:00,77.47,77.51463
2014-12-08 01:00:00,77.57,77.2632
2014-03-01 18:00:00,77.17,77.29979
2016-11-17 14:00:00,77.34,77.316345
2014-10-11 09:00:00,77.33,77.469986
2020-04-08 17:00:00,77.16,77.18031
2014-03-27 15:00:00,77.56,77.33937
2018-01-07 23:00:00,77.05,77.253075
2019-02-22 16:00:00,77.18,77.165596
2017-06-12 21:00:00,77.84,77.77879
2020-07-08 23:00:00,77.45,77.820786
2018-08-04 19:00:00,77.91,77.92366
2020-10-27 17:00:00,77.38,77.36824
2015-02-17 18:00:00,77.18,77.165924
2015-09-21 12:00:00,77.7,77.75491
2018-09-15 01:00:00,77.6,77.84389
2015-08-26 12:00:00,77.93,77.83957
2020-10-24 04:00:00,77.41,77.370804
2019-03-10 21:00:00,77.16,77.2149
2016-11-22 21:00:00,77.31,77.27785
2020-03-21 00:00:00,77.2,77.19819
2020-09-27 09:00:00,77.63,77.531845
2017-07-20 14:00:00,77.96,77.89604
2014-03-24 00:00:00,77.34,77.26399
2015-09-26 10:00:00,77.64,77.81552
2019-09-09 12:00:00,77.82,77.92126
2015-05-07 10:00:00,77.49,77.572365
2015-09-10 22:00:00,77.64,77.62192
2019-12-26 23:00:00,77.1,77.198395
2018-06-22 15:00:00,77.81,77.821785
2014-06-06 19:00:00,77.77,77.775665
2020-02-14 10:00:00,77.18,77.23211
2018-06-26 06:00:00,77.76,77.77672
2020-10-20 09:00:00,77.4,77.33807
2020-07-08 04:00:00,77.47,77.91381
2020-11-07 21:00:00,77.32,77.36513
2014-04-24 18:00:00,77.43,77.25604
2018-06-15 00:00:00,77.78,77.791565
2019-04-03 00:00:00,76.96,77.16053
2016-04-01 05:00:00,77.28,77.25687
2015-02-27 07:00:00,77.19,77.163025
2015-04-15 04:00:00,77.4,77.260666
2014-06-02 14:00:00,77.8,77.78632
2019-12-10 12:00:00,77.1,77.23542
2015-03-17 05:00:00,77.23,77.16341
2015-01-02 11:00:00,77.38,77.232704
2020-06-17 07:00:00,77.71,77.7698
2020-01-14 11:00:00,77.29,77.20729
2018-05-31 11:00:00,77.83,77.81368
2019-08-25 21:00:00,77.84,77.74031
2019-05-17 07:00:00,77.21,77.30166
2018-09-24 16:00:00,77.53,77.72666
2016-02-23 02:00:00,77.34,77.28504
2018-07-19 09:00:00,77.75,77.85583
2019-01-24 19:00:00,77.08,77.14016
2019-04-30 19:00:00,77.57,77.41977
2018-04-14 13:00:00,77.5,77.52146
2018-05-24 11:00:00,77.93,77.7796
2015-06-29 16:00:00,77.71,77.75415
2018-07-23 07:00:00,78.0,77.883705
2016-05-24 18:00:00,77.87,77.78157
2017-07-09 04:00:00,78.01,78.10985
2017-04-26 21:00:00,77.24,77.326256
2014-04-30 07:00:00,77.66,77.53158
2018-06-25 03:00:00,77.79,77.79892
2016-07-22 14:00:00,77.57,77.87167
2018-04-17 16:00:00,77.54,77.55094
2016-02-23 16:00:00,77.34,77.23909
2017-09-29 18:00:00,77.34,77.65225
2018-02-19 11:00:00,77.12,77.2079
2015-03-05 15:00:00,77.19,77.17924
2020-12-13 09:00:00,77.17,76.98742
2019-08-15 11:00:00,77.92,77.91545
2015-09-22 05:00:00,77.68,77.706566
2016-03-05 20:00:00,77.52,77.44418
2018-05-08 15:00:00,77.6,77.72645
2017-06-11 00:00:00,77.86,77.738945
2019-09-10 12:00:00,77.76,78.04751
2016-08-13 03:00:00,78.07,77.9857
2014-11-19 09:00:00,77.25,77.214035
2018-06-03 22:00:00,77.74,77.80166
2014-05-12 01:00:00,77.48,77.635254
2015-04-08 03:00:00,77.51,77.363045
2019-11-14 06:00:00,77.19,77.24412
2016-03-22 06:00:00,77.37,77.386444
2020-12-27 22:00:00,77.11,77.46733
2015-08-28 00:00:00,77.83,77.8036
2019-12-30 06:00:00,77.12,77.19612
2019-12-04 09:00:00,77.18,77.2015
2020-09-19 17:00:00,77.75,77.57962
2019-04-09 09:00:00,77.24,77.239395
2020-03-05 06:00:00,77.3,77.169136
2016-05-04 21:00:00,77.71,77.59082
2020-08-17 01:00:00,77.92,77.83709
2019-02-21 16:00:00,77.2,77.18699
2020-08-03 08:00:00,77.95,77.89056
2017-12-18 11:00:00,77.1,77.320915
2019-07-01 13:00:00,77.85,77.82781
2014-11-01 09:00:00,77.47,77.43919
2014-07-13 16:00:00,77.66,77.87993
2018-12-04 15:00:00,77.29,77.34166
2016-09-04 14:00:00,77.8,77.98602
2016-01-31 12:00:00,77.68,77.33605
2019-01-20 13:00:00,77.11,77.15428
2018-04-09 19:00:00,77.63,77.56605
2015-05-06 21:00:00,77.5,77.54958
2020-08-05 16:00:00,78.02,77.92943
2017-12-20 21:00:00,77.12,77.309235
2018-01-12 13:00:00,77.07,77.293564
2019-08-20 12:00:00,77.87,77.81606
2017-07-07 15:00:00,77.82,77.87623
2019-03-17 17:00:00,77.14,77.164665
2018-06-20 04:00:00,77.85,77.80582
2019-11-09 21:00:00,77.19,77.29903
2017-11-11 17:00:00,77.2,77.33217
2018-07-12 17:00:00,77.6,77.84611
2020-01-19 03:00:00,77.21,77.19187
2019-01-26 03:00:00,77.08,77.18191
2016-11-15 09:00:00,77.35,77.36071
2016-08-06 17:00:00,78.01,77.97519
2016-04-21 22:00:00,77.65,77.59649
2020-08-05 20:00:00,78.11,77.95681
2014-12-29 10:00:00,77.44,77.20879
2017-05-03 16:00:00,77.2,77.41368
2016-05-13 20:00:00,77.5,77.695595
2015-04-07 15:00:00,77.5,77.42511
2015-07-20 03:00:00,77.62,77.82059
2015-04-23 08:00:00,77.43,77.2729
2014-11-29 00:00:00,77.68,77.50509
2014-05-13 17:00:00,77.51,77.6307
2014-12-27 20:00:00,77.47,77.22395
2014-09-16 19:00:00,77.75,77.84586
2017-05-20 02:00:00,77.55,77.49838
2015-06-05 11:00:00,77.72,77.75677
2017-03-30 02:00:00,77.17,77.347404
2015-06-29 01:00:00,77.72,77.75396
2015-04-02 20:00:00,77.23,77.32896
2020-02-23 21:00:00,77.28,77.197334
2019-12-03 07:00:00,77.21,77.23893
2017-03-08 06:00:00,77.22,77.16804
2020-09-11 17:00:00,77.88,77.72768
2019-04-12 22:00:00,77.41,77.28888
2014-11-16 22:00:00,77.27,77.27422
2019-11-09 09:00:00,77.2,77.26781
2019-02-22 20:00:00,77.18,77.17587
2017-07-12 18:00:00,77.71,77.858345
2014-12-27 15:00:00,77.47,77.2008
2019-06-23 13:00:00,77.99,77.8385
2017-03-16 20:00:00,77.11,77.19116
2015-04-03 09:00:00,77.23,77.32257
2020-07-16 10:00:00,77.91,77.80286
2017-07-29 22:00:00,77.69,77.927246
2018-11-27 16:00:00,77.22,77.20129
2018-09-05 09:00:00,78.11,77.90411
2015-02-04 20:00:00,77.21,77.16927
2018-04-14 21:00:00,77.53,77.4684
2016-07-02 17:00:00,78.17,78.11919
2018-09-27 19:00:00,77.46,77.60124
2018-07-14 13:00:00,77.5,77.86188
2016-10-19 16:00:00,77.86,77.54801
2016-07-17 12:00:00,77.62,77.84443
2014-11-21 03:00:00,77.24,77.22709
2020-04-06 02:00:00,77.14,77.17856
2015-12-04 09:00:00,77.71,77.323616
2015-12-14 06:00:00,77.73,77.65807
2014-07-07 06:00:00,77.81,77.80616
2019-07-08 08:00:00,77.51,77.78477
2020-03-27 23:00:00,77.23,77.213394
2017-07-26 23:00:00,77.83,77.89031
2020-05-21 04:00:00,77.71,77.38327
2015-02-19 16:00:00,77.18,77.18162
2017-09-13 06:00:00,78.03,77.797295
2018-09-23 19:00:00,77.56,77.66317
2018-12-01 19:00:00,77.21,77.276184
2014-04-29 06:00:00,77.6,77.53162
2016-02-18 04:00:00,77.42,77.274826
2017-03-05 14:00:00,77.21,77.25141
2016-05-15 20:00:00,77.47,77.60827
2017-04-09 06:00:00,77.15,77.27565
2020-06-24 01:00:00,77.66,77.76552
2020-03-27 11:00:00,77.2,77.30772
2019-08-10 04:00:00,77.91,77.85512
2017-02-05 14:00:00,77.15,77.190056
2019-06-20 12:00:00,77.75,77.77782
2014-06-27 17:00:00,77.74,77.77043
2020-06-02 03:00:00,77.56,77.64588
2015-04-26 17:00:00,77.36,77.391914
2014-10-11 14:00:00,77.33,77.48437
2017-05-16 21:00:00,77.4,77.494286
2015-10-02 22:00:00,77.86,77.63859
2018-12-02 09:00:00,77.21,77.20021
2020-06-23 10:00:00,77.68,77.77191
2017-06-23 15:00:00,77.89,77.808205
2018-08-19 20:00:00,77.88,77.78746
2017-07-13 08:00:00,77.68,77.85041
2015-03-15 13:00:00,77.21,77.14511
2016-06-18 06:00:00,77.79,77.783585
2019-04-22 01:00:00,77.47,77.52476
2019-06-24 16:00:00,77.84,77.77068
2015-05-20 09:00:00,77.72,77.6966
2014-09-25 11:00:00,77.96,77.869934
2020-11-21 00:00:00,77.41,77.27138
2019-06-11 00:00:00,77.73,77.733315
2016-09-09 14:00:00,77.84,77.850334
2016-11-26 23:00:00,77.3,77.23255
2018-10-29 23:00:00,77.34,77.39235
2019-09-04 23:00:00,77.77,77.84441
2016-12-21 20:00:00,77.25,77.33918
2020-02-19 08:00:00,77.25,77.19522
2017-01-10 03:00:00,77.24,77.223915
2020-05-12 22:00:00,77.19,77.232254
2020-11-09 08:00:00,77.31,77.29818
2019-06-23 14:00:00,77.99,77.84274
2015-06-15 05:00:00,77.8,77.78557
2020-01-16 07:00:00,77.25,77.17999
2018-02-18 08:00:00,77.12,77.19868
2015-01-21 08:00:00,77.27,77.17294
2014-07-05 03:00:00,77.8,77.82454
2018-07-25 22:00:00,77.95,77.89604
2014-11-23 23:00:00,77.21,77.26264
2014-09-25 01:00:00,78.0,78.09571
2019-07-13 14:00:00,77.69,77.8019
2014-08-01 13:00:00,77.78,77.85504
2014-02-01 16:00:00,77.23,77.1988
2016-06-06 13:00:00,77.81,77.7589
2020-12-12 13:00:00,77.18,77.367874
2019-12-01 11:00:00,77.12,77.248245
2018-10-26 11:00:00,77.33,77.32752
2016-03-04 22:00:00,77.38,77.35762
2017-01-27 20:00:00,77.14,77.170364
2019-07-06 14:00:00,77.53,77.80319
2016-01-05 18:00:00,77.39,77.27085
2017-07-04 04:00:00,77.86,77.86875
2019-12-24 15:00:00,77.12,77.221924
2016-04-18 08:00:00,77.62,77.45276
2017-01-10 16:00:00,77.22,77.18555
2016-01-25 23:00:00,77.26,77.201706
2018-02-08 09:00:00,77.03,77.18124
2014-06-21 18:00:00,77.77,77.76759
2016-02-09 06:00:00,77.37,77.22192
2019-12-06 01:00:00,77.14,77.19933
2018-12-12 11:00:00,77.25,77.30167
2014-05-31 10:00:00,77.76,77.80395
2016-04-16 21:00:00,77.51,77.44936
2019-07-17 23:00:00,77.83,77.77366
2015-08-31 06:00:00,77.84,77.80967
2014-02-13 02:00:00,77.18,77.18212
2018-07-04 10:00:00,78.07,77.88667
2015-02-13 11:00:00,77.17,77.16276
2016-06-02 17:00:00,77.81,77.71632
2016-02-09 10:00:00,77.37,77.27918
2015-05-14 07:00:00,77.52,77.615036
2016-05-27 13:00:00,77.87,77.78439
2018-03-03 20:00:00,77.26,77.33669
2016-08-04 19:00:00,78.06,77.90083
2017-12-23 00:00:00,77.1,77.267784
2014-03-23 21:00:00,77.33,77.27917
2020-01-24 00:00:00,77.2,77.26197
2019-10-30 16:00:00,77.24,77.29888
2018-02-07 15:00:00,77.03,77.250755
2016-08-14 16:00:00,78.07,78.01382
2018-03-08 06:00:00,77.48,77.31837
2018-05-01 22:00:00,77.64,77.63952
2020-03-11 05:00:00,77.34,77.18109
2015-03-07 16:00:00,77.18,77.141846
2016-08-30 02:00:00,77.94,77.79552
2018-04-15 00:00:00,77.53,77.50012
2014-05-22 14:00:00,77.77,77.77384
2019-06-17 00:00:00,77.74,77.796776
2020-07-24 21:00:00,78.1,77.87834
2018-10-26 21:00:00,77.33,77.36725
2014-05-06 05:00:00,77.49,77.4553
2019-10-01 12:00:00,77.59,77.769356
2014-10-08 00:00:00,77.4,77.42133
2019-07-20 14:00:00,78.01,77.94877
2020-02-01 22:00:00,77.25,77.17667
2014-05-22 22:00:00,77.79,77.77791
2014-03-10 19:00:00,77.14,77.28539
2014-06-24 00:00:00,77.94,77.824905
2015-02-27 01:00:00,77.19,77.146996
2019-09-05 23:00:00,77.73,77.89082
2018-12-25 16:00:00,77.17,77.18421
2019-05-05 04:00:00,77.35,77.25454
2018-07-15 09:00:00,77.47,77.84705
2019-01-29 11:00:00,77.07,77.18296
2018-02-07 14:00:00,77.03,77.25414
2015-01-25 11:00:00,77.24,77.18419
2018-11-06 20:00:00,77.26,77.3508
2019-04-27 20:00:00,77.37,77.30923
2020-10-04 23:00:00,77.55,77.46934
2014-06-30 23:00:00,77.69,77.766136
2016-07-14 13:00:00,77.68,77.88544
2018-08-30 22:00:00,78.01,77.913315
2018-10-01 05:00:00,77.41,77.71486
2018-06-07 03:00:00,77.78,77.79378
2019-03-25 01:00:00,77.15,77.15346
2019-10-08 16:00:00,77.68,77.69974
2018-04-05 03:00:00,77.42,77.59068
2014-05-24 05:00:00,77.84,77.75525
2019-09-10 04:00:00,77.78,78.01673
2016-12-19 17:00:00,77.23,77.32711
2019-05-05 02:00:00,77.35,77.255455
2020-11-03 21:00:00,77.36,77.27017
2020-04-25 01:00:00,77.12,77.2152
2016-07-03 23:00:00,78.24,78.056175
2020-07-24 04:00:00,78.09,77.96445
2016-03-08 18:00:00,77.72,77.540726
2015-05-30 12:00:00,77.74,77.7784
2015-03-07 22:00:00,77.17,77.16136
2019-02-18 05:00:00,77.08,77.162926
2015-04-01 11:00:00,77.22,77.35225
2014-01-29 22:00:00,77.22,77.16957
2019-10-27 05:00:00,77.27,77.42395
2014-04-19 03:00:00,77.38,77.38288
2019-05-11 12:00:00,77.37,77.296326
2015-05-29 15:00:00,77.75,77.756294
2019-04-11 21:00:00,77.46,77.34708
2014-07-17 04:00:00,77.74,77.83878
2018-11-27 23:00:00,77.22,77.2404
2016-12-15 03:00:00,77.23,77.25134
2019-01-25 16:00:00,77.09,77.13938
2018-10-04 05:00:00,77.36,77.48766
2015-04-16 05:00:00,77.4,77.268074
2015-10-01 00:00:00,77.5,77.600494
2014-03-21 14:00:00,77.38,77.25719
2016-01-20 20:00:00,77.29,77.23261
2014-02-17 13:00:00,77.17,77.20545
2017-01-22 06:00:00,77.17,77.193924
2019-04-15 18:00:00,77.31,77.32389
2017-05-04 09:00:00,77.17,77.383705
2016-01-07 06:00:00,77.37,77.39185
2015-08-12 20:00:00,78.0,77.96455
2019-06-22 11:00:00,77.78,77.760216
2020-01-15 22:00:00,77.25,77.18293
2015-04-12 10:00:00,77.39,77.27063
2020-08-22 20:00:00,77.98,77.8943
2019-02-13 21:00:00,77.1,77.19475
2016-12-09 20:00:00,77.24,77.27369
2016-05-24 14:00:00,77.84,77.77184
2017-01-16 20:00:00,77.18,77.17246
2017-07-05 03:00:00,77.85,77.92868
2014-08-30 20:00:00,77.78,77.783226
2017-06-29 07:00:00,77.87,77.78331
2018-09-17 08:00:00,77.6,77.78612
2017-10-18 06:00:00,77.38,77.45817
2020-07-21 13:00:00,77.6,77.92144
2014-02-01 08:00:00,77.23,77.192184
2014-02-19 11:00:00,77.17,77.228714
2020-05-02 15:00:00,77.12,77.32119
2014-09-18 04:00:00,77.74,77.64737
2015-04-13 20:00:00,77.37,77.26904
2020-08-01 01:00:00,78.28,77.82182
2014-02-07 13:00:00,77.2,77.19018
2020-04-24 23:00:00,77.12,77.211426
2015-02-14 09:00:00,77.17,77.15559
2014-12-10 18:00:00,77.52,77.38854
2015-09-08 03:00:00,77.81,77.72718
2014-03-10 01:00:00,77.15,77.18017
2017-01-09 13:00:00,77.23,77.27801
2018-06-17 00:00:00,77.64,77.759224
2014-12-06 20:00:00,77.6,77.26716
2016-03-19 21:00:00,77.4,77.64366
2020-03-30 12:00:00,77.15,77.25025
2018-12-28 15:00:00,77.15,77.166435
2014-08-01 22:00:00,77.79,77.861084
2014-05-07 18:00:00,77.47,77.48822
2019-01-29 10:00:00,77.07,77.18602
2015-04-02 21:00:00,77.23,77.34034
2017-06-11 20:00:00,77.87,77.78898
2015-12-22 17:00:00,77.59,77.6174
2015-09-09 16:00:00,77.79,77.66836
2020-05-11 01:00:00,77.25,77.29387
2020-04-12 18:00:00,77.13,77.33007
2020-03-17 23:00:00,77.23,77.19782
2014-08-25 22:00:00,78.06,78.13748
2018-06-05 09:00:00,77.78,77.78829
2014-04-20 06:00:00,77.36,77.30935
2016-03-15 10:00:00,77.46,77.58723
2018-10-18 23:00:00,77.41,77.43697
2016-02-25 08:00:00,77.32,77.29814
2014-12-29 06:00:00,77.45,77.20738
2015-07-30 15:00:00,77.99,77.95907
2014-11-29 04:00:00,77.68,77.57681
2020-02-23 08:00:00,77.29,77.184
2017-09-09 05:00:00,77.87,77.75863
2016-07-28 16:00:00,78.0,77.930145
2016-05-30 23:00:00,77.79,77.78899
2016-11-14 10:00:00,77.42,77.46101
2016-12-04 04:00:00,77.28,77.182915
2016-05-29 14:00:00,77.89,77.763756
2020-07-18 07:00:00,77.74,77.81243
2014-01-25 12:00:00,77.24,77.19215
2019-05-01 10:00:00,77.54,77.38859
2020-08-22 14:00:00,77.98,77.88938
2020-03-17 05:00:00,77.24,77.16952
2020-05-10 11:00:00,77.31,77.391396
2020-12-26 20:00:00,77.1,77.294624
2015-11-29 22:00:00,77.75,77.460075
2018-12-26 10:00:00,77.16,77.22063
2014-03-04 20:00:00,77.19,77.18438
2019-12-26 01:00:00,77.12,77.21307
2020-05-26 14:00:00,77.72,77.557
2014-12-10 00:00:00,77.53,77.29821
2018-03-03 01:00:00,77.27,77.21893
2020-08-11 14:00:00,78.38,78.06656
2018-12-19 06:00:00,77.21,77.22271
2014-05-15 19:00:00,77.53,77.621574
2018-07-05 12:00:00,77.89,78.071045
2020-06-08 17:00:00,77.71,77.72029
2016-11-08 05:00:00,77.47,77.313896
2019-06-05 04:00:00,77.71,77.67978
2015-10-10 00:00:00,77.48,77.46651
2015-12-02 21:00:00,77.71,77.50341
2015-11-19 06:00:00,77.75,77.607475
2017-09-12 03:00:00,78.17,78.06739
2017-04-11 05:00:00,77.18,77.28933
2015-08-20 14:00:00,77.9,77.89516
2020-01-26 17:00:00,77.18,77.200005
2015-05-01 23:00:00,77.62,77.599884
2017-08-09 12:00:00,77.94,77.924545
2016-02-17 19:00:00,77.42,77.31302
2019-11-13 21:00:00,77.19,77.272995
2020-11-17 08:00:00,77.28,77.348045
2018-01-29 15:00:00,77.12,77.23454
2014-10-17 11:00:00,77.29,77.3822
2016-06-21 00:00:00,77.88,77.814186
2018-06-29 05:00:00,78.11,78.12634
2018-06-11 04:00:00,77.79,77.772736
2016-10-26 17:00:00,77.6,77.5035
2018-11-25 22:00:00,77.24,77.259705
2019-06-10 08:00:00,77.74,77.71808
2018-04-27 19:00:00,77.7,77.66284
2014-05-21 10:00:00,77.76,77.77674
2018-03-21 05:00:00,77.86,77.41447
2018-03-03 14:00:00,77.27,77.29403
2017-04-23 02:00:00,77.26,77.34177
2018-07-14 00:00:00,77.58,77.84308
2016-05-28 22:00:00,77.86,77.76405
2018-02-03 17:00:00,77.06,77.251526
2014-05-26 14:00:00,77.81,77.77048
2018-10-22 15:00:00,77.37,77.35903
2017-10-11 23:00:00,77.41,77.630875
2015-09-08 19:00:00,77.78,77.68446
2015-12-06 03:00:00,77.76,77.51556
2020-05-25 01:00:00,77.71,77.48225
2015-08-19 16:00:00,77.91,77.84354
2020-03-08 08:00:00,77.31,77.22752
2018-12-02 14:00:00,77.21,77.21793
2016-12-05 02:00:00,77.27,77.27623
2019-03-11 22:00:00,77.16,77.25443
2018-09-10 05:00:00,77.69,77.64865
2018-08-09 16:00:00,77.87,77.943245
2018-05-21 11:00:00,77.76,77.734184
2015-12-11 06:00:00,77.74,77.7508
2015-11-22 02:00:00,77.7,77.47484
2016-10-02 00:00:00,77.78,77.68328
2019-07-05 10:00:00,77.58,77.79828
2015-09-08 18:00:00,77.78,77.67776
2018-12-13 17:00:00,77.25,77.26536
2020-07-11 00:00:00,77.9,77.99848
2020-10-19 14:00:00,77.41,77.37699
2020-11-15 19:00:00,77.27,77.33368
2018-02-01 23:00:00,77.06,77.312775
2015-10-06 08:00:00,77.62,77.44126
2018-06-10 17:00:00,77.78,77.79635
2018-09-23 09:00:00,77.58,77.61159
2020-09-24 00:00:00,77.67,77.547615
2019-09-30 07:00:00,77.52,77.76629
2016-07-15 17:00:00,77.64,77.81583
2015-08-15 05:00:00,77.92,77.90063
2015-05-11 07:00:00,77.53,77.62163
2014-08-17 22:00:00,77.87,77.81699
2014-12-06 11:00:00,77.61,77.29934
2014-03-08 02:00:00,77.16,77.26044
2020-04-06 13:00:00,77.16,77.18141
2015-01-20 08:00:00,77.27,77.18961
2017-09-08 06:00:00,77.91,77.80411
2014-03-12 05:00:00,77.15,77.157845
2014-05-11 09:00:00,77.46,77.46753
2019-02-11 18:00:00,77.12,77.20219
2018-07-09 06:00:00,77.6,77.78908
2018-04-19 10:00:00,77.51,77.4486
2019-03-27 21:00:00,77.14,77.175
2019-08-07 19:00:00,77.86,77.89747
2020-08-22 09:00:00,77.96,77.91726
2014-08-19 20:00:00,78.23,77.925606
2020-01-15 17:00:00,77.26,77.16622
2014-11-23 02:00:00,77.22,77.25913
2020-08-12 02:00:00,78.35,77.96035
2014-12-30 09:00:00,77.43,77.254875
2015-11-22 15:00:00,77.68,77.49805
2016-03-18 01:00:00,77.41,77.43037
2018-10-05 23:00:00,77.51,77.795906
2020-05-29 05:00:00,77.63,77.462685
2019-12-06 23:00:00,77.13,77.19023
2015-12-29 01:00:00,77.49,77.35225
2015-04-09 09:00:00,77.48,77.36356
2018-04-07 12:00:00,77.71,77.442085
2018-02-19 17:00:00,77.12,77.20504
2018-11-10 14:00:00,77.37,77.28735
2015-03-31 08:00:00,77.24,77.26563
2014-06-22 23:00:00,77.81,77.784256
2017-07-19 21:00:00,78.03,77.88427
2018-09-22 18:00:00,77.6,77.79621
2018-06-16 14:00:00,77.66,77.78466
2014-03-29 03:00:00,77.54,77.344505
2019-09-21 22:00:00,77.47,77.74429
2017-09-28 14:00:00,77.37,77.79012
2018-09-30 05:00:00,77.43,77.629326
2017-09-03 09:00:00,77.84,77.659935
2016-07-26 01:00:00,77.71,77.92108
2019-05-30 02:00:00,77.68,77.58572
2016-04-02 23:00:00,77.26,77.34078
2020-10-17 13:00:00,77.42,77.34069
2014-11-26 15:00:00,77.77,77.30825
2016-05-24 10:00:00,77.79,77.81528
2015-09-24 05:00:00,77.61,77.717064
2017-11-11 01:00:00,77.2,77.25045
2017-03-21 07:00:00,77.13,77.28215
2017-12-28 12:00:00,77.11,77.25403
2015-07-25 00:00:00,77.75,77.91294
2017-06-22 01:00:00,77.89,77.80239
2020-03-28 11:00:00,77.23,77.21307
2015-11-30 18:00:00,77.75,77.58205
2017-05-14 19:00:00,77.39,77.382835
2020-03-14 09:00:00,77.28,77.17004
2014-12-28 16:00:00,77.45,77.17266
2019-05-08 08:00:00,77.37,77.206894
2018-10-11 01:00:00,77.71,77.611115
2020-12-09 18:00:00,77.17,77.162285
2020-10-08 16:00:00,77.5,77.403984
2014-05-25 23:00:00,77.84,77.7412
2015-02-23 02:00:00,77.2,77.16296
2014-10-02 16:00:00,77.57,77.60762
2018-08-29 21:00:00,78.15,77.92303
2019-02-05 13:00:00,77.23,77.15497
2020-12-15 01:00:00,77.16,77.01871
2019-06-21 12:00:00,77.77,77.77783
2015-06-03 12:00:00,77.73,77.7742
2015-06-18 20:00:00,77.77,77.75127
2014-10-14 23:00:00,77.31,77.42139
2020-11-17 13:00:00,77.27,77.3627
2015-04-16 21:00:00,77.38,77.193924
2014-04-24 09:00:00,77.4,77.25936
2017-02-10 18:00:00,77.12,77.17402
2018-05-22 21:00:00,77.88,77.71405
2015-11-05 15:00:00,77.28,77.35594
2019-05-11 03:00:00,77.35,77.27652
2017-12-06 05:00:00,77.14,77.10858
2019-05-31 05:00:00,77.65,77.583565
2020-03-04 21:00:00,77.3,77.16568
2017-08-07 16:00:00,77.88,77.9748
2020-10-11 04:00:00,77.47,77.482544
2016-05-27 22:00:00,77.86,77.80016
2015-02-12 21:00:00,77.17,77.136536
2019-07-17 10:00:00,77.84,77.78625
2019-06-24 18:00:00,77.82,77.766914
2020-09-06 08:00:00,77.93,77.71919
2018-11-16 09:00:00,77.3,77.28901
2014-06-11 23:00:00,77.81,77.76988
2014-06-22 20:00:00,77.78,77.7603
2018-07-18 10:00:00,77.7,77.83752
2014-04-14 15:00:00,77.23,77.32078
2018-12-06 22:00:00,77.33,77.335144
2019-04-11 03:00:00,77.47,77.38152
2017-06-25 08:00:00,77.89,77.77675
2014-10-22 15:00:00,77.63,77.464195
2020-02-12 05:00:00,77.16,77.12766
2016-06-04 21:00:00,77.81,77.76529
2015-06-22 06:00:00,77.87,77.785324
2015-10-24 18:00:00,77.3,77.45138
2017-12-14 18:00:00,77.1,77.0953
2015-08-30 18:00:00,77.83,77.786644
2015-04-01 12:00:00,77.23,77.37576
2019-06-28 17:00:00,77.8,77.810425
2017-07-27 10:00:00,77.83,77.82719
2016-04-21 12:00:00,77.6,77.50006
2016-09-16 20:00:00,77.71,77.81696
2015-09-23 03:00:00,77.56,77.63007
2019-10-17 07:00:00,77.37,77.44865
2018-03-10 16:00:00,77.64,77.45211
2016-06-23 20:00:00,77.77,77.77586
2018-04-09 02:00:00,77.66,77.520035
2019-09-24 11:00:00,77.92,77.64376
2014-09-01 11:00:00,77.74,77.717064
2016-08-08 04:00:00,78.09,77.958206
2015-09-06 01:00:00,77.92,77.82088
2014-11-13 02:00:00,77.32,77.24644
2020-08-07 09:00:00,78.23,78.08529
2017-10-07 21:00:00,77.53,77.67199
2014-11-06 05:00:00,77.41,77.28859
2020-01-31 16:00:00,77.26,77.18418
2015-07-09 09:00:00,77.95,77.86394
2015-07-28 03:00:00,77.84,77.90999
2020-03-09 20:00:00,77.29,77.22411
2020-04-20 04:00:00,77.25,77.28689
2020-12-05 15:00:00,77.19,77.32469
2015-12-29 08:00:00,77.49,77.35261
2017-06-23 08:00:00,77.89,77.792366
2020-07-02 11:00:00,77.66,77.79673
2016-11-03 14:00:00,77.52,77.26279
2018-10-09 19:00:00,77.82,77.55849
2015-12-14 11:00:00,77.72,77.65514
2017-08-21 09:00:00,78.09,78.11125
2017-10-26 11:00:00,77.29,77.3995
2019-08-27 01:00:00,77.78,77.77846
2020-08-20 23:00:00,77.9,77.88193
2017-03-19 08:00:00,77.1,77.230934
2020-07-29 02:00:00,78.08,77.92451
2014-09-27 01:00:00,77.81,77.737625
2014-11-16 23:00:00,77.27,77.27747
2015-09-29 16:00:00,77.54,77.60927
2019-07-28 13:00:00,78.15,77.96393
2016-03-29 08:00:00,77.29,77.24244
2016-09-01 07:00:00,77.85,77.90629
2016-01-31 15:00:00,77.68,77.37485
2016-11-26 08:00:00,77.3,77.18854
2020-06-11 15:00:00,77.67,77.77484
2020-03-20 16:00:00,77.21,77.210915
2020-04-08 15:00:00,77.17,77.20041
2018-11-02 05:00:00,77.29,77.275314
2019-08-23 18:00:00,78.05,77.84476
2018-10-07 16:00:00,78.09,77.74386
2015-12-22 14:00:00,77.59,77.53562
2020-07-11 23:00:00,77.81,77.81817
2016-04-01 20:00:00,77.26,77.286865
2016-09-18 23:00:00,78.23,77.90676
2017-12-23 18:00:00,77.09,77.38329
2015-11-13 11:00:00,77.41,77.37762
2020-10-01 10:00:00,77.61,77.6423
2018-04-18 14:00:00,77.52,77.467545
2020-09-12 23:00:00,77.87,77.79777
2015-08-20 05:00:00,77.9,77.921486
2019-07-19 22:00:00,77.86,77.98056
2019-07-27 07:00:00,77.81,77.89425
2019-05-10 01:00:00,77.32,77.26952
2017-01-18 07:00:00,77.18,77.17786
2016-04-26 01:00:00,77.56,77.540184
2018-11-24 01:00:00,77.23,77.21096
2017-10-06 13:00:00,77.58,77.510056
2015-09-22 15:00:00,77.68,77.69301
2019-08-06 21:00:00,77.88,77.864456
2016-09-27 05:00:00,77.58,77.82269
2019-02-15 09:00:00,77.1,77.16183
2018-07-27 16:00:00,77.95,77.93627
2015-01-09 02:00:00,77.37,77.189224
2015-04-11 08:00:00,77.42,77.28456
2019-08-22 21:00:00,78.17,78.0681
2014-09-16 22:00:00,77.75,77.80157
2018-11-13 08:00:00,77.35,77.271454
2018-10-07 07:00:00,78.14,78.00135
2016-10-14 05:00:00,77.71,77.6125
2020-03-25 14:00:00,77.2,77.229126
2015-06-14 05:00:00,77.77,77.768234
2016-12-17 00:00:00,77.22,77.21467
2018-06-14 00:00:00,77.8,77.78299
2014-01-26 16:00:00,77.26,77.15498
2014-01-10 12:00:00,77.26,77.1701
2017-02-17 05:00:00,77.08,77.215515
2014-02-05 19:00:00,77.19,77.15305
2017-11-30 01:00:00,77.15,77.27305
2018-05-26 22:00:00,77.91,77.7817
2018-08-04 18:00:00,77.91,77.92022
2014-07-09 17:00:00,77.67,77.81271
2018-01-29 02:00:00,77.13,77.200356
2020-01-28 13:00:00,77.22,77.262436
2017-04-30 19:00:00,77.14,77.40757
2015-03-17 06:00:00,77.22,77.17175
2016-10-15 21:00:00,77.63,77.52894
2019-01-23 02:00:00,77.09,77.179276
2015-04-06 04:00:00,77.43,77.36271
2018-03-19 16:00:00,77.79,77.527084
2014-11-21 23:00:00,77.23,77.24401
2018-07-03 09:00:00,78.29,77.84961
2018-10-09 11:00:00,77.85,77.54792
2016-05-06 16:00:00,77.65,77.68988
2019-03-29 13:00:00,77.08,77.246025
2020-03-25 11:00:00,77.19,77.197235
2014-01-03 14:00:00,77.32,77.16042
2018-10-29 03:00:00,77.34,77.34135
2018-03-14 05:00:00,77.53,77.40973
2017-08-22 06:00:00,78.3,78.07665
2014-02-27 01:00:00,77.15,77.23102
2016-06-23 21:00:00,77.77,77.77256
2015-12-07 23:00:00,77.69,77.32757
2015-01-22 08:00:00,77.27,77.16981
2020-11-14 23:00:00,77.27,77.294655
2019-10-19 04:00:00,77.34,77.54786
2016-07-12 21:00:00,77.74,77.97332
2014-05-16 15:00:00,77.53,77.623405
2014-04-15 10:00:00,77.21,77.2356
2017-08-22 08:00:00,78.3,78.01168
2019-01-27 00:00:00,77.07,77.14539
2020-07-10 16:00:00,77.86,77.99094
2017-12-25 12:00:00,77.17,77.41296
2016-09-13 11:00:00,77.9,77.775505
2016-05-25 06:00:00,77.84,77.80367
2014-08-18 18:00:00,78.42,78.146805
2020-05-08 01:00:00,77.24,77.239525
2015-10-28 05:00:00,77.39,77.37687
2020-05-04 20:00:00,77.14,77.40816
2015-01-19 18:00:00,77.26,77.15914
2016-02-03 14:00:00,77.55,77.33744
2015-08-11 04:00:00,78.0,77.91899
2019-10-15 04:00:00,77.41,77.56866
2017-10-13 11:00:00,77.49,77.45889
2014-12-08 02:00:00,77.56,77.27052
2020-04-12 05:00:00,77.12,77.23153
2014-08-06 02:00:00,77.95,77.93108
2019-12-23 13:00:00,77.13,77.18158
2019-07-17 13:00:00,77.85,77.77202
2019-01-27 08:00:00,77.07,77.152565
2019-05-07 18:00:00,77.35,77.24502
2014-09-21 08:00:00,77.71,77.57035
2019-03-17 15:00:00,77.13,77.16214
2014-01-23 22:00:00,77.24,77.162544
2017-11-29 19:00:00,77.14,77.334236
2014-04-08 11:00:00,77.27,77.169655
2019-01-24 22:00:00,77.08,77.166466
2019-02-02 09:00:00,77.09,77.18232
2017-02-19 10:00:00,77.07,77.16951
2017-09-02 07:00:00,77.79,77.6891
2016-07-23 09:00:00,77.57,77.892845
2018-04-20 17:00:00,77.46,77.56106
2016-08-27 06:00:00,77.97,77.949905
2014-01-10 08:00:00,77.27,77.17716
2014-06-04 19:00:00,77.9,77.8349
2020-05-12 01:00:00,77.21,77.323814
2018-07-30 02:00:00,77.88,77.89461
2020-09-26 20:00:00,77.64,77.6662
2014-12-27 23:00:00,77.47,77.208565
2016-03-10 04:00:00,77.66,77.38321
2018-06-03 11:00:00,77.75,77.81213
2020-09-03 23:00:00,78.16,78.09962
2019-02-05 03:00:00,77.24,77.165535
2015-01-02 01:00:00,77.38,77.238205
2016-06-20 16:00:00,77.84,77.811134
2018-09-21 15:00:00,77.59,77.91257
2014-12-07 18:00:00,77.57,77.29527
2020-12-06 21:00:00,77.19,77.14067
2017-12-29 10:00:00,77.1,77.351616
2020-03-01 13:00:00,77.36,77.25351
2015-09-04 01:00:00,78.09,77.90359
2018-08-12 16:00:00,77.93,77.90408
2014-01-06 16:00:00,77.29,77.16384
2017-12-22 12:00:00,77.11,77.3223
2020-11-04 17:00:00,77.34,77.28591
2020-02-10 15:00:00,77.17,77.154884
2015-08-27 01:00:00,77.89,77.880905
2020-09-13 19:00:00,77.91,77.79241
2018-03-31 19:00:00,77.47,77.69379
2018-06-14 08:00:00,77.8,77.807556
2016-09-18 07:00:00,78.33,78.10817
2018-06-03 18:00:00,77.75,77.82559
2018-01-01 08:00:00,77.08,77.31522
2017-07-23 17:00:00,77.78,77.89364
2019-03-09 05:00:00,77.12,77.15709
2016-11-02 13:00:00,77.53,77.28385
2014-12-07 16:00:00,77.58,77.30008
2016-09-19 23:00:00,78.07,77.814644
2016-02-28 08:00:00,77.3,77.239456
2016-05-30 01:00:00,77.88,77.75069
2018-05-21 05:00:00,77.7,77.7229
2017-10-31 20:00:00,77.24,77.33379
2017-05-19 20:00:00,77.48,77.537926
2017-08-29 20:00:00,77.63,77.82113
2016-01-05 13:00:00,77.39,77.406654
2018-05-18 01:00:00,77.55,77.685265
2015-12-09 13:00:00,77.63,77.55772
2018-07-12 10:00:00,77.59,77.847275
2015-07-22 00:00:00,77.59,77.838165
2014-06-06 05:00:00,77.8,77.775894
2018-05-29 11:00:00,77.84,77.802956
2020-09-01 07:00:00,77.84,77.90007
2018-11-21 02:00:00,77.25,77.234215
2014-02-19 12:00:00,77.17,77.23237
2015-10-24 05:00:00,77.31,77.39725
2019-05-21 02:00:00,77.71,77.297615
2019-06-17 03:00:00,77.73,77.79102
2018-11-20 10:00:00,77.25,77.23262
2014-11-09 23:00:00,77.36,77.312294
2015-10-11 23:00:00,77.49,77.54628
2014-03-18 18:00:00,77.42,77.44422
2015-08-22 19:00:00,77.99,77.899124
2020-01-23 02:00:00,77.18,77.20387
2018-05-05 00:00:00,77.5,77.62573
2017-11-29 05:00:00,77.15,77.46544
2015-09-11 15:00:00,77.63,77.68747
2016-03-26 23:00:00,77.31,77.22909
2019-11-05 19:00:00,77.21,77.3687
2019-07-11 17:00:00,77.64,77.88208
2017-05-01 00:00:00,77.14,77.44185
2016-02-24 18:00:00,77.32,77.30867
2019-11-23 18:00:00,77.16,77.27467
2017-11-06 14:00:00,77.22,77.27553
2017-03-14 05:00:00,77.14,77.23654
2014-04-11 17:00:00,77.12,77.29839
2018-09-30 08:00:00,77.43,77.65173
2017-05-01 21:00:00,77.15,77.43155
2016-01-05 16:00:00,77.39,77.330475
2016-11-07 06:00:00,77.47,77.35819
2017-09-10 07:00:00,77.81,77.7255
2015-04-15 23:00:00,77.39,77.31177
2014-06-21 09:00:00,77.76,77.77214
2014-08-19 21:00:00,78.22,77.91517
2017-01-15 00:00:00,77.18,77.18749
2014-12-01 22:00:00,77.7,77.30977
2015-08-19 09:00:00,77.89,77.85377
2015-09-25 17:00:00,77.67,77.81763
2018-05-16 00:00:00,77.51,77.63433
2019-06-01 16:00:00,77.7,77.66189
2018-01-20 11:00:00,77.29,77.27054
2017-05-12 10:00:00,77.3,77.46689
2015-08-01 17:00:00,77.98,77.9559
2019-07-05 17:00:00,77.56,77.81333
2017-07-18 03:00:00,78.22,77.93474
2018-07-24 22:00:00,77.98,77.874344
2020-05-23 23:00:00,77.69,77.44388
2019-03-01 06:00:00,77.16,77.19445
2014-11-26 08:00:00,77.78,77.37468
2015-09-20 17:00:00,77.74,77.68591
2017-04-24 23:00:00,77.25,77.306206
2014-10-09 12:00:00,77.37,77.41729
2014-12-12 04:00:00,77.51,77.30631
2019-08-13 16:00:00,77.92,77.91952
2014-04-28 13:00:00,77.57,77.45216
2015-07-26 06:00:00,77.75,77.85225
2018-01-09 23:00:00,77.08,77.39143
2018-11-16 02:00:00,77.3,77.25764
2016-12-06 00:00:00,77.26,77.25056
2020-02-01 02:00:00,77.26,77.20925
2020-08-15 00:00:00,78.04,77.91596
2017-03-25 06:00:00,77.13,77.316696
2019-10-10 18:00:00,77.55,77.48337
2020-09-04 02:00:00,78.15,78.02157
2014-10-26 14:00:00,77.55,77.362366
2020-07-22 19:00:00,77.72,77.90006
2018-09-16 16:00:00,77.61,77.83653
2019-09-22 14:00:00,77.97,77.99302
2014-04-11 12:00:00,77.17,77.27743
2015-02-27 19:00:00,77.19,77.16869
2017-08-16 15:00:00,78.06,77.9105
2019-07-12 21:00:00,77.67,77.8183
2017-03-26 08:00:00,77.2,77.309975
2018-12-22 00:00:00,77.19,77.24009
2020-05-03 13:00:00,77.14,77.394714
2018-03-23 10:00:00,77.81,77.58244
2017-06-18 13:00:00,77.85,77.77081
2015-06-30 00:00:00,77.68,77.731705
2016-08-04 15:00:00,78.07,77.92951
2015-10-26 19:00:00,77.29,77.34015
2018-09-13 00:00:00,77.6,77.6577
2015-09-13 23:00:00,77.74,77.64368
2016-04-12 23:00:00,77.45,77.39252
2017-05-25 20:00:00,77.68,77.66596
2020-12-03 12:00:00,77.2,77.28661
2014-12-26 20:00:00,77.49,77.22073
2014-02-20 19:00:00,77.15,77.150406
2020-01-21 23:00:00,77.17,77.188034
2017-07-27 07:00:00,77.83,77.8265
2017-12-11 12:00:00,77.13,77.21558
2016-03-25 14:00:00,77.33,77.43911
2020-12-07 05:00:00,77.19,77.156334
2017-07-21 07:00:00,77.9,77.8838
2016-10-21 06:00:00,77.78,77.683975
2018-11-16 16:00:00,77.3,77.24159
2015-05-29 17:00:00,77.74,77.75985
2019-11-17 09:00:00,77.16,77.31647
2015-02-27 10:00:00,77.19,77.18212
2019-10-22 00:00:00,77.3,77.40186
2015-08-05 13:00:00,78.0,77.96412
2015-07-12 14:00:00,78.02,77.86129
2019-10-11 18:00:00,77.5,77.58061
2016-12-03 09:00:00,77.28,77.19387
2018-01-25 22:00:00,77.17,77.19732
2015-02-18 06:00:00,77.19,77.1577
2016-07-06 14:00:00,78.01,77.884094
2020-06-24 06:00:00,77.66,77.773865
2019-06-20 07:00:00,77.74,77.75672
2017-02-05 21:00:00,77.15,77.25656
2020-04-20 06:00:00,77.26,77.32678
2014-03-13 07:00:00,77.38,77.22196
2020-06-07 11:00:00,77.78,77.856445
2019-03-01 23:00:00,77.15,77.15886
2019-06-09 13:00:00,77.75,77.732544
2018-04-23 08:00:00,77.47,77.52489
2015-02-02 01:00:00,77.24,77.17775
2017-03-05 09:00:00,77.21,77.19549
2015-10-20 17:00:00,77.34,77.47009
2015-04-20 07:00:00,77.46,77.45223
2020-01-20 12:00:00,77.19,77.18221
2015-06-12 19:00:00,77.78,77.75937
2014-07-17 13:00:00,77.75,77.90847
2020-07-08 05:00:00,77.47,77.93744
2017-02-14 01:00:00,77.1,77.20483
2015-12-26 01:00:00,77.55,77.187225
2016-02-02 01:00:00,77.62,77.28626
2016-07-16 10:00:00,77.63,77.87099
2015-02-08 17:00:00,77.24,77.16874
2018-11-24 02:00:00,77.23,77.20927
2019-06-18 16:00:00,77.74,77.747475
2020-09-13 09:00:00,77.86,77.67958
2015-02-14 19:00:00,77.16,77.15312
2016-08-17 21:00:00,78.05,78.03207
2019-04-14 02:00:00,77.36,77.36568
2019-09-24 03:00:00,77.97,77.72043
2016-02-23 01:00:00,77.34,77.289085
2018-07-29 22:00:00,77.89,77.90064
2015-04-14 15:00:00,77.31,77.259705
2014-08-30 17:00:00,77.79,77.7364
2020-05-05 17:00:00,77.19,77.371056
2015-11-19 14:00:00,77.76,77.60884
2018-03-03 18:00:00,77.27,77.308495
2017-08-15 13:00:00,78.16,78.11139
2020-05-30 04:00:00,77.65,77.5561
2018-08-17 07:00:00,77.91,77.90689
2018-06-07 23:00:00,77.77,77.80636
2019-10-16 02:00:00,77.39,77.56952
2019-08-10 16:00:00,77.91,77.86995
2017-09-11 14:00:00,78.08,78.03682
2015-02-28 21:00:00,77.18,77.17757
2018-04-02 12:00:00,77.43,77.6553
2017-12-25 14:00:00,77.17,77.37448
2016-01-22 08:00:00,77.29,77.18705
2016-07-09 08:00:00,77.93,77.837654
2020-11-03 14:00:00,77.38,77.27653
2018-08-27 03:00:00,78.47,78.19089
2019-01-09 19:00:00,77.12,77.17952
2015-02-15 20:00:00,77.16,77.18332
2016-03-04 10:00:00,77.3,77.35719
2016-07-11 13:00:00,77.75,77.89989
2019-10-21 13:00:00,77.31,77.43976
2014-10-14 11:00:00,77.32,77.50524
2017-08-13 23:00:00,78.03,77.86459
2016-06-13 03:00:00,77.89,77.75741
2017-03-24 05:00:00,77.13,77.216324
2014-05-04 17:00:00,77.52,77.49295
2020-02-21 11:00:00,77.25,77.19518
2017-10-18 07:00:00,77.38,77.45255
2020-05-30 11:00:00,77.65,77.574104
2016-06-07 11:00:00,77.8,77.71635
2019-04-22 05:00:00,77.47,77.49139
2017-02-02 16:00:00,77.15,77.15747
2017-08-08 17:00:00,77.9,77.90121
2015-01-11 00:00:00,77.35,77.20064
2017-04-22 20:00:00,77.27,77.29093
2014-12-09 03:00:00,77.54,77.3337
2018-07-17 20:00:00,77.65,77.85174
2016-09-23 16:00:00,77.78,77.67408
2014-07-29 13:00:00,77.84,77.885284
2014-02-05 15:00:00,77.2,77.15259
2019-10-27 22:00:00,77.26,77.35151
2019-10-19 20:00:00,77.33,77.67308
2017-08-09 09:00:00,77.94,77.90585
2019-01-14 16:00:00,77.13,77.168236
2020-10-26 16:00:00,77.39,77.35585
2018-06-20 13:00:00,77.89,77.843124
2016-06-03 14:00:00,77.79,77.68236
2020-05-08 16:00:00,77.3,77.244225
2015-11-30 02:00:00,77.75,77.46806
2014-06-11 21:00:00,77.82,77.76547
2019-09-23 08:00:00,78.1,78.0284
2020-03-16 01:00:00,77.25,77.15925
2016-06-03 09:00:00,77.78,77.70345
2019-03-04 02:00:00,77.14,77.213005
2016-04-07 09:00:00,77.51,77.406876
2016-12-18 18:00:00,77.21,77.2788
2020-09-26 05:00:00,77.65,77.66393
2016-02-16 12:00:00,77.44,77.27216
2015-08-23 01:00:00,77.95,77.90967
2019-02-02 13:00:00,77.09,77.17723
2015-11-20 08:00:00,77.75,77.5418
2014-06-14 17:00:00,77.65,77.75296
2015-07-05 00:00:00,77.57,77.737
2018-05-15 15:00:00,77.59,77.702644
2014-01-29 01:00:00,77.22,77.18677
2019-03-30 14:00:00,77.06,77.25038
2019-07-22 00:00:00,78.26,77.89501
2016-05-20 05:00:00,77.76,77.66968
2016-11-21 16:00:00,77.33,77.37302
2014-01-06 18:00:00,77.29,77.16989
2014-05-19 23:00:00,77.64,77.730576
2016-06-12 17:00:00,77.85,77.776855
2019-02-18 02:00:00,77.08,77.168465
2020-08-28 20:00:00,77.98,77.958145
2016-03-14 09:00:00,77.49,77.39126
2020-07-31 17:00:00,78.35,78.01252
2015-03-26 10:00:00,77.28,77.24451
2019-11-10 08:00:00,77.2,77.26597
2014-10-02 08:00:00,77.58,77.55702
2019-07-29 03:00:00,78.1,77.92457
2020-06-06 09:00:00,77.61,77.69039
2014-10-20 05:00:00,77.28,77.40609
2015-02-05 01:00:00,77.22,77.15681
2014-11-11 12:00:00,77.35,77.25213
2015-08-28 22:00:00,77.8,77.86087
2015-06-29 23:00:00,77.69,77.748344
2014-09-09 08:00:00,77.77,77.87442
2014-09-27 23:00:00,77.77,77.74561
2018-11-18 07:00:00,77.28,77.25749
2016-11-29 03:00:00,77.28,77.256454
2019-06-20 13:00:00,77.75,77.784996
2020-09-15 08:00:00,77.87,77.75931
2015-11-05 22:00:00,77.28,77.353325
2016-12-29 21:00:00,77.36,77.218834
2016-02-06 06:00:00,77.45,77.23197
2017-10-22 15:00:00,77.32,77.43707
2019-05-09 03:00:00,77.36,77.21982
2015-05-26 14:00:00,77.78,77.787315
2020-05-13 15:00:00,77.2,77.2268
2015-06-02 11:00:00,77.72,77.75475
2019-12-12 13:00:00,77.09,77.21678
2015-11-04 15:00:00,77.28,77.313095
2019-07-25 21:00:00,77.84,77.89438
2017-05-07 11:00:00,77.22,77.32222
2020-07-30 16:00:00,78.36,77.928665
2018-11-11 10:00:00,77.35,77.277016
2019-05-17 22:00:00,77.2,77.30688
2014-08-26 15:00:00,78.12,77.92751
2015-12-23 02:00:00,77.59,77.55183
2020-02-14 17:00:00,77.18,77.21807
2015-04-25 17:00:00,77.38,77.37186
2019-08-14 15:00:00,77.91,77.92403
2020-04-15 22:00:00,77.16,77.228294
2020-09-17 14:00:00,77.8,77.846886
2018-07-13 11:00:00,77.58,77.8488
2017-01-21 09:00:00,77.16,77.22885
2017-02-10 04:00:00,77.13,77.16329
2014-03-10 20:00:00,77.14,77.29904
2015-03-22 12:00:00,77.38,77.19274
2019-08-16 09:00:00,77.94,77.91904
2015-09-27 13:00:00,77.57,77.68603
2015-07-28 05:00:00,77.85,77.909676
2014-05-16 22:00:00,77.54,77.667595
2018-02-05 17:00:00,77.05,77.243
2020-12-23 04:00:00,77.1,77.29118
2017-01-03 00:00:00,77.31,77.25241
2015-04-29 13:00:00,77.51,77.50618
2020-02-05 18:00:00,77.21,77.15449
2018-04-05 02:00:00,77.41,77.59306
2016-02-17 04:00:00,77.43,77.27188
2018-04-25 04:00:00,77.82,77.570625
2018-07-24 02:00:00,77.99,77.86871
2018-04-24 17:00:00,77.8,77.561905
2018-10-06 17:00:00,78.13,78.08943
2019-09-07 14:00:00,77.88,78.124596
2017-01-07 20:00:00,77.25,77.211006
2015-03-13 07:00:00,77.17,77.15891
2017-11-06 05:00:00,77.22,77.231316
2018-08-14 10:00:00,77.95,77.95924
2020-11-07 12:00:00,77.33,77.328865
2018-03-01 00:00:00,77.2,77.25431
2016-04-16 02:00:00,77.43,77.40123
2017-01-06 09:00:00,77.27,77.27522
2015-10-13 15:00:00,77.45,77.38217
2019-02-15 20:00:00,77.1,77.15533
2018-02-11 13:00:00,77.07,77.27176
2017-07-07 07:00:00,77.83,77.86365
2014-11-06 04:00:00,77.42,77.29523
2019-02-17 15:00:00,77.09,77.17104
2014-12-24 23:00:00,77.52,77.284164
2020-02-08 15:00:00,77.19,77.16655
2018-06-07 12:00:00,77.79,77.81066
2019-05-18 09:00:00,77.34,77.32273
2016-05-07 17:00:00,77.61,77.664856
2016-01-19 11:00:00,77.29,77.23322
2015-05-14 02:00:00,77.53,77.63387
2014-12-03 21:00:00,77.65,77.28235
2018-01-02 22:00:00,77.07,77.36419
2015-06-19 01:00:00,77.77,77.76033
2016-02-25 23:00:00,77.3,77.29703
2015-08-08 17:00:00,78.01,77.95692
2017-04-27 04:00:00,77.24,77.27336
2019-06-10 18:00:00,77.75,77.742615
2017-03-20 10:00:00,77.11,77.23328
2020-06-04 12:00:00,77.6,77.69166
2015-03-25 14:00:00,77.3,77.24628
2015-11-03 08:00:00,77.29,77.31654
2019-05-12 04:00:00,77.35,77.29023
2018-07-23 18:00:00,77.99,77.90015
2016-02-23 14:00:00,77.34,77.2597
2015-03-12 11:00:00,77.17,77.18444
2020-04-05 13:00:00,77.15,77.1672
2017-07-25 09:00:00,77.75,77.921585
2020-03-23 21:00:00,77.19,77.182
2014-08-16 11:00:00,77.9,77.93247
2016-11-22 03:00:00,77.33,77.35191
2019-06-08 03:00:00,77.79,77.72029
2016-12-08 02:00:00,77.26,77.22005
2015-02-27 05:00:00,77.2,77.1802
2014-06-23 20:00:00,77.91,77.81032
2015-05-02 11:00:00,77.61,77.58776
2020-12-22 02:00:00,77.11,77.23782
2018-09-01 06:00:00,78.16,78.20247
2020-11-07 02:00:00,77.33,77.330765
2014-05-21 08:00:00,77.75,77.75381
2019-06-25 22:00:00,77.75,77.78377
2019-04-21 08:00:00,77.42,77.485855
2017-05-27 08:00:00,77.62,77.695885
2016-09-07 09:00:00,77.79,77.91867
2015-02-26 06:00:00,77.2,77.14545
2015-10-19 23:00:00,77.34,77.39418
2020-07-15 00:00:00,78.1,77.80999
2017-08-29 13:00:00,77.66,77.85891
2018-10-21 19:00:00,77.37,77.36488
2014-04-25 11:00:00,77.45,77.31763
2016-05-19 06:00:00,77.61,77.66132
2018-06-03 16:00:00,77.75,77.82087
2018-05-27 08:00:00,77.9,77.77436
2015-03-31 18:00:00,77.24,77.30644
2015-10-14 02:00:00,77.44,77.391396
2017-12-31 06:00:00,77.09,77.34698
2020-06-04 07:00:00,77.58,77.65364
2016-03-09 18:00:00,77.68,77.49306
2014-10-18 02:00:00,77.28,77.31619
2014-01-30 07:00:00,77.23,77.161896
2014-12-19 20:00:00,77.47,77.197365
2014-09-30 23:00:00,77.63,77.71654
2015-03-29 14:00:00,77.26,77.23744
2014-07-19 17:00:00,78.16,78.17545
2015-04-17 13:00:00,77.39,77.29099
2017-01-24 18:00:00,77.14,77.19487
2017-01-17 18:00:00,77.18,77.16402
2014-03-08 05:00:00,77.16,77.24457
2020-11-13 02:00:00,77.28,77.26818
2015-09-17 00:00:00,77.75,77.534874
2020-10-07 08:00:00,77.5,77.4247
2019-01-18 21:00:00,77.1,77.19618
2019-03-16 13:00:00,77.13,77.23068
2016-05-07 01:00:00,77.62,77.711105
2018-07-22 12:00:00,77.99,77.896164
2014-03-06 08:00:00,77.17,77.232765
2014-09-30 04:00:00,77.66,77.682396
2016-08-09 03:00:00,78.11,78.090034
2014-12-16 12:00:00,77.46,77.24286
2016-11-14 05:00:00,77.43,77.3447
2018-08-29 20:00:00,78.16,77.91648
2014-08-13 00:00:00,77.84,77.91619
2019-11-11 23:00:00,77.21,77.365326
2016-08-13 11:00:00,78.08,78.02899
2019-08-15 07:00:00,77.91,77.90441
2015-02-05 10:00:00,77.23,77.17146
2018-09-27 10:00:00,77.47,77.66787
2019-07-12 11:00:00,77.66,77.834946
2016-06-06 20:00:00,77.8,77.747856
2014-01-20 12:00:00,77.25,77.127304
2018-12-09 21:00:00,77.28,77.20417
2014-04-07 05:00:00,77.28,77.216225
2019-09-19 22:00:00,77.34,77.60123
2016-09-19 06:00:00,78.19,77.87762
2014-01-25 09:00:00,77.25,77.180115
2017-07-15 04:00:00,78.12,77.88214
2014-08-05 14:00:00,78.0,78.061554
2019-05-10 23:00:00,77.34,77.28468
2018-01-28 00:00:00,77.14,77.14525
2014-10-15 03:00:00,77.31,77.39292
2015-09-04 05:00:00,78.07,77.880775
2016-01-10 14:00:00,77.34,77.27928
2018-05-31 05:00:00,77.84,77.7951
2018-08-22 16:00:00,77.95,77.91368
2019-07-25 12:00:00,77.85,77.89875
2018-02-14 04:00:00,77.09,77.226006
2017-10-09 16:00:00,77.48,77.637634
2017-05-13 05:00:00,77.32,77.46659
2016-10-02 16:00:00,77.88,77.767456
2015-05-01 01:00:00,77.65,77.5809
2019-08-02 19:00:00,77.8,77.85659
2019-01-15 05:00:00,77.13,77.14951
2015-07-23 23:00:00,77.75,77.91856
2017-06-11 08:00:00,77.85,77.77598
2019-04-12 00:00:00,77.46,77.35339
2014-07-28 06:00:00,77.74,77.75852
2017-08-09 17:00:00,77.97,77.96003
2019-08-09 04:00:00,77.89,77.843544
2016-12-30 16:00:00,77.35,77.18881
2016-12-19 16:00:00,77.24,77.29405
2014-07-10 13:00:00,77.53,77.86706
2019-05-18 21:00:00,77.66,77.3112
2019-12-15 15:00:00,77.14,77.21146
2014-03-26 16:00:00,77.52,77.40836
2016-11-15 18:00:00,77.34,77.29091
2019-02-15 04:00:00,77.1,77.17492
2020-12-02 00:00:00,77.2,77.25518
2018-06-23 12:00:00,77.79,77.81317
2014-10-10 05:00:00,77.35,77.40818
2016-09-08 17:00:00,77.84,77.879425
2019-05-30 09:00:00,77.67,77.61911
2018-11-21 03:00:00,77.25,77.23371
2017-06-25 01:00:00,77.89,77.7701
2016-07-29 20:00:00,78.04,77.94007
2014-12-18 20:00:00,77.47,77.22956
2015-03-23 22:00:00,77.33,77.25169
2017-11-08 23:00:00,77.19,77.382164
2019-08-14 07:00:00,77.9,77.89975
2018-07-08 09:00:00,77.64,77.80177
2016-12-21 15:00:00,77.24,77.36783
2015-03-20 00:00:00,77.39,77.354805
2017-08-20 13:00:00,77.93,78.191414
2019-03-22 05:00:00,77.17,77.25626
2020-01-11 20:00:00,77.36,77.17199
2015-06-22 14:00:00,77.86,77.748695
2016-10-29 13:00:00,77.6,77.59565
2018-06-10 13:00:00,77.78,77.80061
2019-01-18 05:00:00,77.11,77.17467
2016-04-26 02:00:00,77.56,77.54249
2014-06-06 10:00:00,77.79,77.77977
2014-10-07 18:00:00,77.41,77.46175
2017-05-26 05:00:00,77.67,77.6597
2015-02-02 09:00:00,77.23,77.170334
2014-07-12 15:00:00,77.48,77.774025
2019-02-16 02:00:00,77.1,77.15535
2019-12-04 23:00:00,77.16,77.21446
2016-10-15 17:00:00,77.65,77.49272
2015-10-12 22:00:00,77.46,77.477005
2015-01-09 21:00:00,77.35,77.204666
2017-02-20 02:00:00,77.08,77.14584
2014-01-26 23:00:00,77.26,77.181496
2019-06-17 07:00:00,77.73,77.77173
2019-01-05 04:00:00,77.14,77.15746
2016-01-28 03:00:00,77.27,77.214966
2014-05-26 03:00:00,77.84,77.73383
2019-04-22 20:00:00,77.47,77.518654
2015-11-05 18:00:00,77.28,77.36301
2019-10-23 19:00:00,77.28,77.5243
2020-12-19 18:00:00,77.12,77.15304
2014-07-15 19:00:00,77.69,77.82208
2014-09-10 06:00:00,77.79,77.78231
2015-08-14 18:00:00,77.92,77.88687
2015-04-27 06:00:00,77.35,77.3004
2014-01-07 03:00:00,77.29,77.17005
2018-06-27 01:00:00,77.76,77.791565
2016-04-05 14:00:00,77.32,77.36471
2014-03-10 17:00:00,77.15,77.19775
2019-07-27 12:00:00,77.94,77.91102
2018-09-11 05:00:00,77.64,77.625595
2018-01-19 01:00:00,77.32,77.42754
2020-10-26 02:00:00,77.38,77.35561
2019-06-22 17:00:00,77.78,77.76943
2014-02-21 05:00:00,77.16,77.17359
2020-10-09 03:00:00,77.48,77.38426
2016-07-01 00:00:00,77.76,77.79013
2015-04-29 14:00:00,77.52,77.50568
2015-06-21 17:00:00,77.91,78.103165
2016-10-19 03:00:00,77.91,77.62098
2019-10-28 12:00:00,77.26,77.30494
2015-04-05 05:00:00,77.35,77.26378
2015-11-07 21:00:00,77.34,77.42355
2016-06-01 02:00:00,77.81,77.70442
2017-01-02 04:00:00,77.32,77.23581
2019-02-13 22:00:00,77.1,77.19541
2017-12-31 12:00:00,77.09,77.431274
2018-07-30 22:00:00,77.85,77.89281
2014-12-02 06:00:00,77.7,77.273636
2014-11-09 21:00:00,77.37,77.33123
2016-01-01 06:00:00,77.44,77.40437
2017-07-07 09:00:00,77.82,77.86312
2019-06-08 15:00:00,77.77,77.74777
2014-02-13 00:00:00,77.18,77.18272
2016-09-05 08:00:00,77.8,77.97333
2018-11-02 19:00:00,77.29,77.29609
2016-01-25 21:00:00,77.26,77.20031
2016-11-03 19:00:00,77.52,77.25613
2020-03-15 02:00:00,77.27,77.18895
2014-11-09 04:00:00,77.37,77.299614
2015-08-21 12:00:00,78.09,78.1249
2020-11-29 10:00:00,77.22,77.23253
2018-12-03 12:00:00,77.23,77.35281
2018-10-05 08:00:00,77.37,77.563614
2014-06-30 17:00:00,77.7,77.77083
2016-03-12 19:00:00,77.55,77.36251
2014-06-22 07:00:00,77.77,77.76427
2020-11-09 04:00:00,77.31,77.30564
2017-05-14 00:00:00,77.34,77.50104
2020-02-17 09:00:00,77.23,77.16779
2019-05-30 23:00:00,77.67,77.63682
2016-03-01 06:00:00,77.31,77.20266
2017-12-10 14:00:00,77.13,77.4545
2019-07-01 14:00:00,77.85,77.8243
2020-06-28 04:00:00,77.59,77.76704
2018-04-28 15:00:00,77.67,77.6639
2017-03-25 01:00:00,77.13,77.31551
2020-06-05 00:00:00,77.57,77.68054
2016-08-11 04:00:00,78.08,77.98216
2016-11-20 22:00:00,77.33,77.34679
2018-12-02 15:00:00,77.22,77.2405
2020-09-07 07:00:00,78.02,77.891014
2017-11-27 22:00:00,77.15,77.316765
2016-10-19 07:00:00,77.89,77.615234
2015-08-04 22:00:00,77.99,77.94493
2017-05-29 12:00:00,77.78,77.72469
2016-04-03 20:00:00,77.27,77.37177
2016-07-15 14:00:00,77.65,77.847305
2015-10-07 00:00:00,77.59,77.44253
2019-06-01 04:00:00,77.69,77.616776
2020-11-11 03:00:00,77.29,77.25132
2018-05-07 19:00:00,77.56,77.76643
2017-09-02 21:00:00,77.82,77.72532
2017-11-29 23:00:00,77.14,77.29051
2019-08-21 13:00:00,77.84,77.90804
2017-10-11 13:00:00,77.42,77.61391
2017-09-16 20:00:00,77.68,77.66727
2019-08-31 08:00:00,77.76,77.74157
2019-12-18 23:00:00,77.15,77.2435
2016-12-07 00:00:00,77.26,77.2046
2019-12-28 03:00:00,77.09,77.20237
2016-05-28 10:00:00,77.87,77.78018
2014-03-17 22:00:00,77.44,77.36514
2016-11-21 06:00:00,77.34,77.31169
2016-07-27 23:00:00,77.82,77.92629
2015-01-01 09:00:00,77.39,77.23397
2018-07-07 04:00:00,77.73,77.81969
2016-05-30 09:00:00,77.86,77.77901
2015-11-09 13:00:00,77.48,77.531006
2014-05-17 09:00:00,77.56,77.6921
2016-03-26 06:00:00,77.33,77.290985
2019-08-31 20:00:00,77.75,77.732376
2019-05-03 21:00:00,77.38,77.261986
2017-01-15 23:00:00,77.2,77.173195
2016-12-25 15:00:00,77.32,77.237274
2018-03-23 19:00:00,77.8,77.5894
2015-07-10 10:00:00,77.99,77.78104
2019-06-08 00:00:00,77.8,77.715065
2016-09-24 10:00:00,77.71,77.6982
2019-02-14 10:00:00,77.1,77.203
2019-08-24 01:00:00,78.01,77.84822
2015-10-05 12:00:00,77.67,77.49486
2017-01-06 19:00:00,77.27,77.289955
2016-05-05 16:00:00,77.68,77.61871
2014-08-06 08:00:00,77.92,77.920746
2019-04-29 13:00:00,77.37,77.28566
2019-11-02 14:00:00,77.23,77.32719
2014-06-17 09:00:00,77.76,77.75507
2015-03-27 23:00:00,77.27,77.18073
2016-02-24 01:00:00,77.34,77.31118
2020-01-10 20:00:00,77.39,77.19484
2019-11-05 08:00:00,77.22,77.33201
2014-12-13 09:00:00,77.48,77.32122
2015-11-17 19:00:00,77.68,77.61056
2014-01-06 06:00:00,77.29,77.17415
2016-06-09 14:00:00,77.81,77.751
2018-08-29 22:00:00,78.14,77.92812
2015-05-15 02:00:00,77.52,77.61449
2020-11-23 13:00:00,77.32,77.26803
2018-12-07 08:00:00,77.32,77.3063
2018-09-19 04:00:00,77.6,77.65536
2014-09-07 17:00:00,77.71,77.845726
2018-09-20 11:00:00,77.57,77.85292
2015-06-24 20:00:00,77.76,77.76052
2019-01-08 23:00:00,77.13,77.193146
2020-10-09 10:00:00,77.48,77.39763
2018-10-01 07:00:00,77.41,77.66105
2015-03-14 03:00:00,77.19,77.17987
2020-03-27 18:00:00,77.2,77.25038
2014-03-12 18:00:00,77.16,77.198456
2014-09-26 08:00:00,77.87,77.719444
2019-02-03 18:00:00,77.17,77.17371
2019-01-06 10:00:00,77.14,77.19172
2019-04-13 18:00:00,77.38,77.29982
2015-11-11 07:00:00,77.43,77.307045
2020-03-03 07:00:00,77.33,77.188805
2020-06-01 09:00:00,77.58,77.60567
2019-08-10 01:00:00,77.91,77.857574
2014-08-21 15:00:00,78.06,78.13037
2019-08-24 18:00:00,77.94,77.81098
2015-11-21 10:00:00,77.71,77.46065
2015-06-12 10:00:00,77.77,77.776115
2019-06-17 01:00:00,77.73,77.794495
2016-07-11 09:00:00,77.76,77.89791
2016-11-25 00:00:00,77.3,77.22511
2014-11-15 23:00:00,77.28,77.243904
2017-11-15 17:00:00,77.19,77.20466
2020-05-02 00:00:00,77.06,77.36563
2019-11-12 21:00:00,77.21,77.32904
2019-08-28 06:00:00,77.82,77.88962
2017-11-08 07:00:00,77.22,77.43509
2019-03-28 05:00:00,77.14,77.1871
2018-07-08 17:00:00,77.63,77.81896
2014-03-12 10:00:00,77.14,77.201385
2017-08-08 13:00:00,77.9,77.92348
2019-05-27 19:00:00,77.84,77.62765
2019-02-08 10:00:00,77.17,77.182106
2018-09-21 17:00:00,77.6,77.93006
2019-01-24 00:00:00,77.09,77.161964
2014-04-29 23:00:00,77.65,77.53778
2014-04-26 06:00:00,77.46,77.25523
2019-09-25 14:00:00,77.78,77.580345
2020-05-14 10:00:00,77.2,77.26899
2019-08-28 19:00:00,77.8,77.8856
2014-11-16 10:00:00,77.28,77.272606
2019-04-08 06:00:00,77.2,77.31088
2017-06-11 13:00:00,77.82,77.79222
2020-01-14 12:00:00,77.29,77.198875
2017-05-14 13:00:00,77.38,77.41181
2019-12-28 12:00:00,77.09,77.19355
2020-07-17 02:00:00,77.83,77.80174
2019-08-26 05:00:00,77.82,77.75246
2017-05-05 23:00:00,77.24,77.44299
2018-03-29 09:00:00,77.55,77.623726
2017-08-26 18:00:00,77.86,77.82259
2015-09-28 16:00:00,77.55,77.6423
2018-07-17 17:00:00,77.65,77.85167
2016-02-11 23:00:00,77.33,77.33856
2019-02-16 20:00:00,77.09,77.18891
2017-12-17 20:00:00,77.1,77.21549
2015-08-13 15:00:00,77.95,77.89108
2016-05-29 02:00:00,77.86,77.75998
2015-03-14 21:00:00,77.21,77.21466
2019-04-11 09:00:00,77.47,77.38901
2017-07-19 17:00:00,78.06,77.88324
2015-05-23 00:00:00,77.77,77.77528
2020-02-17 19:00:00,77.24,77.156494
2020-06-08 00:00:00,77.76,77.721535
2019-01-31 23:00:00,77.09,77.1621
2017-02-09 16:00:00,77.14,77.16291
2017-05-07 06:00:00,77.25,77.29737
2016-05-01 04:00:00,77.8,77.62087
2019-04-03 13:00:00,76.95,77.1694
2014-06-26 23:00:00,77.74,77.75874
2020-10-05 02:00:00,77.55,77.48651
2017-08-26 07:00:00,77.9,77.88859
2020-10-24 09:00:00,77.41,77.37109
2017-06-13 13:00:00,77.87,77.73215
2018-05-26 11:00:00,77.93,77.80386
2016-01-25 13:00:00,77.27,77.20987
2018-10-14 05:00:00,77.56,77.41161
2014-10-11 00:00:00,77.34,77.52459
2015-09-24 00:00:00,77.59,77.64513
2015-09-20 16:00:00,77.74,77.712135
2017-03-07 01:00:00,77.22,77.17132
2020-12-03 15:00:00,77.21,77.312935
2014-12-20 07:00:00,77.48,77.17023
2019-12-22 20:00:00,77.12,77.21697
2016-04-25 02:00:00,77.58,77.52978
2019-10-07 09:00:00,77.75,77.619225
2016-07-10 07:00:00,77.85,77.85092
2020-01-12 21:00:00,77.33,77.21811
2020-09-19 10:00:00,77.75,77.61357
2020-02-28 01:00:00,77.36,77.24858
2014-01-27 08:00:00,77.26,77.15693
2015-08-14 20:00:00,77.91,77.8977
2014-10-13 12:00:00,77.33,77.60374
2014-08-11 00:00:00,77.87,77.8412
2018-07-24 23:00:00,77.98,77.87048
2019-09-06 18:00:00,77.7,77.869804
2019-03-26 22:00:00,77.14,77.23018
2014-02-10 09:00:00,77.2,77.17302
2014-08-17 03:00:00,77.87,77.95524
2019-11-27 23:00:00,77.14,77.226746
2016-09-15 08:00:00,77.76,77.75992
2020-01-31 17:00:00,77.26,77.18254
2015-06-23 07:00:00,77.8,77.788445
2017-11-12 09:00:00,77.19,77.23005
2020-08-26 20:00:00,77.96,77.85057
2020-12-30 12:00:00,77.17,77.286865
2017-06-10 00:00:00,77.8,77.74948
2017-04-30 20:00:00,77.14,77.393715
2020-01-18 04:00:00,77.22,77.16668
2016-05-23 00:00:00,77.68,77.74553
2016-09-12 14:00:00,77.94,77.81649
2016-09-07 03:00:00,77.79,77.92213
2018-03-28 20:00:00,77.58,77.70313
2018-11-08 16:00:00,77.29,77.35569
2020-06-16 16:00:00,77.76,77.747574
2015-04-04 02:00:00,77.25,77.25578
2014-07-23 01:00:00,77.93,77.88925
2018-05-20 07:00:00,77.63,77.75887
2019-06-15 02:00:00,77.8,77.72361
2019-06-22 03:00:00,77.77,77.756645
2015-03-27 07:00:00,77.28,77.183624
2017-03-07 03:00:00,77.23,77.16872
2016-05-08 10:00:00,77.58,77.63296
2017-09-18 01:00:00,77.6,77.78582
2017-09-01 09:00:00,77.64,77.73808
2019-06-13 08:00:00,77.7,77.72912
2019-12-02 00:00:00,77.2,77.21792
2015-05-23 15:00:00,77.79,77.753204
2016-05-10 23:00:00,77.71,77.63857
2019-09-30 10:00:00,77.51,77.77968
2019-10-24 13:00:00,77.28,77.42941
2020-08-13 16:00:00,78.24,77.910126
2020-01-08 03:00:00,77.35,77.281296
2019-05-02 13:00:00,77.46,77.26684
2020-02-05 09:00:00,77.22,77.16161
2014-05-04 14:00:00,77.52,77.48
2014-06-20 12:00:00,77.77,77.7426
2018-12-10 02:00:00,77.27,77.21292
2018-05-28 22:00:00,77.8,77.77031
2017-07-11 00:00:00,77.82,77.89223
2015-04-30 11:00:00,77.64,77.56422
2017-02-01 15:00:00,77.16,77.17604
2016-03-30 14:00:00,77.29,77.33179
2019-09-25 07:00:00,77.81,77.60199
2015-01-15 20:00:00,77.3,77.16647
2014-06-23 23:00:00,77.93,77.820244
2015-06-01 09:00:00,77.73,77.76501
2016-12-26 20:00:00,77.34,77.301956
2019-12-29 20:00:00,77.1,77.186066
2018-06-18 09:00:00,77.78,77.792915
2018-11-18 16:00:00,77.27,77.21115
2015-09-06 14:00:00,77.95,77.9663
2019-04-15 13:00:00,77.32,77.345146
2015-06-16 17:00:00,77.8,77.77946
2015-04-13 13:00:00,77.37,77.33071
2015-07-23 18:00:00,77.75,77.90728
2014-01-26 13:00:00,77.26,77.17561
2016-01-15 01:00:00,77.3,77.205284
2014-03-08 12:00:00,77.16,77.19185
2015-03-15 11:00:00,77.2,77.20226
2016-08-04 07:00:00,78.07,77.924065
2015-03-13 04:00:00,77.17,77.158295
2017-04-30 06:00:00,77.15,77.30567
2016-02-16 21:00:00,77.43,77.24035
2018-02-04 23:00:00,77.05,77.2472
2017-12-06 20:00:00,77.13,77.184875
2015-11-28 21:00:00,77.76,77.46985
2020-01-17 09:00:00,77.23,77.17965
2016-08-02 06:00:00,78.05,77.95667
2019-10-11 20:00:00,77.49,77.609375
2016-04-14 19:00:00,77.44,77.48729
2018-05-30 05:00:00,77.8,77.78247
2020-07-27 23:00:00,77.94,78.0386
2020-08-31 01:00:00,77.87,77.912094
2017-04-20 15:00:00,77.27,77.25924
2016-03-01 11:00:00,77.31,77.23786
2018-12-07 17:00:00,77.32,77.25774
2016-01-03 07:00:00,77.42,77.28421
2015-04-06 06:00:00,77.44,77.3475
2014-02-14 20:00:00,77.17,77.16901
2015-03-09 09:00:00,77.18,77.1483
2020-03-11 02:00:00,77.33,77.22997
2017-07-28 06:00:00,77.72,77.79714
2015-11-16 16:00:00,77.62,77.39811
2015-11-21 16:00:00,77.71,77.471085
2016-07-30 13:00:00,78.03,77.96198
2020-06-04 14:00:00,77.61,77.72602
2015-06-12 03:00:00,77.78,77.75021
2015-02-03 22:00:00,77.22,77.15775
2016-12-15 23:00:00,77.22,77.22722
2016-06-25 04:00:00,78.04,77.986305
2020-02-12 02:00:00,77.16,77.17517
2020-01-03 13:00:00,77.09,77.16951
2017-05-04 13:00:00,77.18,77.376015
2020-08-21 23:00:00,77.93,77.82327
2020-08-11 06:00:00,78.43,78.09805
2014-07-20 04:00:00,78.17,77.83921
2016-11-18 07:00:00,77.33,77.23575
2016-05-06 03:00:00,77.66,77.614494
2015-04-08 11:00:00,77.5,77.38671
2016-10-03 07:00:00,77.88,77.900406
2016-11-03 18:00:00,77.52,77.23073
2015-07-03 15:00:00,77.66,77.71864
2019-11-22 01:00:00,77.16,77.25367
2014-11-25 06:00:00,77.67,77.39537
2020-07-01 02:00:00,77.73,77.786865
2019-09-26 01:00:00,77.73,77.59112
2019-02-17 16:00:00,77.09,77.16494
2017-04-04 00:00:00,77.13,77.22944
2014-02-22 17:00:00,77.15,77.17194
2015-12-30 17:00:00,77.46,77.44683
2016-06-10 12:00:00,77.81,77.7523
2014-12-02 22:00:00,77.68,77.2707
2016-06-04 06:00:00,77.76,77.73219
2019-05-28 23:00:00,77.72,77.60393
2020-02-01 14:00:00,77.26,77.17806
2018-03-26 21:00:00,77.66,77.67995
2018-03-31 10:00:00,77.48,77.658264
2019-06-04 22:00:00,77.7,77.67559
2015-02-05 16:00:00,77.24,77.17267
2016-10-14 01:00:00,77.72,77.626335
2014-03-14 11:00:00,77.51,77.35388
2015-12-26 16:00:00,77.54,77.33957
2018-09-02 06:00:00,78.02,77.84664
2019-07-31 13:00:00,77.85,77.89697
2017-07-20 06:00:00,77.98,77.885376
2014-05-11 02:00:00,77.47,77.571754
2014-03-31 03:00:00,77.52,77.39513
2020-03-13 00:00:00,77.3,77.17938
2015-12-14 14:00:00,77.72,77.65682
2014-04-20 00:00:00,77.36,77.31176
2020-07-21 08:00:00,77.59,77.95539
2016-12-06 01:00:00,77.26,77.254135
2016-01-28 00:00:00,77.27,77.2154
2014-01-05 13:00:00,77.3,77.15901
2017-11-16 19:00:00,77.18,77.23333
2015-02-01 05:00:00,77.24,77.16314
2017-03-22 10:00:00,77.13,77.255615
2018-04-06 10:00:00,77.57,77.54913
2020-11-07 00:00:00,77.33,77.33407
2014-05-08 13:00:00,77.47,77.52552
2015-11-14 22:00:00,77.65,77.502495
2020-10-03 20:00:00,77.56,77.65128
2014-10-12 02:00:00,77.32,77.44736
2017-05-31 08:00:00,77.76,77.73289
2015-11-22 14:00:00,77.68,77.514915
2017-09-18 17:00:00,77.57,77.764404
2016-01-09 18:00:00,77.34,77.31227
2016-08-06 07:00:00,77.93,77.93658
2020-12-02 22:00:00,77.19,77.211174
2019-01-07 16:00:00,77.13,77.18296
2018-01-12 01:00:00,77.07,77.28897
2015-01-13 22:00:00,77.32,77.19526
2019-07-04 14:00:00,77.62,77.819954
2017-04-07 06:00:00,77.25,77.37161
2015-09-11 07:00:00,77.63,77.67002
2015-07-08 03:00:00,77.72,77.7624
2017-04-03 15:00:00,77.14,77.243996
2017-11-13 23:00:00,77.19,77.26679
2014-12-03 18:00:00,77.66,77.24513
2018-10-14 12:00:00,77.54,77.48855
2017-05-04 01:00:00,77.17,77.35814
2015-11-14 10:00:00,77.63,77.52404
2017-06-15 06:00:00,77.8,77.76562
2014-12-29 17:00:00,77.44,77.240974
2016-06-02 04:00:00,77.81,77.767265
2014-04-26 07:00:00,77.46,77.275826
2019-06-29 15:00:00,77.78,77.83426
2015-06-03 17:00:00,77.74,77.753525
2018-06-01 07:00:00,77.79,77.76651
2015-10-09 13:00:00,77.51,77.53531
2014-05-30 04:00:00,77.81,77.77459
2018-06-27 00:00:00,77.75,77.804
2017-04-13 16:00:00,77.24,77.24131
2016-05-28 23:00:00,77.86,77.76344
2015-04-22 10:00:00,77.46,77.25725
2018-01-26 21:00:00,77.14,77.18907
2017-04-04 22:00:00,77.13,77.308426
2017-10-10 13:00:00,77.45,77.69025
2017-12-29 20:00:00,77.09,77.41575
2014-12-10 10:00:00,77.52,77.3575
2019-07-25 02:00:00,77.88,77.88038
2014-07-22 03:00:00,78.01,77.87769
2014-11-29 05:00:00,77.68,77.54252
2019-04-24 01:00:00,77.43,77.45514
2020-08-03 13:00:00,77.94,77.8758
2020-11-13 13:00:00,77.29,77.277054
2017-05-07 08:00:00,77.24,77.327515
2015-09-16 12:00:00,77.75,77.58628
2016-08-28 21:00:00,78.0,77.93588
2014-03-25 03:00:00,77.33,77.27875
2015-03-30 09:00:00,77.25,77.24495
2017-12-05 14:00:00,77.14,77.22118
2014-10-03 07:00:00,77.53,77.64265
2018-09-13 22:00:00,77.6,77.77616
2017-03-13 10:00:00,77.15,77.29916
2015-01-15 13:00:00,77.31,77.16827
2016-11-29 08:00:00,77.28,77.236755
2018-04-27 11:00:00,77.72,77.654526
2020-08-19 17:00:00,77.76,77.887825
2018-12-06 06:00:00,77.33,77.24502
2018-04-28 16:00:00,77.66,77.67348
2017-07-27 21:00:00,77.71,77.82561
2015-06-12 06:00:00,77.78,77.75478
2017-04-14 16:00:00,77.29,77.369606
2014-10-14 15:00:00,77.32,77.452156
2014-03-24 18:00:00,77.33,77.20118
2015-09-18 06:00:00,77.75,77.65058
2020-12-09 10:00:00,77.17,77.11219
2016-06-21 14:00:00,77.86,77.813644
2020-11-09 00:00:00,77.32,77.306526
2015-10-03 23:00:00,77.77,77.59001
2018-06-09 19:00:00,77.76,77.78456
2019-05-02 22:00:00,77.42,77.22399
2015-06-01 19:00:00,77.71,77.76974
2017-09-07 06:00:00,77.93,77.944984
2016-04-18 11:00:00,77.62,77.40378
2015-03-30 04:00:00,77.26,77.235985
2015-07-22 20:00:00,77.6,77.84654
2014-07-20 00:00:00,78.17,77.81868
2018-01-24 11:00:00,77.21,77.23467
2016-08-22 11:00:00,78.05,78.028206
2019-06-25 10:00:00,77.77,77.77793
2019-03-05 22:00:00,77.13,77.21231
2014-10-07 00:00:00,77.41,77.46151
2019-05-30 17:00:00,77.69,77.62787
2019-06-16 01:00:00,77.75,77.73848
2014-05-24 20:00:00,77.85,77.78409
2020-08-02 13:00:00,78.05,77.87891
2014-08-16 13:00:00,77.89,77.928955
2017-08-28 15:00:00,77.7,77.79398
2019-04-20 15:00:00,77.42,77.49225
2020-08-28 06:00:00,77.98,77.970924
2015-04-16 17:00:00,77.38,77.23587
2016-01-21 21:00:00,77.29,77.19765
2017-01-28 16:00:00,77.15,77.14683
2016-11-15 10:00:00,77.35,77.36958
2014-07-13 14:00:00,77.65,77.896164
2018-03-02 12:00:00,77.27,77.23324
2017-10-27 05:00:00,77.28,77.33175
2018-03-26 06:00:00,77.7,77.67121
2017-05-29 10:00:00,77.77,77.7395
2014-09-18 08:00:00,77.74,77.59707
2017-04-29 07:00:00,77.18,77.31178
2017-07-05 14:00:00,78.04,77.92616
2015-07-20 15:00:00,77.61,77.847115
2015-06-02 20:00:00,77.72,77.74699
2018-03-16 22:00:00,77.65,77.52208
2017-01-24 02:00:00,77.16,77.19857
2014-03-14 13:00:00,77.51,77.34411
2018-07-04 00:00:00,78.15,77.85046
2015-02-19 18:00:00,77.18,77.172844
2018-06-03 04:00:00,77.75,77.771385
2019-10-27 20:00:00,77.26,77.40582
2014-12-10 02:00:00,77.53,77.29225
2014-03-17 15:00:00,77.44,77.432556
2017-09-28 05:00:00,77.37,77.835
2017-03-07 14:00:00,77.24,77.17721
2016-12-28 12:00:00,77.39,77.23598
2017-04-14 11:00:00,77.27,77.315056
2018-07-05 08:00:00,77.91,77.85047
2014-02-04 06:00:00,77.23,77.154816
2020-03-02 12:00:00,77.35,77.227844
2014-04-25 19:00:00,77.46,77.284454
2018-12-16 18:00:00,77.22,77.2306
2018-10-25 06:00:00,77.34,77.335365
2019-08-09 20:00:00,77.9,77.86714
2020-10-26 17:00:00,77.38,77.351875
2016-05-04 03:00:00,77.75,77.67642
2019-12-03 05:00:00,77.21,77.23347
2014-08-15 17:00:00,77.99,77.894066
2019-08-03 19:00:00,77.7,77.84715
2014-06-22 00:00:00,77.77,77.775154
2020-07-12 13:00:00,77.74,77.82949
2019-10-13 04:00:00,77.45,77.57637
2017-03-27 20:00:00,77.19,77.23548
2016-01-01 20:00:00,77.42,77.48494
2015-07-15 09:00:00,77.91,77.8346
2020-07-22 17:00:00,77.7,77.89254
2016-11-12 02:00:00,77.44,77.28034
2014-10-14 16:00:00,77.32,77.451744
2014-11-19 15:00:00,77.26,77.22095
2017-07-11 01:00:00,77.82,77.89621
2015-06-17 14:00:00,77.78,77.76189
2016-12-02 14:00:00,77.29,77.26356
2014-08-28 03:00:00,77.92,77.82577
2020-05-14 12:00:00,77.2,77.29761
2019-10-11 00:00:00,77.53,77.447655
2014-09-08 20:00:00,77.74,77.9105
2014-03-15 18:00:00,77.49,77.29561
2019-03-15 04:00:00,77.13,77.16267
2019-11-21 19:00:00,77.17,77.27106
2016-07-21 12:00:00,77.55,77.825226
2016-05-19 20:00:00,77.7,77.68968
2014-12-06 02:00:00,77.62,77.26011
2020-04-16 03:00:00,77.16,77.21791
2015-10-13 07:00:00,77.45,77.40797
2018-05-24 08:00:00,77.93,77.767975
2014-07-27 22:00:00,77.72,77.770744
2014-01-21 06:00:00,77.25,77.1692
2017-05-04 20:00:00,77.16,77.42134
2017-02-25 22:00:00,77.31,77.18386
2015-05-22 09:00:00,77.77,77.75595
2019-04-30 09:00:00,77.55,77.35536
2016-05-26 12:00:00,77.83,77.753716
2020-07-19 23:00:00,77.63,77.82138
2020-05-02 03:00:00,77.08,77.36661
2017-04-07 17:00:00,77.25,77.3904
2018-10-22 12:00:00,77.36,77.350746
2018-04-05 07:00:00,77.42,77.59272
2015-04-18 21:00:00,77.36,77.1727
2016-05-26 10:00:00,77.87,77.74391
2014-03-13 16:00:00,77.41,77.29794
2020-10-19 18:00:00,77.4,77.36389
2017-07-31 08:00:00,77.87,77.91465
2019-05-30 06:00:00,77.68,77.57408
2016-08-30 00:00:00,77.94,77.81817
2016-01-10 03:00:00,77.33,77.30781
2020-11-17 11:00:00,77.27,77.37615
2018-06-25 17:00:00,77.78,77.835205
2018-08-21 17:00:00,77.91,77.92308
2015-03-20 08:00:00,77.41,77.29971
2014-03-30 01:00:00,77.54,77.46046
2017-04-06 18:00:00,77.24,77.46442
2015-08-04 04:00:00,77.88,77.938
2020-07-20 22:00:00,77.59,77.88419
2018-11-29 21:00:00,77.21,77.23868
2019-04-07 12:00:00,77.17,77.35585
2017-12-01 01:00:00,77.13,77.20381
2018-01-21 13:00:00,77.25,77.32154
2015-01-24 04:00:00,77.25,77.16455
2017-10-31 22:00:00,77.24,77.29057
2016-08-08 19:00:00,78.1,77.9367
2014-09-15 19:00:00,77.78,77.65905
2019-12-30 00:00:00,77.11,77.17691
2016-06-29 19:00:00,77.77,77.76873
2020-10-17 03:00:00,77.42,77.32908
2015-09-08 02:00:00,77.81,77.738045
2015-12-31 10:00:00,77.45,77.411354
2016-02-21 09:00:00,77.37,77.30371
2014-08-26 04:00:00,78.12,78.14259
2015-12-21 02:00:00,77.59,77.53408
2018-07-25 18:00:00,77.96,77.938614
2018-11-29 10:00:00,77.22,77.21451
2015-05-31 22:00:00,77.73,77.77481
2018-11-24 21:00:00,77.24,77.22591
2019-12-15 21:00:00,77.14,77.226555
2015-12-07 11:00:00,77.71,77.5609
2014-01-20 15:00:00,77.25,77.13409
2017-04-15 14:00:00,77.3,77.42718
2020-01-16 01:00:00,77.25,77.18698
2015-10-17 03:00:00,77.38,77.47572
2014-09-05 08:00:00,77.63,77.81114
2015-06-19 14:00:00,77.77,77.77429
2019-03-17 05:00:00,77.13,77.14681
2017-03-23 22:00:00,77.13,77.2109
2020-11-06 11:00:00,77.33,77.337036
2016-05-11 16:00:00,77.72,77.69915
2015-09-20 02:00:00,77.74,77.70132
2019-05-20 18:00:00,77.67,77.31454
2018-12-14 14:00:00,77.24,77.27284
2016-07-01 02:00:00,77.76,77.79507
2019-02-14 21:00:00,77.1,77.19047
2020-09-17 08:00:00,77.8,77.78074
2014-10-15 04:00:00,77.31,77.38593
2019-09-16 19:00:00,77.42,77.866936
2018-05-23 03:00:00,77.92,77.71639
2014-05-24 18:00:00,77.84,77.7793
2017-01-20 09:00:00,77.17,77.14481
2017-11-27 03:00:00,77.15,77.304535
2020-09-11 00:00:00,77.91,77.97968
2015-03-07 15:00:00,77.18,77.162384
2014-11-17 12:00:00,77.26,77.22313
2014-03-03 13:00:00,77.19,77.21039
2016-04-06 14:00:00,77.3,77.22705
2014-10-01 17:00:00,77.6,77.59564
2017-06-17 11:00:00,77.92,77.76766
2015-08-15 23:00:00,77.89,77.92244
2016-11-26 16:00:00,77.3,77.197685
2015-12-10 03:00:00,77.62,77.56247
2015-02-26 18:00:00,77.19,77.13867
2015-07-10 14:00:00,77.98,77.82619
2017-11-23 06:00:00,77.16,77.27691
2017-12-17 10:00:00,77.1,77.202255
2019-03-04 04:00:00,77.14,77.23245
2015-01-27 18:00:00,77.26,77.163376
2015-09-03 12:00:00,78.14,77.9553
2016-07-16 00:00:00,77.63,77.80383
2019-06-05 02:00:00,77.71,77.68629
2019-01-31 20:00:00,77.08,77.14135
2020-02-25 08:00:00,77.29,77.20987
2017-12-05 17:00:00,77.14,77.11044
2015-06-30 21:00:00,77.74,77.77484
2017-09-25 21:00:00,77.33,77.766
2017-06-18 20:00:00,77.82,77.77461
2018-11-20 19:00:00,77.25,77.25799
2014-08-08 00:00:00,77.9,78.04538
2016-07-26 16:00:00,77.76,77.91649
2015-07-07 23:00:00,77.69,77.77733
2014-06-30 08:00:00,77.69,77.792984
2017-04-13 17:00:00,77.24,77.23417
2018-09-15 22:00:00,77.61,77.80313
2017-04-13 15:00:00,77.24,77.265434
2018-07-13 23:00:00,77.57,77.84996
2019-11-04 22:00:00,77.21,77.33664
2020-09-03 12:00:00,78.19,78.107346
2014-01-26 09:00:00,77.26,77.179634
2019-08-21 16:00:00,77.84,77.90471
2020-07-09 23:00:00,77.43,77.79469
2019-07-13 11:00:00,77.68,77.77794
2015-04-12 16:00:00,77.39,77.22221
2015-10-07 10:00:00,77.58,77.51125
2017-12-03 05:00:00,77.13,77.214615
2015-01-24 16:00:00,77.24,77.16863
2020-08-02 09:00:00,78.07,77.88086
2019-12-11 04:00:00,77.1,77.22183
2017-01-05 04:00:00,77.28,77.24062
2018-08-26 01:00:00,78.0,77.84339
2018-01-10 09:00:00,77.09,77.34177
2020-12-20 03:00:00,77.12,77.123375
2020-02-11 06:00:00,77.16,77.1785
2016-04-20 03:00:00,77.54,77.40235
2018-02-21 06:00:00,77.12,77.18627
2015-07-04 13:00:00,77.61,77.664764
2020-05-27 11:00:00,77.69,77.53839
2018-05-30 10:00:00,77.83,77.79454
2018-12-02 21:00:00,77.21,77.288666
2014-08-19 11:00:00,78.32,77.959915
2019-09-19 19:00:00,77.35,77.7421
2017-08-24 20:00:00,78.05,77.9492
2014-12-02 18:00:00,77.69,77.28651
2020-06-30 11:00:00,77.76,77.90359
2018-12-06 13:00:00,77.33,77.26136
2017-03-15 03:00:00,77.13,77.22177
2016-12-01 13:00:00,77.28,77.36753
2016-06-25 15:00:00,77.98,77.76223
2018-09-02 10:00:00,77.99,77.88771
2019-02-27 08:00:00,77.15,77.17154
2014-05-16 08:00:00,77.53,77.63105
2015-02-11 03:00:00,77.2,77.158905
2016-08-13 14:00:00,78.08,78.00317
2020-11-13 21:00:00,77.28,77.3106
2018-10-08 03:00:00,78.01,77.69817
2019-02-22 12:00:00,77.18,77.1906
2014-04-12 13:00:00,77.21,77.28265
2018-09-07 14:00:00,77.85,77.90675
2017-09-11 01:00:00,77.77,77.76005
2019-05-06 22:00:00,77.32,77.18178
2014-02-27 12:00:00,77.16,77.28939
2015-07-13 01:00:00,78.18,78.12053
2019-03-24 09:00:00,77.15,77.16261
2017-06-21 19:00:00,77.88,77.79728
2016-11-17 23:00:00,77.32,77.27263
2020-01-07 23:00:00,77.32,77.33028
2016-10-05 18:00:00,78.24,78.065796
2017-04-25 12:00:00,77.25,77.36984
2020-11-04 23:00:00,77.33,77.281876
2017-06-07 09:00:00,77.79,77.764755
2015-06-17 23:00:00,77.77,77.766785
2020-10-03 21:00:00,77.56,77.62534
2015-01-18 04:00:00,77.29,77.17341
2015-02-11 08:00:00,77.19,77.172935
2015-05-09 12:00:00,77.51,77.62435
2017-11-01 09:00:00,77.24,77.26978
2019-08-31 15:00:00,77.76,77.71836
2014-07-24 12:00:00,77.82,77.91511
2020-06-03 10:00:00,77.6,77.655304
2020-09-18 17:00:00,77.78,77.69283
2016-08-31 16:00:00,77.87,77.89243
2018-04-19 00:00:00,77.51,77.46326
2017-01-04 11:00:00,77.29,77.20361
2016-10-19 04:00:00,77.9,77.62531
2020-04-18 18:00:00,77.17,77.27781
2018-04-13 19:00:00,77.48,77.52464
2018-05-30 21:00:00,77.85,77.789856
2018-03-08 19:00:00,77.6,77.37448
2016-12-21 07:00:00,77.23,77.28088
2015-08-10 13:00:00,78.03,77.94096
2017-08-25 23:00:00,77.93,77.89839
2016-04-25 12:00:00,77.58,77.535706
2016-01-23 18:00:00,77.27,77.18032
2017-06-11 14:00:00,77.83,77.796524
2015-01-12 16:00:00,77.33,77.1793
2017-09-28 06:00:00,77.37,77.84582
2015-11-07 13:00:00,77.29,77.399895
2014-06-06 09:00:00,77.78,77.78161
2020-07-03 05:00:00,77.62,77.788605
2019-01-18 06:00:00,77.11,77.17982
2020-10-21 03:00:00,77.39,77.35935
2015-05-30 00:00:00,77.72,77.740845
2018-09-07 11:00:00,77.86,77.903076
2015-09-22 06:00:00,77.68,77.70979
2019-07-12 16:00:00,77.67,77.82645
2020-12-16 01:00:00,77.16,77.044945
2017-03-02 07:00:00,77.24,77.16547
2017-03-08 22:00:00,77.19,77.20254
2019-12-23 18:00:00,77.13,77.185745
2019-06-20 08:00:00,77.74,77.76711
2014-10-12 05:00:00,77.33,77.45105
2020-11-12 00:00:00,77.29,77.265884
2016-05-29 18:00:00,77.89,77.750435
2016-01-31 04:00:00,77.68,77.328575
2015-12-02 16:00:00,77.7,77.49663
2019-01-14 23:00:00,77.13,77.16312
2020-02-19 17:00:00,77.25,77.19994
2017-06-12 09:00:00,77.82,77.804565
2020-10-16 04:00:00,77.42,77.36844
2016-02-21 05:00:00,77.37,77.27117
2016-03-01 20:00:00,77.31,77.2334
2017-08-27 08:00:00,77.76,77.66805
2019-11-14 19:00:00,77.18,77.27972
2015-10-12 03:00:00,77.48,77.515175
2018-05-07 08:00:00,77.47,77.6745
2016-08-15 01:00:00,78.07,78.0266
2017-09-25 03:00:00,77.26,77.64686
2017-05-14 18:00:00,77.39,77.39699
2016-11-10 15:00:00,77.46,77.26084
2016-12-12 11:00:00,77.24,77.23342
2018-12-16 16:00:00,77.23,77.229614
2016-03-17 21:00:00,77.41,77.56634
2020-03-19 06:00:00,77.22,77.1991
2019-11-14 00:00:00,77.19,77.24189
2016-05-03 01:00:00,77.68,77.6223
2019-04-23 09:00:00,77.47,77.48461
2017-09-26 21:00:00,77.34,77.84894
2016-02-19 10:00:00,77.39,77.34467
2016-02-02 22:00:00,77.57,77.28672
2015-10-11 04:00:00,77.49,77.35084
2019-06-12 10:00:00,77.71,77.74911
2017-07-31 14:00:00,77.89,77.927124
2020-02-14 02:00:00,77.18,77.23927
2014-09-14 08:00:00,77.79,77.68854
2015-08-29 16:00:00,77.82,77.84637
2017-05-12 00:00:00,77.31,77.459175
2014-10-13 07:00:00,77.34,77.45548
2019-07-13 22:00:00,77.69,77.779755
2017-06-15 18:00:00,77.91,77.76969
2018-10-17 13:00:00,77.39,77.43918
2017-06-16 06:00:00,77.91,77.78517
2015-01-08 20:00:00,77.37,77.19585
2015-06-26 04:00:00,77.81,77.767525
2015-11-21 17:00:00,77.71,77.51436
2017-12-08 09:00:00,77.13,77.23017
2018-06-04 07:00:00,77.75,77.7802
2020-04-19 21:00:00,77.19,77.29654
2014-03-26 01:00:00,77.38,77.35506
2019-07-14 20:00:00,77.73,77.8037
2017-03-19 16:00:00,77.11,77.23624
2016-08-22 13:00:00,77.95,78.015854
2019-10-17 14:00:00,77.36,77.439316
2017-12-10 03:00:00,77.13,77.21037
2020-03-27 05:00:00,77.19,77.317535
2015-07-23 12:00:00,77.72,77.94368
2019-02-19 06:00:00,77.1,77.13704
2020-05-22 10:00:00,77.71,77.34335
2020-04-23 09:00:00,77.17,77.167534
2020-04-27 18:00:00,77.08,77.15197
2016-12-01 19:00:00,77.29,77.28152
2014-09-07 18:00:00,77.71,77.835594
2019-12-05 06:00:00,77.16,77.20079
2016-03-04 20:00:00,77.36,77.36292
2018-08-29 13:00:00,78.23,77.956665
2020-04-17 08:00:00,77.18,77.24772
2018-05-18 15:00:00,77.52,77.71201
2020-02-10 04:00:00,77.17,77.17669
2019-04-13 02:00:00,77.41,77.31764
2019-04-29 00:00:00,77.36,77.32552
2015-07-31 11:00:00,77.89,77.969696
2015-01-04 08:00:00,77.35,77.2007
2014-12-06 04:00:00,77.62,77.27635
2015-05-01 00:00:00,77.64,77.57843
2020-05-11 08:00:00,77.24,77.34132
2020-07-21 03:00:00,77.59,77.94877
2015-03-23 19:00:00,77.33,77.19053
2014-06-12 16:00:00,77.9,77.77696
2015-11-08 03:00:00,77.39,77.49445
2019-02-20 04:00:00,77.18,77.21706
2016-08-12 07:00:00,78.05,78.02488
2020-01-01 06:00:00,77.12,77.188515
2014-09-25 16:00:00,77.95,77.861435
2018-01-05 21:00:00,77.05,77.25401
2016-04-03 15:00:00,77.27,77.43706
2020-09-25 06:00:00,77.66,77.58204
2016-10-25 09:00:00,77.61,77.632645
2017-09-27 15:00:00,77.37,77.812996
2018-06-07 02:00:00,77.77,77.794464
2019-02-26 07:00:00,77.16,77.1805
2018-04-22 15:00:00,77.48,77.52904
2015-10-23 11:00:00,77.31,77.49806
2016-10-18 20:00:00,77.94,77.69396
2017-08-25 03:00:00,78.0,77.939545
2015-05-06 03:00:00,77.53,77.48444
2017-10-24 03:00:00,77.3,77.398026
2017-01-28 10:00:00,77.15,77.18792
2014-05-10 02:00:00,77.46,77.59501
2019-11-13 19:00:00,77.2,77.32368
2017-11-26 00:00:00,77.15,77.22061
2016-03-07 05:00:00,77.8,77.37335
2016-06-26 07:00:00,77.9,77.78501
2017-05-25 19:00:00,77.69,77.64347
2016-05-21 19:00:00,77.7,77.70013
2016-02-13 17:00:00,77.4,77.47437
2018-08-09 14:00:00,77.87,77.92565
2016-09-15 15:00:00,77.74,77.785515
2018-03-15 01:00:00,77.51,77.48025
2016-11-28 05:00:00,77.31,77.27625
2016-02-28 10:00:00,77.3,77.26588
2019-03-25 15:00:00,77.15,77.19501
2016-07-27 15:00:00,77.8,77.91506
2017-11-28 23:00:00,77.14,77.45568
2015-10-30 11:00:00,77.35,77.31
2019-12-16 15:00:00,77.14,77.206024
2016-04-19 06:00:00,77.58,77.45067
2018-12-14 19:00:00,77.24,77.27849
2019-08-05 10:00:00,77.82,77.85673
2020-05-21 17:00:00,77.7,77.33489
2020-10-11 22:00:00,77.46,77.523415
2016-05-18 14:00:00,77.64,77.65496
2020-11-16 20:00:00,77.27,77.32439
2018-06-13 09:00:00,77.84,77.809074
2014-10-01 08:00:00,77.61,77.64362
2015-07-27 23:00:00,77.81,77.937126
2020-02-04 06:00:00,77.23,77.16234
2015-08-21 00:00:00,77.89,77.87301
2020-03-21 19:00:00,77.2,77.2181
2014-03-01 16:00:00,77.16,77.312805
2017-12-13 05:00:00,77.11,77.09698
2019-08-14 01:00:00,77.9,77.91156
2017-02-15 01:00:00,77.09,77.21705
2016-03-10 09:00:00,77.64,77.3981
2020-03-17 19:00:00,77.23,77.13585
2016-12-11 07:00:00,77.24,77.18792
2020-06-23 07:00:00,77.68,77.78636
2016-02-05 01:00:00,77.48,77.27626
2018-03-20 02:00:00,77.83,77.493004
2017-04-04 15:00:00,77.14,77.28592
2019-09-23 19:00:00,78.02,77.935295
2019-11-01 21:00:00,77.23,77.39262
2018-02-20 22:00:00,77.12,77.23042
2019-07-18 15:00:00,77.9,77.9502
2020-06-01 11:00:00,77.58,77.61306
2019-11-30 17:00:00,77.12,77.22266
2016-11-19 04:00:00,77.34,77.284
2017-04-26 20:00:00,77.25,77.35977
2020-10-03 15:00:00,77.58,77.6564
2015-10-09 22:00:00,77.48,77.468475
2018-07-07 16:00:00,77.7,77.808685
2016-04-26 20:00:00,77.55,77.56657
2017-01-14 10:00:00,77.2,77.20929
2015-03-22 00:00:00,77.4,77.25196
2017-01-28 01:00:00,77.15,77.185974
2020-03-20 08:00:00,77.21,77.19621
2014-10-30 09:00:00,77.4,77.29542
2017-03-18 14:00:00,77.11,77.243065
2019-03-24 20:00:00,77.15,77.14889
2019-06-29 22:00:00,77.95,78.052734
2018-09-18 17:00:00,77.6,77.76671
2018-07-09 13:00:00,77.59,77.7859
2017-08-05 08:00:00,77.95,77.926575
2017-12-26 14:00:00,77.16,77.277
2017-07-25 11:00:00,77.76,77.97418
2020-04-06 17:00:00,77.16,77.17899
2016-07-13 07:00:00,77.74,77.96548
2020-05-30 23:00:00,77.63,77.60883
2019-08-18 01:00:00,77.89,77.87298
2015-01-16 02:00:00,77.31,77.18632
2014-05-14 01:00:00,77.5,77.62064
2019-03-31 06:00:00,77.04,77.1968
2016-01-28 21:00:00,77.27,77.25043
2018-01-21 11:00:00,77.26,77.234344
2020-03-02 23:00:00,77.33,77.209785
2018-09-19 19:00:00,77.59,77.71727
2016-11-24 21:00:00,77.3,77.21925
2020-01-28 20:00:00,77.22,77.28786
2020-12-20 23:00:00,77.11,77.19091
2015-01-09 15:00:00,77.36,77.191185
2020-08-22 07:00:00,77.95,77.85886
2020-06-08 14:00:00,77.72,77.72299
2020-05-08 08:00:00,77.28,77.24255
2017-11-03 01:00:00,77.24,77.33107
2018-05-08 20:00:00,77.59,77.73502
2015-12-07 00:00:00,77.73,77.46098
2016-03-19 22:00:00,77.4,77.62153
2015-11-29 17:00:00,77.76,77.40989
2020-11-30 15:00:00,77.21,77.29216
2017-03-08 07:00:00,77.22,77.17801
2017-01-02 14:00:00,77.31,77.24451
2016-05-02 23:00:00,77.68,77.60719
2014-01-31 15:00:00,77.23,77.17665
2015-06-03 13:00:00,77.74,77.749344
2015-08-14 13:00:00,77.91,77.87335
2018-12-10 07:00:00,77.27,77.20274
2016-01-02 14:00:00,77.42,77.50113
2017-08-26 22:00:00,77.81,77.791115
2016-12-05 20:00:00,77.27,77.31753
2018-12-14 16:00:00,77.24,77.28075
2017-01-02 17:00:00,77.31,77.23936
2014-08-18 14:00:00,78.38,78.13704
2014-10-03 15:00:00,77.51,77.62659
2018-01-24 05:00:00,77.2,77.20163
2019-05-13 08:00:00,77.39,77.25597
2016-07-01 13:00:00,77.76,77.7937
2020-01-16 17:00:00,77.24,77.15505
2015-03-19 17:00:00,77.38,77.39324
2020-07-12 21:00:00,77.79,77.962944
2015-08-17 07:00:00,77.91,77.88877
2014-03-28 13:00:00,77.56,77.364235
2015-03-13 06:00:00,77.17,77.16165
2018-05-02 18:00:00,77.62,77.68402
2018-07-08 00:00:00,77.66,77.78379
2015-01-14 11:00:00,77.32,77.20267
2014-01-16 23:00:00,77.24,77.16508
2017-02-26 18:00:00,77.28,77.17488
2014-11-18 00:00:00,77.26,77.238686
2019-04-26 18:00:00,77.43,77.416115
2019-02-16 03:00:00,77.1,77.14933
2017-10-07 04:00:00,77.56,77.61064
2020-05-05 13:00:00,77.17,77.36825
2014-01-05 18:00:00,77.29,77.16401
2014-03-15 02:00:00,77.51,77.27884
2018-11-16 17:00:00,77.3,77.26185
2016-11-19 07:00:00,77.34,77.30676
2018-11-08 15:00:00,77.29,77.36692
2018-04-04 03:00:00,77.39,77.587975
2014-01-30 12:00:00,77.22,77.184326
2015-01-07 11:00:00,77.4,77.17956
2018-01-02 00:00:00,77.08,77.340164
2018-10-27 11:00:00,77.33,77.462845
2016-02-15 00:00:00,77.45,77.26761
2019-01-07 11:00:00,77.14,77.175964
2019-08-10 18:00:00,77.91,77.8653
2018-02-06 04:00:00,77.04,77.20861
2016-02-05 05:00:00,77.48,77.27216
2019-05-26 07:00:00,77.76,77.433876
2018-05-18 13:00:00,77.52,77.7074
2020-10-01 01:00:00,77.61,77.61637
2017-08-06 13:00:00,77.89,77.93251
2019-11-01 17:00:00,77.23,77.346214
2016-11-27 11:00:00,77.32,77.339455
2015-01-25 02:00:00,77.24,77.17542
2018-01-17 09:00:00,77.21,77.29206
2014-05-01 04:00:00,77.63,77.59527
2017-07-09 05:00:00,78.01,78.09911
2018-11-19 17:00:00,77.26,77.2162
2016-09-03 21:00:00,77.82,77.93811
2014-12-15 02:00:00,77.47,77.25477
2017-07-08 15:00:00,77.93,77.87147
2018-07-29 10:00:00,77.93,77.91872
2019-03-04 20:00:00,77.13,77.19063
2018-05-09 09:00:00,77.59,77.749306
2017-07-30 10:00:00,77.77,77.92651
2018-05-28 04:00:00,77.86,77.763275
2017-11-15 14:00:00,77.18,77.22097
2016-01-29 19:00:00,77.46,77.26415
2018-11-02 00:00:00,77.3,77.2854
2017-01-12 16:00:00,77.23,77.16424
2018-12-28 02:00:00,77.15,77.17237
2020-06-03 14:00:00,77.61,77.65466
2017-02-02 21:00:00,77.15,77.16357
2019-06-22 01:00:00,77.76,77.7665
2016-02-11 14:00:00,77.34,77.32408
2015-06-21 14:00:00,77.9,78.12836
2019-02-18 18:00:00,77.09,77.18595
2016-10-20 06:00:00,77.81,77.60773
2014-04-18 08:00:00,77.39,77.356186
2017-06-13 21:00:00,77.87,77.73784
2014-07-02 03:00:00,77.7,77.76345
2018-05-03 05:00:00,77.59,77.72603
2020-04-06 11:00:00,77.15,77.15197
2020-07-23 22:00:00,78.01,77.98832
2015-12-26 18:00:00,77.53,77.369545
2015-03-22 19:00:00,77.37,77.16636
2019-01-12 21:00:00,77.14,77.21268
2015-11-17 16:00:00,77.68,77.61834
2014-11-25 19:00:00,77.77,77.38267
2020-01-29 21:00:00,77.23,77.24587
2017-11-10 07:00:00,77.21,77.24734
2014-01-04 02:00:00,77.32,77.161705
2017-09-17 12:00:00,77.64,77.80762
2014-12-14 01:00:00,77.48,77.33084
2016-03-02 05:00:00,77.32,77.2149
2018-06-06 06:00:00,77.78,77.777695
2019-09-07 02:00:00,77.7,77.85086
2017-06-17 03:00:00,77.89,77.784935
2014-01-10 06:00:00,77.27,77.18051
2020-03-04 09:00:00,77.31,77.20022
2017-06-18 01:00:00,77.93,77.77199
2019-12-06 17:00:00,77.13,77.17085
2015-10-03 10:00:00,77.82,77.45017
2016-05-12 08:00:00,77.58,77.67026
2019-05-23 04:00:00,77.77,77.342964
2019-11-25 04:00:00,77.15,77.264
2015-04-30 21:00:00,77.65,77.5629
2019-03-19 18:00:00,77.12,77.17506
2018-09-05 21:00:00,78.03,77.848045
2017-11-15 03:00:00,77.19,77.287926
2017-10-03 17:00:00,77.71,77.7443
2020-05-05 09:00:00,77.14,77.33654
2020-02-01 19:00:00,77.26,77.18232
2020-05-03 07:00:00,77.08,77.3261
2019-06-19 06:00:00,77.73,77.746315
2020-04-26 13:00:00,77.11,77.19329
2017-05-23 10:00:00,77.79,77.61587
2017-03-15 17:00:00,77.13,77.18927
2020-09-18 01:00:00,77.78,77.7873
2016-06-09 23:00:00,77.8,77.772095
2020-08-29 21:00:00,77.92,77.93086
2017-09-14 04:00:00,77.93,77.65291
2014-08-23 06:00:00,77.89,77.859924
2017-10-24 12:00:00,77.3,77.4843
2020-05-09 00:00:00,77.3,77.19053
2020-03-24 12:00:00,77.19,77.22315
2015-08-06 10:00:00,77.99,77.98396
2018-12-30 20:00:00,77.13,77.19356
2014-07-26 04:00:00,77.82,77.92963
2020-08-23 10:00:00,77.99,77.874245
2017-01-27 15:00:00,77.14,77.14934
2016-06-11 13:00:00,77.83,77.75069
2017-03-29 23:00:00,77.17,77.3493
2019-08-07 22:00:00,77.86,77.88882
2014-12-08 23:00:00,77.54,77.377495
2016-10-11 16:00:00,77.91,77.5276
2015-08-26 17:00:00,77.92,77.89377
2018-06-29 22:00:00,77.99,77.81727
2014-03-21 04:00:00,77.39,77.3087
2018-11-16 14:00:00,77.3,77.25117
2015-09-20 14:00:00,77.74,77.71544
2020-11-07 10:00:00,77.33,77.31705
2015-11-19 08:00:00,77.74,77.59057
2015-03-15 04:00:00,77.21,77.157135
2016-11-13 15:00:00,77.43,77.33703
2017-12-20 06:00:00,77.12,77.257675
2020-07-05 08:00:00,77.58,77.78419
2020-02-07 22:00:00,77.19,77.14102
2016-01-02 15:00:00,77.42,77.467834
2014-05-09 03:00:00,77.47,77.62298
2015-02-16 23:00:00,77.2,77.218666
2014-01-22 13:00:00,77.24,77.17724
2018-02-03 07:00:00,77.06,77.24856
2014-08-22 00:00:00,78.01,78.00137
2016-09-12 04:00:00,77.95,77.74977
2019-06-27 22:00:00,77.89,77.81754
2020-11-01 19:00:00,77.4,77.3244
2018-02-14 05:00:00,77.09,77.22604
2019-05-24 13:00:00,77.81,77.46468
2016-03-27 11:00:00,77.31,77.32941
2014-09-06 12:00:00,77.63,77.813095
2015-10-16 08:00:00,77.39,77.41397
2020-12-26 02:00:00,77.11,77.28878
2018-07-06 12:00:00,77.79,77.85499
2020-10-17 00:00:00,77.42,77.33913
2018-05-04 01:00:00,77.55,77.697975
2019-01-24 21:00:00,77.08,77.15707
2017-09-22 09:00:00,77.46,77.626434
2016-07-14 14:00:00,77.68,77.89115
2018-09-29 16:00:00,77.44,77.64955
2014-10-27 10:00:00,77.51,77.36641
2017-07-09 00:00:00,78.02,78.11526
2018-03-30 20:00:00,77.5,77.73062
2014-02-17 18:00:00,77.16,77.21616
2016-02-13 22:00:00,77.41,77.50339
2019-10-23 02:00:00,77.29,77.44145
2018-08-30 20:00:00,78.01,77.94297
2014-10-18 18:00:00,77.28,77.3821
2016-05-10 00:00:00,77.6,77.64045
2015-06-15 15:00:00,77.81,77.80038
2020-08-28 17:00:00,78.0,77.94987
2019-05-09 05:00:00,77.35,77.22132
2018-03-26 17:00:00,77.67,77.64209
2018-06-15 22:00:00,77.72,77.78568
2019-06-03 07:00:00,77.71,77.648
2014-01-18 04:00:00,77.25,77.172295
2020-08-31 12:00:00,77.87,77.915436
2016-08-30 08:00:00,77.93,77.78698
2020-04-24 09:00:00,77.14,77.18667
2017-07-07 02:00:00,77.84,77.88036
2014-09-09 18:00:00,77.79,77.87069
2014-11-01 15:00:00,77.48,77.42682
2018-11-16 21:00:00,77.3,77.285484
2015-03-23 18:00:00,77.34,77.18019
2014-07-10 06:00:00,77.64,77.85496
2016-08-03 06:00:00,78.06,78.02746
2015-05-30 17:00:00,77.76,77.77486
2020-11-11 12:00:00,77.29,77.30808
2018-01-16 19:00:00,77.11,77.31027
2020-05-01 14:00:00,77.05,77.366776
2017-12-21 11:00:00,77.11,77.35285
2018-11-28 18:00:00,77.22,77.23344
2014-03-21 00:00:00,77.39,77.26954
2016-06-26 17:00:00,77.88,77.74556
2019-08-25 20:00:00,77.85,77.76751
2017-10-20 17:00:00,77.34,77.45554
2019-02-02 06:00:00,77.09,77.186134
2015-05-13 07:00:00,77.55,77.603645
2017-11-28 08:00:00,77.15,77.2939
2014-11-14 07:00:00,77.3,77.25337
2017-01-01 11:00:00,77.33,77.24391
2014-12-04 18:00:00,77.62,77.33507
2018-04-29 21:00:00,77.67,77.65074
2015-02-11 06:00:00,77.2,77.16884
2020-06-17 01:00:00,77.72,77.79007
2016-01-24 22:00:00,77.27,77.19465
2017-01-10 22:00:00,77.22,77.22441
2018-10-16 18:00:00,77.48,77.54128
2017-07-16 02:00:00,78.39,77.881134
2020-07-19 20:00:00,77.64,77.82141
2020-08-29 08:00:00,77.96,77.95434
2016-03-16 01:00:00,77.45,77.49424
2014-07-28 20:00:00,77.75,77.767265
2016-10-31 03:00:00,77.56,77.29578
2014-07-17 19:00:00,77.83,78.03993
2020-01-23 10:00:00,77.2,77.23165
2019-10-28 09:00:00,77.26,77.29082
2020-09-19 02:00:00,77.76,77.594284
2018-06-12 01:00:00,77.85,77.83342
2017-10-28 18:00:00,77.27,77.45014
2014-09-01 15:00:00,77.75,77.71359
2014-02-11 06:00:00,77.19,77.18863
2016-08-10 18:00:00,78.09,77.9708
2016-05-15 10:00:00,77.47,77.67946
2016-05-21 09:00:00,77.76,77.69417
2020-01-21 19:00:00,77.17,77.19272
2018-08-30 11:00:00,78.04,77.950516
2019-05-15 21:00:00,77.19,77.33715
2018-10-21 15:00:00,77.38,77.34013
2018-03-21 11:00:00,77.85,77.384575
2014-05-15 13:00:00,77.54,77.61458
2014-07-17 00:00:00,77.72,77.829636
2017-02-16 23:00:00,77.08,77.217545
2019-04-23 14:00:00,77.44,77.46453
2018-02-16 01:00:00,77.12,77.229805
2018-09-05 12:00:00,78.09,77.85654
2018-08-05 19:00:00,77.9,77.94825
2016-02-11 13:00:00,77.34,77.349144
2014-06-01 21:00:00,77.76,77.78871
2016-07-23 23:00:00,77.57,77.86053
2017-08-31 14:00:00,77.57,77.80437
2014-01-10 21:00:00,77.26,77.172356
2016-11-17 06:00:00,77.34,77.26554
2016-11-19 09:00:00,77.34,77.43509
2014-07-08 04:00:00,77.74,77.812645
2019-01-23 03:00:00,77.09,77.16999
2019-03-10 10:00:00,77.13,77.240295
2014-02-15 22:00:00,77.17,77.17105
2018-03-23 12:00:00,77.81,77.54327
2016-07-18 14:00:00,77.6,77.87325
2019-03-23 08:00:00,77.16,77.182724
2014-04-07 04:00:00,77.29,77.21452
2015-12-04 14:00:00,77.73,77.500725
2017-05-22 18:00:00,77.84,77.57543
2014-09-10 22:00:00,77.78,77.81427
2016-10-28 23:00:00,77.6,77.55568
2015-01-31 19:00:00,77.24,77.175575
2018-07-08 06:00:00,77.65,77.79668
2018-07-31 12:00:00,77.84,77.89622
2018-07-25 17:00:00,77.97,77.943245
2016-08-07 12:00:00,78.05,77.99984
2015-10-10 18:00:00,77.48,77.39499
2018-05-20 15:00:00,77.76,77.73621
2017-11-01 13:00:00,77.24,77.29298
2016-07-14 00:00:00,77.7,77.83707
2018-08-02 17:00:00,77.9,77.90705
2020-09-28 04:00:00,77.63,77.52091
2020-05-14 02:00:00,77.2,77.25435
2018-05-26 15:00:00,77.94,77.80269
2019-05-19 18:00:00,77.6,77.37121
2014-07-29 09:00:00,77.83,77.84988
2017-07-27 02:00:00,77.84,77.87389
2016-08-08 23:00:00,78.1,78.1101
2015-05-07 08:00:00,77.49,77.54802
2019-08-27 12:00:00,77.8,77.85808
2018-10-15 14:00:00,77.51,77.5188
2018-10-10 11:00:00,77.76,77.56205
2018-12-12 00:00:00,77.26,77.25102
2016-01-16 19:00:00,77.28,77.185234
2016-04-24 09:00:00,77.57,77.52859
2020-10-23 07:00:00,77.44,77.376915
2019-10-31 20:00:00,77.23,77.342384
2017-06-29 19:00:00,77.89,77.77939
2018-10-03 03:00:00,77.38,77.5485
2020-03-20 10:00:00,77.21,77.181526
2018-09-28 16:00:00,77.45,77.59718
2016-10-21 13:00:00,77.77,77.59366
2017-12-21 21:00:00,77.1,77.26616
2019-05-27 10:00:00,77.79,77.68535
2016-03-07 12:00:00,77.78,77.52744
2015-09-14 02:00:00,77.74,77.57656
2015-11-30 12:00:00,77.75,77.59458
2016-10-31 19:00:00,77.55,77.32968
2020-01-14 06:00:00,77.29,77.19572
2017-08-06 14:00:00,77.88,77.93711
2015-03-16 12:00:00,77.24,77.22662
2016-05-08 20:00:00,77.57,77.596306
2017-01-02 05:00:00,77.32,77.23519
2017-07-29 10:00:00,77.68,77.91361
2015-01-07 07:00:00,77.4,77.17083
2014-04-13 22:00:00,77.22,77.34894
2019-03-17 08:00:00,77.13,77.17512
2017-07-09 02:00:00,78.02,78.1095
2019-12-17 16:00:00,77.15,77.26936
2014-03-15 03:00:00,77.51,77.284904
2017-02-18 19:00:00,77.07,77.172134
2020-08-02 19:00:00,78.01,77.86922
2016-07-28 19:00:00,78.01,77.93435
2020-11-13 08:00:00,77.28,77.265495
2015-05-06 14:00:00,77.51,77.491035
2019-10-04 02:00:00,78.37,77.931625
2020-12-14 20:00:00,77.17,77.03047
2020-11-23 02:00:00,77.33,77.24452
2016-12-09 22:00:00,77.24,77.27543
2016-11-30 08:00:00,77.29,77.24008
2020-02-20 08:00:00,77.25,77.18458
2019-04-18 08:00:00,77.41,77.38389
2014-11-06 19:00:00,77.41,77.29204
2020-02-20 23:00:00,77.25,77.20019
2016-12-06 05:00:00,77.26,77.27647
2015-01-08 04:00:00,77.39,77.17355
2018-01-17 20:00:00,77.27,77.448105
2020-01-25 19:00:00,77.18,77.24578
2017-06-24 10:00:00,77.88,77.78216
2019-05-22 17:00:00,77.78,77.396835
2017-05-27 10:00:00,77.66,77.68102
2015-05-27 09:00:00,77.69,77.77994
2017-12-27 15:00:00,77.13,77.18344
2014-06-18 03:00:00,77.77,77.75936
2020-05-04 04:00:00,77.21,77.40173
2018-12-16 17:00:00,77.23,77.24122
2019-11-19 11:00:00,77.22,77.25537
2015-07-26 20:00:00,77.67,77.91291
2017-01-15 15:00:00,77.2,77.15937
2016-03-06 21:00:00,77.78,77.763626
2018-01-09 19:00:00,77.08,77.3258
2018-07-07 06:00:00,77.72,77.81141
2016-10-01 15:00:00,77.75,77.74529
2016-07-23 06:00:00,77.57,77.87427
2020-07-22 22:00:00,77.73,77.88876
2015-08-17 02:00:00,77.91,77.87019
2019-03-15 08:00:00,77.13,77.16762
2015-02-08 03:00:00,77.26,77.178535
2018-09-16 17:00:00,77.61,77.834694
2019-05-07 06:00:00,77.33,77.22568
2020-11-25 17:00:00,77.28,77.23667
2017-01-02 23:00:00,77.31,77.24297
2016-07-15 05:00:00,77.66,77.8632
2014-03-14 02:00:00,77.48,77.31424
2020-12-06 04:00:00,77.19,77.19914
2015-01-26 21:00:00,77.26,77.186844
2017-10-15 18:00:00,77.44,77.49764
2016-09-16 10:00:00,77.7,77.86293
2018-11-05 09:00:00,77.27,77.2721
2020-08-25 16:00:00,78.0,77.90754
2020-05-20 18:00:00,77.71,77.33944
2019-11-17 14:00:00,77.17,77.314926
2017-05-06 14:00:00,77.31,77.40494
2018-02-05 14:00:00,77.05,77.27965
2016-08-31 20:00:00,77.86,77.94576
2017-06-24 22:00:00,77.88,77.77148
2014-07-04 06:00:00,77.83,77.80041
2020-01-22 17:00:00,77.17,77.17779
2015-09-24 20:00:00,77.69,77.829155
2016-02-21 18:00:00,77.34,77.3126
2020-02-25 14:00:00,77.31,77.24852
2019-03-08 17:00:00,77.12,77.15253
2019-06-16 10:00:00,77.76,77.75131
2016-02-01 14:00:00,77.65,77.27565
2020-11-05 22:00:00,77.32,77.308716
2019-01-09 01:00:00,77.13,77.19717
2014-09-28 03:00:00,77.77,77.664154
2016-01-07 05:00:00,77.37,77.39156
2017-10-15 17:00:00,77.44,77.52203
2014-03-14 03:00:00,77.49,77.327385
2014-04-22 10:00:00,77.35,77.23155
2017-06-02 17:00:00,77.77,77.700714
2017-02-01 17:00:00,77.16,77.16281
2019-05-21 12:00:00,77.74,77.254265
2014-03-27 21:00:00,77.56,77.36258
2020-09-06 07:00:00,77.94,77.761475
2018-12-26 08:00:00,77.16,77.20433
2017-01-07 01:00:00,77.27,77.2258
2020-03-25 09:00:00,77.19,77.2014
2015-01-30 22:00:00,77.26,77.17762
2017-08-21 16:00:00,78.17,78.000984
2016-10-09 09:00:00,78.21,77.71195
2015-07-20 01:00:00,77.62,77.81378
2015-12-26 08:00:00,77.54,77.19106
2015-03-19 09:00:00,77.35,77.29522
2016-06-09 16:00:00,77.81,77.75301
2014-12-23 06:00:00,77.53,77.25586
2014-08-16 07:00:00,77.92,77.898094
2015-06-16 05:00:00,77.81,77.765526
2020-04-05 03:00:00,77.13,77.15476
2017-01-09 14:00:00,77.23,77.252106
2018-09-30 06:00:00,77.43,77.64975
2020-11-30 14:00:00,77.21,77.32372
2016-03-17 02:00:00,77.42,77.49579
2019-10-10 23:00:00,77.53,77.45475
2020-10-10 08:00:00,77.47,77.45327
2018-11-21 17:00:00,77.25,77.239075
2016-10-13 18:00:00,77.73,77.62745
2020-12-18 23:00:00,77.13,77.171234
2019-08-11 09:00:00,77.94,77.961914
2014-12-07 04:00:00,77.6,77.292625
2020-04-28 14:00:00,77.08,77.192505
2016-09-25 08:00:00,77.65,77.70251
2020-05-09 12:00:00,77.37,77.399925
2015-11-18 11:00:00,77.68,77.59059
2017-08-08 20:00:00,77.91,77.910484
2017-06-16 03:00:00,77.91,77.777725
2014-08-26 23:00:00,78.07,77.95044
2018-10-30 13:00:00,77.33,77.320175
2017-01-15 01:00:00,77.19,77.19136
2017-04-28 08:00:00,77.23,77.278465
2020-03-13 14:00:00,77.3,77.169945
2019-11-16 05:00:00,77.17,77.26214
2014-04-10 23:00:00,77.23,77.318344
2016-12-14 19:00:00,77.24,77.23717
2015-08-16 07:00:00,77.91,77.85038
2014-10-31 02:00:00,77.38,77.331474
2015-04-14 12:00:00,77.34,77.32507
2017-04-03 08:00:00,77.14,77.23893
2020-04-29 20:00:00,77.05,77.173004
2017-08-02 15:00:00,78.07,77.90917
2019-07-08 21:00:00,77.5,77.78445
2017-08-16 19:00:00,78.04,77.89148
2020-10-15 12:00:00,77.43,77.38009
2016-04-26 08:00:00,77.56,77.52219
2019-08-08 14:00:00,77.87,77.931335
2015-04-10 21:00:00,77.43,77.26368
2018-03-14 21:00:00,77.51,77.507324
2019-12-30 09:00:00,77.13,77.20566
2018-10-26 12:00:00,77.33,77.377464
2015-09-23 04:00:00,77.56,77.6246
2015-06-08 13:00:00,77.76,77.740326
2015-04-04 22:00:00,77.29,77.24395
2014-12-16 07:00:00,77.47,77.23707
2018-09-20 10:00:00,77.57,77.84905
2018-02-23 10:00:00,77.12,77.201546
2017-01-12 10:00:00,77.22,77.183716
2020-02-20 20:00:00,77.25,77.21888
2018-02-06 08:00:00,77.04,77.19561
2017-06-03 12:00:00,77.67,77.72298
2014-01-29 20:00:00,77.22,77.15652
2017-02-04 07:00:00,77.14,77.18569
2014-04-21 21:00:00,77.35,77.21529
2020-04-19 17:00:00,77.15,77.2193
2016-03-13 04:00:00,77.53,77.44094
2019-08-08 09:00:00,77.86,77.90224
2019-07-21 23:00:00,78.27,77.911575
2015-08-24 02:00:00,77.9,77.8922
2016-02-25 02:00:00,77.32,77.3002
2019-09-17 05:00:00,77.41,77.800095
2014-07-10 10:00:00,77.56,77.85384
2016-05-16 00:00:00,77.48,77.64685
2020-04-21 19:00:00,77.23,77.16794
2017-05-09 09:00:00,77.21,77.39399
2017-06-22 11:00:00,77.89,77.78878
2017-06-18 22:00:00,77.81,77.766396
2017-08-01 23:00:00,78.01,77.863266
2015-07-19 09:00:00,77.72,77.77684
2018-10-30 18:00:00,77.32,77.319084
2020-09-06 23:00:00,77.93,77.78682
2019-03-26 05:00:00,77.15,77.16527
2017-07-16 01:00:00,78.39,77.86906
2016-12-21 03:00:00,77.24,77.29919
2015-11-08 11:00:00,77.42,77.53033
2019-08-03 09:00:00,77.8,77.900665
2018-12-11 19:00:00,77.26,77.238174
2017-05-20 05:00:00,77.58,77.48618
2015-04-27 23:00:00,77.34,77.304054
2016-06-20 12:00:00,77.81,77.827156
2017-07-26 19:00:00,77.83,77.903336
2017-02-26 17:00:00,77.29,77.19096
2016-08-21 04:00:00,78.03,77.986565
2018-04-19 20:00:00,77.47,77.49702
2019-01-07 21:00:00,77.13,77.18847
2018-08-24 14:00:00,78.23,78.10512
2015-08-31 12:00:00,77.84,77.83888
2017-03-04 23:00:00,77.22,77.18859
2014-05-17 08:00:00,77.56,77.68505
2014-04-23 17:00:00,77.39,77.26572
2014-02-05 14:00:00,77.21,77.16283
2019-12-14 01:00:00,77.14,77.1966
2015-12-22 00:00:00,77.59,77.55802
2018-06-19 19:00:00,77.8,77.8016
2014-10-15 18:00:00,77.3,77.38827
2016-04-12 14:00:00,77.51,77.39708
2018-01-26 19:00:00,77.13,77.182785
2018-03-05 07:00:00,77.31,77.435295
2020-02-06 01:00:00,77.21,77.1587
2018-07-21 18:00:00,77.85,77.90919
2017-04-24 17:00:00,77.26,77.297386
2019-02-28 19:00:00,77.16,77.17692
2020-08-21 08:00:00,77.92,77.888336
2015-10-08 06:00:00,77.55,77.47616
2017-04-19 18:00:00,77.35,77.30963
2014-03-02 18:00:00,77.19,77.19743
2020-12-29 15:00:00,77.15,77.3716
2018-12-18 21:00:00,77.21,77.25227
2017-11-02 07:00:00,77.24,77.28521
2014-01-19 00:00:00,77.24,77.17344
2015-11-06 00:00:00,77.28,77.354904
2020-12-25 07:00:00,77.11,77.30295
2018-08-02 08:00:00,77.89,77.88965
2019-05-04 05:00:00,77.37,77.20643
2018-01-09 17:00:00,77.07,77.28671
2014-07-25 23:00:00,77.82,77.89888
2015-02-19 13:00:00,77.17,77.205215
2016-11-11 00:00:00,77.45,77.30977
2014-12-11 11:00:00,77.51,77.45861
2020-06-02 08:00:00,77.57,77.63579
2019-10-25 08:00:00,77.28,77.43883
2016-08-06 12:00:00,77.98,77.97874
2015-06-01 11:00:00,77.73,77.75217
2015-04-25 06:00:00,77.4,77.31366
2018-12-23 15:00:00,77.19,77.24074
2017-04-30 18:00:00,77.15,77.46174
2015-01-18 23:00:00,77.28,77.13825
2016-05-22 17:00:00,77.69,77.69086
2016-06-11 00:00:00,77.81,77.766716
2016-12-29 06:00:00,77.39,77.21114
2014-03-08 14:00:00,77.15,77.19484
2020-09-08 15:00:00,78.06,77.97212
2014-06-10 01:00:00,77.74,77.788475
2016-12-08 23:00:00,77.25,77.20936
2020-01-02 14:00:00,77.1,77.18257
2014-01-22 03:00:00,77.25,77.17698
2016-06-30 04:00:00,77.77,77.80932
2015-06-28 02:00:00,77.75,77.76671
2018-01-26 12:00:00,77.16,77.19657
2016-08-23 17:00:00,77.93,77.9745
2019-08-06 13:00:00,77.88,77.88176
2020-10-07 01:00:00,77.5,77.406525
2017-04-20 05:00:00,77.29,77.2909
2017-07-05 15:00:00,78.04,77.92881
2016-06-07 21:00:00,77.81,77.736404
2018-04-18 15:00:00,77.52,77.50278
2020-08-11 12:00:00,78.39,77.99732
2015-12-10 00:00:00,77.62,77.58958
2014-07-17 07:00:00,77.74,77.848404
2020-06-29 22:00:00,77.67,77.84148
2015-01-25 21:00:00,77.24,77.18823
2017-09-20 01:00:00,77.53,77.700905
2014-03-16 02:00:00,77.47,77.29974
2016-04-06 04:00:00,77.3,77.256
2020-07-10 21:00:00,77.89,78.001465
2020-03-11 09:00:00,77.33,77.196434
2016-10-03 22:00:00,77.85,77.926125
2015-07-13 20:00:00,78.11,77.90041
2016-02-06 18:00:00,77.43,77.25496
2020-07-13 00:00:00,77.83,77.93888
2018-10-22 20:00:00,77.36,77.383125
2018-05-17 02:00:00,77.45,77.67357
2015-07-28 08:00:00,77.87,77.92552
2015-06-24 12:00:00,77.77,77.7464
2016-08-09 05:00:00,78.11,78.09916
2018-04-09 20:00:00,77.63,77.58031
2014-04-26 18:00:00,77.47,77.31507
2017-02-20 13:00:00,77.1,77.19155
2020-01-19 15:00:00,77.21,77.19808
2018-01-12 03:00:00,77.07,77.282265
2014-07-09 08:00:00,77.67,77.8141
2015-05-30 16:00:00,77.75,77.77076
2017-03-30 10:00:00,77.17,77.37582
2016-10-16 14:00:00,77.63,77.50909
2014-08-06 01:00:00,77.96,77.93253
2020-06-22 06:00:00,77.74,77.78074
2017-08-15 17:00:00,78.15,78.10431
2015-08-23 07:00:00,77.96,77.91169
2019-03-31 02:00:00,77.05,77.22556
2019-11-12 02:00:00,77.21,77.380394
2016-07-24 01:00:00,77.58,77.8496
2018-08-04 06:00:00,77.9,77.91413
2015-03-29 02:00:00,77.26,77.16296
2020-11-15 07:00:00,77.27,77.28054
2016-04-02 10:00:00,77.26,77.30067
2014-07-26 19:00:00,77.79,77.91839
2016-06-02 22:00:00,77.79,77.710014
2019-10-12 08:00:00,77.48,77.51275
2016-06-20 08:00:00,77.82,77.76551
2014-01-28 23:00:00,77.22,77.18288
2014-08-10 19:00:00,77.87,77.85577
2018-11-01 08:00:00,77.3,77.27033
2020-10-01 07:00:00,77.61,77.599724
2014-07-17 14:00:00,77.75,77.915726
2017-04-21 19:00:00,77.29,77.35174
2015-06-04 13:00:00,77.72,77.72024
2014-07-18 01:00:00,77.96,78.112976
2015-02-25 23:00:00,77.19,77.18002
2016-05-20 23:00:00,77.77,77.68597
2018-07-08 20:00:00,77.62,77.80344
2016-06-18 20:00:00,77.79,77.73519
2020-05-20 06:00:00,77.68,77.280045
2017-02-13 19:00:00,77.11,77.20305
2019-04-10 16:00:00,77.46,77.41017
2016-12-02 02:00:00,77.29,77.31138
2019-12-14 23:00:00,77.14,77.217415
2018-03-11 19:00:00,77.6,77.54182
2018-09-30 20:00:00,77.42,77.60004
2015-02-14 18:00:00,77.16,77.14915
2020-02-26 23:00:00,77.36,77.21937
2017-05-05 05:00:00,77.18,77.43274
2020-06-18 14:00:00,77.74,77.78418
2015-10-04 07:00:00,77.75,77.67207
2015-04-14 13:00:00,77.32,77.311295
2014-03-19 03:00:00,77.42,77.402954
2020-08-26 09:00:00,77.98,77.92815
2020-05-14 22:00:00,77.17,77.25923
2015-10-29 13:00:00,77.37,77.27634
2020-02-20 21:00:00,77.25,77.21632
2016-08-01 08:00:00,78.02,77.95637
2014-10-24 19:00:00,77.62,77.40725
2016-11-02 23:00:00,77.53,77.26396
2014-01-31 09:00:00,77.23,77.22045
2020-02-28 12:00:00,77.36,77.234726
2014-08-05 22:00:00,77.97,77.93484
2014-09-26 01:00:00,77.89,77.79128
2020-07-04 22:00:00,77.59,77.781906
2019-12-09 01:00:00,77.11,77.20565
2015-06-23 16:00:00,77.8,77.739944
2015-12-28 19:00:00,77.49,77.358315
2019-11-20 15:00:00,77.19,77.22648
2018-04-02 08:00:00,77.43,77.58669
2015-05-14 05:00:00,77.53,77.61731
2018-11-03 19:00:00,77.29,77.28094
2018-09-12 23:00:00,77.6,77.65707
2018-05-16 07:00:00,77.49,77.65308
2019-02-11 17:00:00,77.13,77.19402
2014-03-05 22:00:00,77.17,77.15584
2017-07-16 12:00:00,78.34,77.86013
2020-04-08 16:00:00,77.17,77.22181
2018-12-09 04:00:00,77.29,77.257095
2014-01-12 05:00:00,77.27,77.16963
2014-08-29 02:00:00,77.84,77.763466
2014-10-31 12:00:00,77.39,77.305214
2020-05-10 21:00:00,77.26,77.32563
2019-10-22 22:00:00,77.29,77.46282
2015-03-02 20:00:00,77.21,77.14673
2019-03-13 16:00:00,77.14,77.13995
2019-12-01 03:00:00,77.11,77.2098
2020-03-06 07:00:00,77.29,77.16185
2016-03-15 07:00:00,77.47,77.489296
2019-05-19 04:00:00,77.7,77.36852
2016-01-04 03:00:00,77.4,77.30992
2020-09-05 10:00:00,78.0,77.788765
2016-09-29 08:00:00,77.58,77.83923
2015-06-17 17:00:00,77.77,77.762955
2017-05-16 05:00:00,77.35,77.42705
2018-04-07 11:00:00,77.71,77.51832
2018-09-25 22:00:00,77.49,77.52388
2016-08-09 00:00:00,78.1,78.09996
2019-04-19 02:00:00,77.39,77.407394
2016-12-06 16:00:00,77.25,77.23441
2020-02-07 17:00:00,77.2,77.14381
2019-04-18 13:00:00,77.42,77.45215
2015-09-30 22:00:00,77.5,77.58461
2018-08-08 05:00:00,77.9,77.92266
2014-04-21 11:00:00,77.36,77.21073
2015-07-28 13:00:00,77.91,77.93455
2014-09-07 13:00:00,77.71,77.79836
2017-11-26 20:00:00,77.14,77.35666
2017-06-26 13:00:00,77.89,77.8121
2020-02-23 09:00:00,77.29,77.18831
2018-05-26 09:00:00,77.93,77.78212
2015-08-20 20:00:00,77.9,77.88871
2019-07-24 00:00:00,77.98,77.85842
2014-07-27 17:00:00,77.74,77.792404
2015-03-26 13:00:00,77.29,77.25167
2018-12-17 08:00:00,77.21,77.262314
2020-02-15 00:00:00,77.17,77.20182
2015-11-05 11:00:00,77.28,77.36441
2018-04-27 15:00:00,77.71,77.637375
2019-01-28 10:00:00,77.08,77.12617
2019-01-10 14:00:00,77.12,77.1652
2019-02-14 18:00:00,77.1,77.17668
2020-04-06 03:00:00,77.14,77.17383
2020-03-30 19:00:00,77.13,77.19484
2017-07-06 20:00:00,77.88,77.88398
2018-07-24 08:00:00,77.99,77.85968
2016-05-20 21:00:00,77.77,77.678665
2019-11-25 01:00:00,77.14,77.28182
2019-10-04 07:00:00,78.31,77.9541
2018-11-21 04:00:00,77.25,77.221
2014-05-27 01:00:00,77.79,77.75421
2017-11-09 23:00:00,77.2,77.2911
2019-06-21 10:00:00,77.76,77.76138
2017-07-18 21:00:00,78.16,77.90165
2016-05-26 04:00:00,77.9,77.75664
2018-10-02 16:00:00,77.39,77.664825
2019-12-19 12:00:00,77.15,77.2012
2016-08-19 12:00:00,78.02,78.02194
2018-10-29 22:00:00,77.34,77.3271
2020-07-08 07:00:00,77.47,77.92333
2020-04-20 08:00:00,77.26,77.30698
2014-09-22 12:00:00,77.67,77.60169
2015-09-10 02:00:00,77.77,77.59992
2017-12-01 23:00:00,77.13,77.21798
2017-03-16 09:00:00,77.12,77.21396
2015-05-12 18:00:00,77.6,77.716896
2014-04-20 15:00:00,77.35,77.344795
2015-08-20 04:00:00,77.9,77.90424
2019-09-19 16:00:00,77.36,77.71113
2015-08-11 09:00:00,77.99,77.93795
2019-07-12 12:00:00,77.66,77.82489
2017-08-15 18:00:00,78.15,78.10444
2020-12-28 12:00:00,77.15,77.667564
2014-02-01 06:00:00,77.23,77.17904
2018-11-02 10:00:00,77.29,77.28488
2019-08-24 10:00:00,77.97,77.79022
2014-05-18 18:00:00,77.66,77.70067
2016-08-24 06:00:00,77.92,78.0069
2015-11-18 23:00:00,77.71,77.53565
2016-05-18 01:00:00,77.56,77.64544
2016-08-09 16:00:00,78.1,78.098366
2020-05-14 21:00:00,77.17,77.252785
2017-09-17 03:00:00,77.67,77.62619
2020-01-07 09:00:00,77.2,77.19926
2020-11-08 16:00:00,77.32,77.30163
2014-06-02 01:00:00,77.77,77.78127
2019-04-29 16:00:00,77.4,77.27235
2018-07-13 06:00:00,77.58,77.82718
2020-12-31 21:00:00,77.15,77.279144
2016-11-11 08:00:00,77.45,77.30462
2020-04-24 08:00:00,77.14,77.21653
2015-08-04 12:00:00,77.96,77.96336
2019-02-02 03:00:00,77.09,77.192764
2018-11-26 10:00:00,77.23,77.231125
2019-12-29 15:00:00,77.09,77.195244
2015-07-15 05:00:00,77.93,77.81941
2015-01-28 13:00:00,77.26,77.17722
2015-07-03 23:00:00,77.63,77.73295
2020-05-07 11:00:00,77.2,77.19462
2019-03-20 07:00:00,77.12,77.20344
2016-11-13 17:00:00,77.43,77.32284
2016-11-24 18:00:00,77.3,77.21137
2018-05-06 23:00:00,77.44,77.67636
2014-11-21 18:00:00,77.24,77.28089
2016-08-18 15:00:00,78.04,77.97284
2014-02-22 22:00:00,77.15,77.18605
2015-09-24 09:00:00,77.6,77.764305
2020-11-16 02:00:00,77.27,77.28711
2015-04-01 10:00:00,77.23,77.37848
2015-08-08 04:00:00,77.98,77.91206
2017-12-12 19:00:00,77.11,77.1146
2018-03-05 15:00:00,77.33,77.47088
2017-11-06 20:00:00,77.22,77.30105
2017-12-17 01:00:00,77.1,77.21033
2016-06-02 07:00:00,77.81,77.75362
2018-08-12 18:00:00,77.92,77.91803
2019-10-22 11:00:00,77.3,77.49126
2016-05-28 08:00:00,77.88,77.77641
2014-10-14 21:00:00,77.31,77.397575
2015-08-13 04:00:00,77.97,77.88355
2016-07-24 02:00:00,77.58,77.85718
2018-10-03 22:00:00,77.37,77.519325
2016-12-01 04:00:00,77.29,77.31564
2015-01-29 00:00:00,77.26,77.16639
2017-04-10 08:00:00,77.13,77.35137
2019-07-12 09:00:00,77.66,77.832214
2017-11-21 13:00:00,77.16,77.21376
2016-07-22 07:00:00,77.57,77.87961
2018-01-08 09:00:00,77.06,77.20117
2014-11-02 07:00:00,77.49,77.39066
2018-11-23 06:00:00,77.23,77.2035
2019-07-31 20:00:00,77.83,77.878204
2020-03-21 13:00:00,77.21,77.24085
2017-07-17 10:00:00,78.22,77.87876
2016-01-29 04:00:00,77.32,77.214325
2018-05-06 10:00:00,77.45,77.641754
2020-10-02 10:00:00,77.58,77.61572
2019-05-20 21:00:00,77.68,77.273926
2017-08-13 04:00:00,77.99,77.87478
2020-09-20 03:00:00,77.73,77.55531
2014-12-16 06:00:00,77.47,77.22566
2018-06-14 18:00:00,77.79,77.81016
2020-07-29 08:00:00,78.14,77.90454
2017-11-13 20:00:00,77.19,77.25966
2015-11-14 00:00:00,77.56,77.38935
2016-04-11 18:00:00,77.53,77.53068
2017-03-01 18:00:00,77.24,77.2011
2014-05-21 16:00:00,77.73,77.74078
2015-06-28 03:00:00,77.75,77.7605
2019-10-02 12:00:00,78.2,77.985664
2017-01-29 16:00:00,77.15,77.18381
2017-11-16 03:00:00,77.18,77.243484
2019-05-16 02:00:00,77.19,77.31121
2016-08-11 22:00:00,78.05,78.00839
2018-01-16 23:00:00,77.14,77.2772
2015-04-24 11:00:00,77.41,77.26543
2015-01-25 09:00:00,77.24,77.179756
2017-06-19 13:00:00,77.9,77.78669
2014-12-19 22:00:00,77.47,77.19022
2016-05-11 20:00:00,77.71,77.694244
2014-04-28 14:00:00,77.57,77.4986
2015-03-27 16:00:00,77.28,77.18602
2017-05-24 23:00:00,77.71,77.63089
2019-07-09 13:00:00,77.49,77.791084
2019-04-17 19:00:00,77.38,77.39619
2014-05-29 05:00:00,77.81,77.758095
2017-03-28 10:00:00,77.17,77.31708
2019-03-23 12:00:00,77.16,77.18579
2018-07-27 21:00:00,77.94,77.92103
2019-02-05 19:00:00,77.23,77.15871
2016-05-20 22:00:00,77.77,77.69045
2014-02-04 14:00:00,77.22,77.15734
2016-11-12 15:00:00,77.42,77.251564
2016-11-26 12:00:00,77.3,77.23328
2018-09-29 22:00:00,77.43,77.623634
2015-06-18 22:00:00,77.77,77.75608
2018-01-09 03:00:00,77.07,77.21202
2017-07-21 10:00:00,77.89,77.89955
2014-07-29 21:00:00,77.78,77.86255
2017-06-03 04:00:00,77.75,77.73431
2019-08-15 00:00:00,77.89,77.89501
2015-12-21 01:00:00,77.6,77.49603
2018-02-14 16:00:00,77.09,77.30284
2015-08-09 14:00:00,78.09,77.96002
2018-01-22 05:00:00,77.24,77.22625
2019-11-09 10:00:00,77.2,77.289055
2020-11-04 19:00:00,77.34,77.27893
2018-02-08 18:00:00,77.04,77.15925
2016-12-27 12:00:00,77.38,77.33272
2014-10-30 04:00:00,77.4,77.29735
2018-12-01 22:00:00,77.21,77.25508
2018-07-26 07:00:00,77.96,77.869354
2015-01-13 13:00:00,77.33,77.17794
2017-07-25 22:00:00,77.77,78.03233
2017-01-13 11:00:00,77.22,77.20361
2014-09-26 20:00:00,77.82,77.73553
2016-09-22 21:00:00,77.82,77.67228
2015-08-10 21:00:00,77.99,77.94596
2020-03-08 07:00:00,77.31,77.22425
2018-05-13 20:00:00,77.63,77.73694
2014-06-07 00:00:00,77.76,77.774895
2018-11-29 18:00:00,77.21,77.217186
2018-10-20 13:00:00,77.39,77.40214
2020-06-08 16:00:00,77.71,77.72213
2015-07-06 23:00:00,77.54,77.72001
2017-05-02 04:00:00,77.16,77.38135
2019-07-02 04:00:00,77.8,77.81455
2019-12-15 16:00:00,77.14,77.21469
2016-06-27 21:00:00,77.78,77.77383
2018-12-06 01:00:00,77.33,77.286766
2015-12-13 05:00:00,77.77,77.665474
2018-06-08 23:00:00,77.76,77.80236
2015-11-26 08:00:00,77.61,77.45359
2017-10-15 02:00:00,77.46,77.514824
2019-09-27 03:00:00,77.65,77.62412
2018-04-19 06:00:00,77.51,77.4147
2015-12-16 08:00:00,77.68,77.37138
2016-03-19 03:00:00,77.42,77.542946
2018-07-24 18:00:00,77.99,77.89483
2016-04-06 01:00:00,77.3,77.20797
2015-10-12 20:00:00,77.46,77.46924
2020-10-06 13:00:00,77.53,77.42399
2019-05-27 21:00:00,77.83,77.633194
2020-07-09 04:00:00,77.45,77.78901
2020-03-27 08:00:00,77.2,77.34946
2014-08-08 14:00:00,77.94,78.026955
2016-02-20 00:00:00,77.39,77.26101
2014-03-09 21:00:00,77.14,77.14937
2020-02-18 12:00:00,77.25,77.17579
2015-09-15 12:00:00,77.75,77.498825
2016-09-29 07:00:00,77.58,77.849266
2020-08-31 08:00:00,77.86,77.972626
2019-10-06 08:00:00,77.88,77.76123
2018-09-13 07:00:00,77.61,77.70311
2018-10-01 18:00:00,77.4,77.65272
2018-08-12 15:00:00,77.93,77.92427
2015-12-25 14:00:00,77.56,77.3005
2019-10-09 07:00:00,77.62,77.720055
2014-07-21 07:00:00,78.09,77.887535
2016-07-20 13:00:00,77.52,77.82357
2014-10-06 21:00:00,77.41,77.46541
2015-05-13 19:00:00,77.53,77.612015
2017-08-16 21:00:00,78.03,77.8936
2019-09-29 21:00:00,77.54,77.72972
2019-07-09 23:00:00,77.48,77.78817
2018-05-01 04:00:00,77.66,77.656006
2015-06-16 07:00:00,77.8,77.75547
2015-05-04 21:00:00,77.57,77.46759
2014-11-26 23:00:00,77.75,77.32894
2014-02-06 08:00:00,77.2,77.14476
2019-09-14 02:00:00,77.52,77.70936
2019-11-15 15:00:00,77.18,77.242744
2015-04-01 18:00:00,77.23,77.315475
2018-11-10 00:00:00,77.37,77.381996
2016-10-16 15:00:00,77.63,77.54276
2018-12-16 09:00:00,77.22,77.1992
2018-08-17 17:00:00,77.91,77.8998
2014-07-07 10:00:00,77.79,77.81705
2014-05-10 03:00:00,77.46,77.57684
2020-12-23 07:00:00,77.1,77.27934
2016-09-25 16:00:00,77.64,77.69618
2020-09-24 14:00:00,77.68,77.5956
2018-09-13 13:00:00,77.61,77.83903
2015-10-20 20:00:00,77.33,77.51901
2017-10-12 06:00:00,77.42,77.655136
2016-06-08 13:00:00,77.81,77.756134
2018-03-04 02:00:00,77.26,77.33831
2014-10-24 14:00:00,77.64,77.34629
2014-10-16 10:00:00,77.3,77.39152
2020-04-03 23:00:00,77.1,77.14921
2018-08-19 11:00:00,77.88,77.78966
2016-11-27 15:00:00,77.3,77.26554
2019-08-21 01:00:00,77.85,77.83627
2018-04-15 08:00:00,77.53,77.597984
2018-11-03 15:00:00,77.29,77.27288
2016-03-19 00:00:00,77.42,77.52809
2016-05-01 17:00:00,77.76,77.62954
2020-07-01 12:00:00,77.72,77.807144
2017-02-14 13:00:00,77.09,77.22717
2019-01-10 19:00:00,77.12,77.15825
2018-12-30 04:00:00,77.13,77.17783
2016-09-29 01:00:00,77.58,77.85706
2019-10-04 03:00:00,78.36,77.934074
2020-10-28 03:00:00,77.37,77.36659
2019-07-24 19:00:00,77.9,77.87941
2020-04-08 11:00:00,77.16,77.16431
2020-03-15 18:00:00,77.26,77.15179
2019-11-08 18:00:00,77.2,77.25152
2014-07-28 22:00:00,77.75,77.81653
2015-09-26 15:00:00,77.61,77.74421
2014-01-13 16:00:00,77.26,77.159485
2016-05-27 19:00:00,77.86,77.79188
2017-06-01 15:00:00,77.85,77.8324
2015-02-18 18:00:00,77.18,77.17812
2015-06-18 16:00:00,77.78,77.76473
2018-11-27 09:00:00,77.22,77.21361
2017-11-10 20:00:00,77.2,77.28044
2020-01-30 18:00:00,77.27,77.207115
2020-01-19 16:00:00,77.21,77.211174
2020-10-11 18:00:00,77.47,77.49317
2019-02-04 16:00:00,77.24,77.18037
2020-09-08 06:00:00,78.07,78.011665
2015-01-08 01:00:00,77.39,77.18514
2019-09-13 18:00:00,77.54,77.7412
2014-03-04 04:00:00,77.19,77.17122
2015-11-14 06:00:00,77.61,77.49027
2017-06-12 01:00:00,77.88,77.833496
2015-09-21 19:00:00,77.69,77.78974
2014-07-12 21:00:00,77.48,77.782104
2016-09-02 05:00:00,77.84,78.01694
2016-08-29 04:00:00,78.0,77.89197
2020-11-15 03:00:00,77.27,77.28071
2015-04-03 18:00:00,77.25,77.34417
2016-06-30 14:00:00,77.77,77.77378
2014-01-16 14:00:00,77.25,77.16934
2014-05-18 08:00:00,77.62,77.70127
2016-12-03 07:00:00,77.28,77.19212
2014-11-02 02:00:00,77.49,77.41499
2015-01-31 11:00:00,77.26,77.20686
2016-09-12 23:00:00,77.92,77.79257
2015-10-26 08:00:00,77.29,77.33807
2017-10-18 22:00:00,77.37,77.483475
2015-06-07 05:00:00,77.75,77.7831
2018-12-16 03:00:00,77.23,77.19445
2017-12-30 07:00:00,77.09,77.37427
2014-11-04 10:00:00,77.44,77.305405
2015-05-04 16:00:00,77.58,77.49814
2018-06-23 11:00:00,77.78,77.80008
2018-02-14 03:00:00,77.09,77.23522
2020-02-21 06:00:00,77.25,77.17663
2020-10-19 03:00:00,77.41,77.38059
2015-11-13 23:00:00,77.55,77.39435
2014-08-15 08:00:00,78.01,77.90004
2019-07-13 12:00:00,77.69,77.779686
2020-08-14 12:00:00,78.11,77.9242
2015-06-26 16:00:00,77.82,77.82981
2019-08-28 13:00:00,77.81,77.88145
2014-02-07 00:00:00,77.2,77.178314
2016-02-22 01:00:00,77.35,77.33899
2014-09-24 03:00:00,77.63,77.66499
2018-07-23 11:00:00,78.0,77.891335
2017-01-05 03:00:00,77.28,77.23762
2018-09-21 12:00:00,77.57,77.90175
2020-07-27 05:00:00,77.95,77.79359
2020-05-20 21:00:00,77.7,77.37983
2017-09-23 07:00:00,77.43,77.63991
2017-03-24 01:00:00,77.13,77.2132
2019-07-17 18:00:00,77.84,77.778435
2019-05-02 15:00:00,77.46,77.28539
2018-09-16 05:00:00,77.61,77.79894
2017-01-20 03:00:00,77.17,77.16742
2014-07-12 10:00:00,77.56,77.78473
2016-03-06 12:00:00,77.73,77.73412
2019-06-03 19:00:00,77.7,77.675285
2017-05-07 17:00:00,77.22,77.33659
2014-04-28 11:00:00,77.55,77.48315
2017-05-21 09:00:00,77.72,77.55408
2019-04-19 10:00:00,77.4,77.46809
2017-04-26 17:00:00,77.26,77.40574
2015-06-05 10:00:00,77.71,77.74484
2019-10-28 02:00:00,77.26,77.315796
2019-08-08 03:00:00,77.86,77.8812
2015-03-21 21:00:00,77.4,77.24536
2018-09-06 13:00:00,77.94,77.84222
2017-05-05 02:00:00,77.17,77.4037
2017-06-10 07:00:00,77.82,77.75132
2016-11-03 08:00:00,77.53,77.250114
2016-10-12 04:00:00,77.87,77.61694
2014-05-16 19:00:00,77.53,77.62822
2014-10-21 04:00:00,77.34,77.50867
2016-03-05 02:00:00,77.42,77.36958
2018-02-06 20:00:00,77.03,77.22584
2019-06-28 16:00:00,77.81,77.812935
2014-09-21 12:00:00,77.71,77.553894
2014-12-01 16:00:00,77.7,77.39371
2020-04-17 13:00:00,77.22,77.27525
2020-03-03 06:00:00,77.33,77.18898
2015-02-15 19:00:00,77.16,77.15993
2015-05-27 20:00:00,77.68,77.79085
2014-03-08 18:00:00,77.16,77.14245
2015-02-10 17:00:00,77.2,77.14015
2014-11-11 22:00:00,77.33,77.26838
2019-09-23 09:00:00,78.09,77.985825
2017-05-19 22:00:00,77.51,77.45495
2014-07-30 16:00:00,77.7,77.88013
2014-08-26 03:00:00,78.11,78.146484
2020-10-13 22:00:00,77.44,77.395966
2014-09-01 06:00:00,77.74,77.73716
2020-11-28 11:00:00,77.23,77.22234
2018-11-09 21:00:00,77.37,77.313965
2017-03-19 22:00:00,77.1,77.302315
2016-12-03 16:00:00,77.28,77.19978
2014-11-03 03:00:00,77.47,77.321236
2020-12-28 15:00:00,77.16,77.613174
2014-08-14 14:00:00,77.95,78.01288
2019-06-04 05:00:00,77.69,77.645744
2019-01-20 09:00:00,77.11,77.140396
2020-08-11 23:00:00,78.35,77.96978
2018-02-22 15:00:00,77.12,77.19876
2016-11-19 02:00:00,77.34,77.30377
2014-07-07 09:00:00,77.79,77.80898
2017-11-11 16:00:00,77.2,77.38212
2015-08-08 05:00:00,77.98,77.92611
2019-04-08 13:00:00,77.21,77.40351
2018-09-28 10:00:00,77.45,77.59247
2019-04-01 11:00:00,77.03,77.16887
2017-11-25 00:00:00,77.15,77.25065
2016-07-03 03:00:00,78.14,78.14249
2014-11-19 10:00:00,77.26,77.23767
2015-01-01 11:00:00,77.38,77.23702
2016-11-20 11:00:00,77.33,77.45543
2014-12-22 09:00:00,77.54,77.23989
2016-12-04 20:00:00,77.28,77.2574
2019-10-23 09:00:00,77.29,77.52825
2019-02-03 17:00:00,77.17,77.17607
2014-12-11 12:00:00,77.51,77.51977
2014-10-07 17:00:00,77.41,77.45431
2015-04-22 02:00:00,77.48,77.32824
2014-04-07 08:00:00,77.28,77.18241
2015-08-26 14:00:00,77.93,77.850845
2017-03-06 17:00:00,77.2,77.16798
2015-07-02 05:00:00,77.74,77.73965
2020-08-31 15:00:00,77.87,77.92243
2015-05-25 01:00:00,77.79,77.74611
2015-05-04 17:00:00,77.58,77.51235
2016-12-17 09:00:00,77.22,77.244576
2016-03-29 13:00:00,77.29,77.30595
2018-10-20 04:00:00,77.39,77.399345
2016-01-07 01:00:00,77.35,77.341805
2014-09-08 10:00:00,77.72,77.90738
2019-10-19 22:00:00,77.33,77.62113
2015-10-06 16:00:00,77.61,77.50323
2020-01-27 01:00:00,77.17,77.165306
2017-03-07 06:00:00,77.24,77.17391
2015-09-05 02:00:00,77.93,77.841095
2017-09-11 03:00:00,77.78,77.73946
2015-08-24 11:00:00,77.9,77.881485
2019-07-03 03:00:00,77.71,77.79711
2016-05-04 01:00:00,77.75,77.69394
2014-07-23 04:00:00,77.93,77.8779
2018-02-25 16:00:00,77.12,77.33257
2014-05-01 16:00:00,77.61,77.58763
2014-02-11 14:00:00,77.19,77.18866
2014-11-27 13:00:00,77.76,77.35186
2016-12-08 12:00:00,77.24,77.29823
2014-09-23 12:00:00,77.62,77.63521
2020-10-23 15:00:00,77.44,77.3861
2019-02-23 00:00:00,77.18,77.157234
2020-05-09 16:00:00,77.38,77.43696
2018-03-28 15:00:00,77.59,77.67269
2015-03-20 17:00:00,77.42,77.27251
2019-02-17 01:00:00,77.09,77.18103
2020-09-24 10:00:00,77.67,77.5643
2019-01-20 14:00:00,77.11,77.16412
2014-07-17 18:00:00,77.81,78.08695
2020-06-20 12:00:00,77.77,77.804
2017-07-12 07:00:00,77.74,77.884674
2019-09-11 08:00:00,77.69,77.849434
2017-05-25 08:00:00,77.71,77.639145
2017-12-01 00:00:00,77.13,77.195274
2016-07-22 02:00:00,77.57,77.84051
2020-09-04 20:00:00,78.06,77.80714
2019-01-28 21:00:00,77.07,77.15588
2015-10-30 18:00:00,77.34,77.25428
2019-05-01 03:00:00,77.56,77.373985
2016-05-01 11:00:00,77.78,77.644066
2020-04-21 12:00:00,77.25,77.18035
2015-08-26 22:00:00,77.9,77.912125
2020-11-13 19:00:00,77.28,77.31434
2015-06-04 21:00:00,77.7,77.72649
2015-05-23 12:00:00,77.79,77.75914
2017-01-23 02:00:00,77.17,77.211624
2015-08-22 20:00:00,77.98,77.898476
2014-01-20 22:00:00,77.24,77.13132
2019-03-30 11:00:00,77.06,77.1931
2020-03-18 20:00:00,77.22,77.16712
2017-06-17 06:00:00,77.9,77.78623
2015-06-08 08:00:00,77.75,77.73536
2016-11-26 07:00:00,77.3,77.19325
2018-12-13 15:00:00,77.25,77.25108
2015-05-26 16:00:00,77.74,77.786995
2016-08-06 20:00:00,78.01,77.966835
2018-05-17 15:00:00,77.47,77.68595
2019-09-03 00:00:00,77.75,77.756546
2015-09-24 08:00:00,77.6,77.717636
2015-06-07 19:00:00,77.75,77.737915
2020-09-07 04:00:00,77.97,77.87387
2015-03-25 06:00:00,77.3,77.20042
2018-03-14 07:00:00,77.53,77.40536
2018-10-29 07:00:00,77.34,77.362946
2015-07-02 12:00:00,77.72,77.72362
2020-12-07 12:00:00,77.19,77.278984
2014-02-21 02:00:00,77.15,77.17618
2015-01-28 19:00:00,77.25,77.16394
2019-12-04 22:00:00,77.16,77.22462
2014-05-20 09:00:00,77.68,77.71764
2018-08-10 19:00:00,77.89,77.930626
2018-06-14 19:00:00,77.78,77.808914
2014-07-12 07:00:00,77.57,77.779335
2015-08-19 01:00:00,77.91,77.82463
2020-12-07 19:00:00,77.18,77.33174
2020-10-16 17:00:00,77.42,77.35578
2014-04-12 16:00:00,77.18,77.26869
2018-07-18 19:00:00,77.73,77.8497
2019-01-22 11:00:00,77.1,77.17879
2017-05-27 20:00:00,77.73,77.69542
2019-03-16 20:00:00,77.12,77.17436
2017-07-08 16:00:00,77.95,77.8964
2015-02-24 05:00:00,77.21,77.140305
2019-05-10 15:00:00,77.34,77.31834
2015-04-18 22:00:00,77.36,77.221344
2017-01-05 05:00:00,77.28,77.22951
2015-12-25 18:00:00,77.55,77.17942
2017-10-08 18:00:00,77.51,77.63815
2019-09-06 23:00:00,77.7,77.84753
2015-05-12 16:00:00,77.6,77.72053
2018-05-18 00:00:00,77.54,77.67256
2018-10-30 01:00:00,77.33,77.35526
2016-07-15 21:00:00,77.63,77.80489
2017-02-21 22:00:00,77.12,77.19691
2019-06-24 09:00:00,77.86,77.77842
2018-02-20 15:00:00,77.12,77.22535
2015-12-31 00:00:00,77.45,77.348175
2016-04-13 05:00:00,77.47,77.461395
2017-09-30 20:00:00,77.33,77.495804
2019-05-07 08:00:00,77.33,77.2263
2018-08-05 21:00:00,77.89,77.95195
2014-01-04 18:00:00,77.31,77.16504
2016-06-15 17:00:00,77.83,77.75345
2015-07-01 05:00:00,77.77,77.74784
2019-12-10 18:00:00,77.1,77.217865
2020-04-11 03:00:00,77.09,77.23064
2019-01-14 19:00:00,77.13,77.16799
2016-04-04 02:00:00,77.3,77.40122
2014-12-21 20:00:00,77.53,77.2178
2014-10-14 09:00:00,77.32,77.48993
2017-07-16 03:00:00,78.38,77.86863
2017-06-18 12:00:00,77.86,77.76479
2016-08-17 18:00:00,78.06,78.02495
2015-06-23 20:00:00,77.79,77.741035
2014-05-29 21:00:00,77.81,77.760796
2014-08-25 10:00:00,77.81,77.9065
2017-01-19 02:00:00,77.17,77.20903
2014-03-25 07:00:00,77.33,77.30009
2014-01-31 00:00:00,77.22,77.194496
2019-10-05 12:00:00,78.03,77.75648
2020-10-09 17:00:00,77.49,77.41234
2020-07-25 02:00:00,78.09,77.868774
2019-10-28 21:00:00,77.25,77.314186
2017-07-25 23:00:00,77.77,78.03313
2017-06-21 06:00:00,77.89,77.76876
2019-10-22 08:00:00,77.3,77.371994
2016-10-29 01:00:00,77.6,77.59432
2020-09-06 06:00:00,77.94,77.72366
2014-10-26 18:00:00,77.54,77.40396
2019-02-21 19:00:00,77.19,77.19845
2014-09-29 03:00:00,77.72,77.64676
2014-11-30 13:00:00,77.68,77.539925
2014-11-15 01:00:00,77.29,77.23704
2014-12-03 01:00:00,77.68,77.26601
2015-03-19 18:00:00,77.38,77.35779
2017-08-12 07:00:00,77.98,77.91406
2017-11-15 10:00:00,77.18,77.28642
2019-10-28 10:00:00,77.26,77.32026
2018-07-14 19:00:00,77.48,77.86769
2020-08-03 21:00:00,77.89,77.8694
2020-10-16 22:00:00,77.42,77.327774
2017-07-28 02:00:00,77.72,77.81003
2020-08-24 13:00:00,78.01,77.92075
2019-06-16 09:00:00,77.76,77.749214
2019-09-22 02:00:00,77.57,77.76894
2020-06-28 16:00:00,77.6,77.8178
2016-08-24 09:00:00,77.92,78.01947
2019-10-18 21:00:00,77.34,77.537094
2020-02-06 02:00:00,77.21,77.169235
2015-06-18 15:00:00,77.78,77.76079
2016-02-12 21:00:00,77.36,77.49881
2019-02-28 11:00:00,77.16,77.251755
2019-02-14 22:00:00,77.1,77.19095
2020-03-19 16:00:00,77.23,77.202705
2017-06-22 10:00:00,77.89,77.78239
2020-03-14 13:00:00,77.29,77.16302
2020-08-29 19:00:00,77.93,78.04403
2019-10-04 00:00:00,78.39,77.944984
2016-04-10 23:00:00,77.6,77.47109
2014-11-07 10:00:00,77.39,77.31941
2017-11-19 14:00:00,77.16,77.21826
2020-08-06 01:00:00,78.15,77.95642
2014-11-25 15:00:00,77.76,77.606476
2016-01-29 17:00:00,77.45,77.29041
2020-09-21 09:00:00,77.71,77.54742
2016-10-02 22:00:00,77.88,77.808014
2016-04-30 14:00:00,77.84,77.64863
2016-05-14 06:00:00,77.5,77.65636
2014-06-17 00:00:00,77.75,77.744576
2019-10-20 13:00:00,77.32,77.51536
2014-06-01 09:00:00,77.74,77.79457
2019-06-23 00:00:00,77.94,77.80137
2018-10-01 01:00:00,77.42,77.6429
2015-07-30 19:00:00,77.98,77.933334
2018-10-01 06:00:00,77.41,77.7026
2020-10-07 16:00:00,77.51,77.44809
2018-08-30 12:00:00,78.03,77.965836
2014-07-20 05:00:00,78.17,77.84343
2020-06-17 21:00:00,77.68,77.76975
2014-09-07 14:00:00,77.71,77.81867
2018-06-04 11:00:00,77.75,77.81582
2020-12-18 04:00:00,77.14,77.16479
2015-02-01 03:00:00,77.24,77.17235
2015-06-05 04:00:00,77.71,77.73264
2019-06-12 23:00:00,77.7,77.746155
2016-02-13 10:00:00,77.39,77.511345
2018-03-15 04:00:00,77.52,77.48296
2019-08-16 11:00:00,77.93,77.91765
2019-03-25 22:00:00,77.15,77.20762
2015-11-27 16:00:00,77.71,77.55155
2020-12-13 04:00:00,77.16,77.052376
2019-06-25 07:00:00,77.78,77.78137
2016-06-05 23:00:00,77.83,77.75152
2016-01-18 04:00:00,77.3,77.20195
2018-09-14 12:00:00,77.61,77.86197
2016-10-24 12:00:00,77.62,77.5786
2018-05-16 15:00:00,77.46,77.66301
2020-07-08 15:00:00,77.48,77.90974
2020-12-23 05:00:00,77.11,77.283226
2016-03-03 19:00:00,77.28,77.26541
2018-04-14 18:00:00,77.52,77.47605
2020-11-26 12:00:00,77.25,77.278755
2016-03-11 18:00:00,77.58,77.379074
2017-06-23 00:00:00,77.89,77.7749
2017-03-08 20:00:00,77.19,77.197876
2018-09-02 18:00:00,77.95,77.88441
2019-03-21 01:00:00,77.15,77.30248
2018-03-29 02:00:00,77.56,77.60985
2017-08-29 07:00:00,77.66,77.86266
2020-01-20 01:00:00,77.2,77.207306
2018-12-09 10:00:00,77.28,77.22704
2020-01-18 14:00:00,77.22,77.16105
2016-06-14 23:00:00,77.84,77.77455
2014-02-01 07:00:00,77.23,77.184006
2016-12-15 06:00:00,77.24,77.23565
2018-04-26 14:00:00,77.75,77.60736
2016-06-28 15:00:00,77.79,77.72305
2017-12-05 02:00:00,77.13,77.20257
2017-12-06 07:00:00,77.13,77.11503
2015-07-27 02:00:00,77.65,77.90269
2019-12-29 21:00:00,77.1,77.17972
2019-05-13 19:00:00,77.37,77.23973
2017-12-08 04:00:00,77.13,77.23619
2017-05-08 10:00:00,77.2,77.32332
2020-09-12 09:00:00,77.9,77.90728
2020-12-19 21:00:00,77.12,77.11507
2016-09-20 20:00:00,77.97,77.77889
2018-01-04 00:00:00,77.07,77.299675
2020-04-03 10:00:00,77.12,77.15734
2016-10-05 11:00:00,78.05,77.94925
2018-12-29 20:00:00,77.13,77.19124
2017-11-16 01:00:00,77.18,77.24796
2018-10-19 16:00:00,77.4,77.45244
2014-11-04 20:00:00,77.44,77.2907
2019-12-26 09:00:00,77.13,77.22544
2014-02-26 07:00:00,77.15,77.19957
2017-06-08 02:00:00,77.78,77.76582
2016-03-13 14:00:00,77.52,77.50418
2020-09-07 02:00:00,77.95,77.84821
2016-08-05 05:00:00,78.05,77.92024
2016-09-24 07:00:00,77.72,77.72605
2020-05-30 08:00:00,77.65,77.55953
2014-01-30 14:00:00,77.22,77.17073
2018-05-04 06:00:00,77.54,77.58474
2014-07-30 02:00:00,77.73,77.87152
2020-11-19 22:00:00,77.41,77.398605
2019-04-16 01:00:00,77.31,77.29944
2015-02-02 23:00:00,77.22,77.17602
2016-01-21 00:00:00,77.29,77.22853
2017-08-17 01:00:00,78.02,77.90513
2016-07-02 04:00:00,78.0,77.90897
2016-05-28 14:00:00,77.88,77.76981
2016-07-03 04:00:00,78.14,78.14191
2015-05-11 02:00:00,77.53,77.623856
2017-03-19 19:00:00,77.1,77.263756
2020-06-29 10:00:00,77.57,77.78247
2019-05-15 19:00:00,77.2,77.35894
2014-09-24 11:00:00,77.9,77.939766
2018-09-01 19:00:00,78.07,78.21231
2017-11-08 21:00:00,77.19,77.36245
2016-05-16 04:00:00,77.51,77.596115
2016-10-30 06:00:00,77.58,77.37657
2020-03-04 19:00:00,77.31,77.16007
2018-11-12 09:00:00,77.36,77.29108
2015-09-22 23:00:00,77.57,77.67426
2018-07-27 10:00:00,77.94,77.90657
2019-06-27 04:00:00,77.91,77.86294
2014-03-02 23:00:00,77.19,77.19204
2015-10-26 15:00:00,77.29,77.30296
2016-06-20 04:00:00,77.82,77.78136
2018-04-21 18:00:00,77.45,77.51703
2017-01-28 05:00:00,77.15,77.18347
2014-11-13 22:00:00,77.31,77.23604
2019-10-25 12:00:00,77.27,77.45097
2017-02-28 20:00:00,77.25,77.18365
2014-06-05 10:00:00,77.85,77.77659
2017-02-19 19:00:00,77.08,77.13798
2015-07-24 19:00:00,77.76,77.91205
2016-10-12 07:00:00,77.86,77.64828
2018-06-08 06:00:00,77.78,77.77305
2020-12-23 06:00:00,77.11,77.29195
2016-01-09 16:00:00,77.34,77.33259
2016-05-02 13:00:00,77.71,77.65022
2017-09-28 11:00:00,77.37,77.82755
2020-12-15 15:00:00,77.15,77.088486
2020-08-26 12:00:00,77.98,77.919914
2015-08-29 14:00:00,77.82,77.86082
2016-04-11 22:00:00,77.52,77.49278
2017-08-12 06:00:00,77.98,77.89149
2020-04-03 04:00:00,77.12,77.158646
2014-02-04 17:00:00,77.22,77.14706
2015-08-21 06:00:00,77.97,77.891655
2020-01-23 16:00:00,77.2,77.24845
2016-02-24 04:00:00,77.34,77.32529
2019-01-07 04:00:00,77.14,77.181175
2017-10-17 04:00:00,77.41,77.46881
2017-03-03 20:00:00,77.23,77.18763
2014-05-13 10:00:00,77.51,77.65092
2015-02-09 19:00:00,77.2,77.14804
2016-04-02 16:00:00,77.27,77.33788
2019-04-04 18:00:00,76.99,77.14183
2015-11-03 12:00:00,77.29,77.34546
2015-06-01 17:00:00,77.72,77.75951
2019-11-09 20:00:00,77.19,77.29368
2017-12-14 22:00:00,77.1,77.07834
2014-08-30 06:00:00,77.8,77.69342
2014-07-04 05:00:00,77.83,77.79854
2015-11-14 15:00:00,77.64,77.56011
2016-03-18 15:00:00,77.42,77.52459
2014-08-30 10:00:00,77.79,77.67896
2014-12-09 16:00:00,77.52,77.26474
2018-08-17 21:00:00,77.89,77.91369
2015-11-19 19:00:00,77.76,77.581924
2018-04-23 00:00:00,77.47,77.5229
2017-03-22 20:00:00,77.13,77.20093
2015-08-03 08:00:00,77.87,77.90966
2015-09-24 12:00:00,77.65,77.83018
2015-11-27 21:00:00,77.72,77.46251
2020-01-01 16:00:00,77.11,77.1736
2018-01-23 15:00:00,77.22,77.273506
2018-01-29 12:00:00,77.13,77.23756
2019-01-02 12:00:00,77.14,77.1905
2017-12-18 22:00:00,77.1,77.349174
2016-12-09 02:00:00,77.25,77.211845
2014-07-30 13:00:00,77.7,77.90082
2018-11-02 22:00:00,77.29,77.28252
2018-11-22 20:00:00,77.23,77.2539
2014-08-23 13:00:00,77.87,77.843834
2014-03-07 20:00:00,77.16,77.2464
2015-04-24 15:00:00,77.42,77.35404
2018-10-17 02:00:00,77.47,77.46843
2015-07-23 19:00:00,77.75,77.89915
2015-11-19 02:00:00,77.73,77.58224
2018-12-10 06:00:00,77.27,77.209076
2014-01-23 23:00:00,77.24,77.157715
2016-11-18 12:00:00,77.33,77.28703
2014-08-27 23:00:00,77.94,77.83031
2016-02-16 10:00:00,77.44,77.26209
2015-01-05 18:00:00,77.34,77.21171
2020-05-09 17:00:00,77.37,77.42859
2015-11-22 08:00:00,77.69,77.50036
2014-04-13 00:00:00,77.2,77.28373
2014-10-01 18:00:00,77.6,77.62927
2014-11-14 01:00:00,77.3,77.24562
2016-09-25 09:00:00,77.64,77.70571
2019-06-07 14:00:00,77.83,77.782555
2016-12-13 11:00:00,77.24,77.34538
2016-04-15 12:00:00,77.44,77.37547
2020-07-03 06:00:00,77.62,77.78934
2019-11-08 11:00:00,77.2,77.264824
2015-04-30 04:00:00,77.62,77.53007
2018-11-04 03:00:00,77.29,77.25638
2018-10-27 09:00:00,77.33,77.56226
2018-02-22 00:00:00,77.12,77.20859
2014-04-08 10:00:00,77.27,77.16264
2014-12-28 03:00:00,77.47,77.198654
2014-03-10 06:00:00,77.15,77.19387
2014-12-20 00:00:00,77.47,77.19017
2019-06-10 20:00:00,77.74,77.73765
2016-03-29 09:00:00,77.29,77.29642
2018-06-27 15:00:00,78.06,77.96535
2019-07-06 00:00:00,77.54,77.783005
2020-03-20 19:00:00,77.2,77.165855
2020-03-29 00:00:00,77.19,77.202866
2019-10-22 03:00:00,77.3,77.39788
2014-02-14 03:00:00,77.18,77.17597
2020-12-14 11:00:00,77.18,77.05884
2019-02-05 12:00:00,77.23,77.15617
2015-01-11 03:00:00,77.35,77.19303
2019-03-04 12:00:00,77.14,77.15802
2018-11-18 22:00:00,77.27,77.22734
2017-10-26 08:00:00,77.29,77.3249
2016-02-11 21:00:00,77.33,77.32978
2017-06-14 05:00:00,77.89,77.752846
2015-10-16 09:00:00,77.39,77.43298
2019-06-21 15:00:00,77.77,77.797585
2019-01-23 04:00:00,77.09,77.170525
2014-04-20 01:00:00,77.36,77.31762
2018-04-10 07:00:00,77.61,77.466385
2015-01-20 22:00:00,77.26,77.17436
2016-12-12 14:00:00,77.23,77.292206
2014-08-24 01:00:00,77.82,77.85143
2016-03-26 14:00:00,77.32,77.2918
2016-05-08 13:00:00,77.58,77.64621
2020-10-16 21:00:00,77.42,77.318726
2018-12-18 15:00:00,77.22,77.2271
2015-10-06 09:00:00,77.62,77.46875
2016-01-08 09:00:00,77.36,77.30606
2018-03-22 10:00:00,77.85,77.51902
2016-01-06 02:00:00,77.38,77.24247
2019-03-10 02:00:00,77.12,77.20621
2017-03-02 18:00:00,77.24,77.23482
2018-04-02 07:00:00,77.43,77.57417
2017-01-01 03:00:00,77.33,77.23044
2019-07-06 19:00:00,77.52,77.796555
2016-08-22 04:00:00,78.05,77.98983
2016-11-06 07:00:00,77.48,77.369965
2020-07-26 02:00:00,78.0,77.8506
2019-04-29 04:00:00,77.36,77.33025
2017-03-19 04:00:00,77.11,77.19639
2015-08-28 16:00:00,77.81,77.86024
2016-05-06 08:00:00,77.65,77.63045
2017-05-05 12:00:00,77.19,77.43879
2015-10-27 06:00:00,77.3,77.341774
2014-05-30 18:00:00,77.79,77.81629
2014-03-28 23:00:00,77.54,77.37903
2017-01-03 09:00:00,77.31,77.252495
2015-04-06 12:00:00,77.46,77.329
2015-08-12 07:00:00,78.04,77.91244
2019-11-22 08:00:00,77.16,77.239525
2017-07-24 23:00:00,77.75,77.90161
2016-07-04 16:00:00,78.19,78.08867
2014-06-08 00:00:00,77.7,77.76933
2018-06-18 13:00:00,77.78,77.81837
2019-12-28 11:00:00,77.09,77.20089
2016-12-03 19:00:00,77.28,77.19098
2016-04-18 03:00:00,77.63,77.469124
2015-10-03 09:00:00,77.82,77.49367
2019-08-28 23:00:00,77.8,77.87799
2017-08-25 12:00:00,77.99,77.9959
2019-08-29 19:00:00,77.78,77.86608
2017-02-26 07:00:00,77.3,77.19237
2020-08-26 18:00:00,77.96,77.908806
2017-05-18 13:00:00,77.33,77.48527
2020-06-01 14:00:00,77.59,77.6428
2019-11-21 00:00:00,77.18,77.23648
2015-01-17 08:00:00,77.29,77.175156
2016-01-08 14:00:00,77.36,77.36399
2020-05-05 19:00:00,77.18,77.35229
2017-05-11 03:00:00,77.34,77.43636
2014-10-08 01:00:00,77.4,77.41708
2017-09-19 13:00:00,77.53,77.75602
2014-08-08 15:00:00,77.94,78.02332
2016-12-18 22:00:00,77.22,77.25662
2018-11-18 08:00:00,77.28,77.251656
2017-03-04 06:00:00,77.22,77.1873
2018-01-31 12:00:00,77.11,77.29148
2017-10-02 07:00:00,77.57,77.90842
2020-08-16 21:00:00,77.93,77.84384
2015-05-21 12:00:00,77.75,77.754456
2018-02-26 09:00:00,77.12,77.2483
2015-12-02 08:00:00,77.71,77.33555
2017-10-16 21:00:00,77.42,77.48718
2019-06-22 10:00:00,77.78,77.75664
2017-06-20 19:00:00,77.88,77.76632
2017-08-10 10:00:00,78.09,78.0204
2016-04-18 10:00:00,77.62,77.4111
2016-02-13 16:00:00,77.4,77.48174
2014-11-08 04:00:00,77.38,77.31027
2017-11-07 14:00:00,77.22,77.417755
2017-04-01 08:00:00,77.16,77.29622
2016-08-15 13:00:00,78.08,78.06304
2018-05-24 13:00:00,77.93,77.79682
2020-03-13 01:00:00,77.3,77.18002
2020-08-10 04:00:00,78.39,77.97434
2015-05-17 10:00:00,77.48,77.60489
2019-05-22 04:00:00,77.77,77.301704
2017-03-16 10:00:00,77.12,77.25548
2019-04-09 19:00:00,77.29,77.225494
2020-01-23 01:00:00,77.18,77.16015
2015-11-15 07:00:00,77.66,77.577644
2020-09-06 17:00:00,77.92,77.76157
2018-11-23 14:00:00,77.23,77.1921
2017-11-05 09:00:00,77.22,77.31029
2015-04-19 13:00:00,77.43,77.3166
2015-08-13 20:00:00,77.93,77.87722
2015-08-14 11:00:00,77.91,77.906975
2016-04-01 19:00:00,77.27,77.28903
2017-10-05 11:00:00,77.61,77.61421
2018-03-20 12:00:00,77.85,77.52238
2018-06-06 21:00:00,77.78,77.80988
2016-10-01 12:00:00,77.74,77.71796
2019-04-02 04:00:00,77.03,77.194756
2018-04-03 21:00:00,77.38,77.616455
2017-01-07 17:00:00,77.26,77.20569
2016-06-28 21:00:00,77.78,77.76523
2020-10-21 13:00:00,77.4,77.42006
2019-12-31 01:00:00,77.13,77.21432
2020-01-16 13:00:00,77.25,77.16843
2016-11-17 03:00:00,77.34,77.25728
2020-04-19 06:00:00,77.15,77.26869
2016-08-06 02:00:00,77.93,77.92989
2018-08-18 11:00:00,77.9,77.837906
2017-12-30 16:00:00,77.09,77.46924
2016-05-15 06:00:00,77.48,77.646454
2019-07-04 05:00:00,77.64,77.78181
2018-09-20 22:00:00,77.55,77.855316
2015-04-20 13:00:00,77.47,77.44361
2019-03-16 16:00:00,77.13,77.19177
2020-06-22 08:00:00,77.74,77.774635
2015-04-08 13:00:00,77.5,77.42448
2015-01-20 15:00:00,77.27,77.180435
2017-02-24 21:00:00,77.32,77.194824
2016-05-03 09:00:00,77.72,77.69742
2020-09-04 08:00:00,78.12,77.94123
2017-09-14 05:00:00,77.92,77.626686
2017-10-13 19:00:00,77.49,77.45835
2014-10-09 21:00:00,77.35,77.44168
2014-04-15 14:00:00,77.23,77.29085
2020-11-20 01:00:00,77.42,77.37929
2014-01-08 16:00:00,77.28,77.15125
2014-09-06 07:00:00,77.55,77.79284
2020-02-15 22:00:00,77.17,77.18187
2018-07-27 17:00:00,77.95,77.92973
2019-07-17 09:00:00,77.84,77.79976
2017-10-18 02:00:00,77.39,77.43875
2019-09-08 09:00:00,77.9,77.97971
2015-04-22 13:00:00,77.46,77.31697
2020-05-03 10:00:00,77.09,77.37222
2018-04-26 21:00:00,77.74,77.621994
2018-12-30 16:00:00,77.13,77.18303
2017-05-05 09:00:00,77.19,77.44365
2016-03-16 21:00:00,77.42,77.52066
2020-02-02 08:00:00,77.25,77.17501
2020-12-22 00:00:00,77.12,77.25796
2020-11-19 10:00:00,77.32,77.45668
2014-08-15 10:00:00,78.0,77.916824
2014-05-27 05:00:00,77.8,77.716965
2020-12-07 03:00:00,77.19,77.17177
2014-04-12 02:00:00,77.2,77.3314
2019-01-28 08:00:00,77.08,77.13302
2018-07-04 18:00:00,78.01,77.90016
2018-11-26 20:00:00,77.22,77.23124
2018-01-29 07:00:00,77.13,77.195305
2017-07-09 11:00:00,77.98,78.12271
2019-03-14 09:00:00,77.13,77.1677
2015-04-12 19:00:00,77.39,77.23186
2014-10-20 19:00:00,77.3,77.43258
2018-06-07 20:00:00,77.78,77.81853
2020-04-22 02:00:00,77.22,77.14937
2019-05-27 02:00:00,77.73,77.45174
2019-04-14 21:00:00,77.34,77.38054
2016-12-27 19:00:00,77.38,77.25911
2018-02-24 04:00:00,77.11,77.25347
2020-05-03 12:00:00,77.13,77.36225
2015-10-18 04:00:00,77.37,77.38507
2020-08-13 13:00:00,78.25,77.91489
2017-11-26 07:00:00,77.15,77.223404
2017-11-30 17:00:00,77.15,77.16769
2019-12-15 05:00:00,77.14,77.21206
2019-12-08 23:00:00,77.1,77.21523
2014-05-14 22:00:00,77.54,77.61449
2017-11-01 03:00:00,77.25,77.2753
2018-09-24 12:00:00,77.53,77.738045
2014-04-26 11:00:00,77.46,77.33197
2014-06-01 19:00:00,77.76,77.788315
2014-12-17 19:00:00,77.48,77.25422
2015-05-20 03:00:00,77.71,77.69971
2020-05-09 05:00:00,77.32,77.23046
2015-07-28 19:00:00,77.94,77.91545
2020-03-14 19:00:00,77.28,77.14742
2017-11-05 08:00:00,77.22,77.287125
2020-10-27 08:00:00,77.37,77.345436
2016-07-20 00:00:00,77.59,77.85116
2014-10-09 00:00:00,77.37,77.39019
2017-07-03 13:00:00,77.83,77.88756
2015-09-05 21:00:00,77.88,77.83988
2014-05-21 12:00:00,77.76,77.761345
2016-03-01 12:00:00,77.31,77.23654
2017-08-17 10:00:00,77.96,77.9009
2017-07-04 15:00:00,77.88,77.923096
2017-10-02 08:00:00,77.58,77.95608
2019-08-30 21:00:00,77.76,77.762215
2019-10-10 10:00:00,77.56,77.43894
2018-08-06 15:00:00,77.9,77.95757
2020-09-11 08:00:00,77.9,77.84104
2018-02-24 13:00:00,77.11,77.34408
2015-07-07 09:00:00,77.6,77.71707
2014-05-12 05:00:00,77.51,77.649414
2020-01-06 01:00:00,77.09,77.185295
2014-07-26 17:00:00,77.8,77.91187
2018-11-18 02:00:00,77.28,77.263565
2016-07-12 01:00:00,77.74,77.8673
2015-11-14 07:00:00,77.62,77.49725
2014-01-03 05:00:00,77.32,77.19157
2018-12-22 20:00:00,77.19,77.29392
2019-12-18 08:00:00,77.15,77.294106
2020-05-12 15:00:00,77.22,77.30881
2014-05-17 15:00:00,77.59,77.636894
2017-01-17 09:00:00,77.19,77.18587
2014-03-31 18:00:00,77.48,77.35575
2015-02-07 01:00:00,77.26,77.15432
2015-05-07 13:00:00,77.49,77.57648
2014-08-01 04:00:00,77.68,77.882484
2016-06-24 07:00:00,77.83,77.81392
2020-07-30 01:00:00,78.29,77.89707
2016-07-02 19:00:00,78.16,78.13837
2018-02-18 18:00:00,77.11,77.1661
2017-09-26 23:00:00,77.34,77.815155
2015-08-10 20:00:00,78.01,77.93786
2015-03-06 03:00:00,77.19,77.166794
2020-08-21 07:00:00,77.92,77.90957
2016-06-11 23:00:00,77.83,77.76414
2016-11-23 06:00:00,77.31,77.258224
2014-09-02 11:00:00,77.74,77.72989
2017-09-24 07:00:00,77.29,77.63566
2015-03-29 22:00:00,77.25,77.24167
2015-12-28 12:00:00,77.5,77.28631
2015-10-13 09:00:00,77.44,77.43439
2014-04-13 20:00:00,77.21,77.369545
2020-01-04 04:00:00,77.09,77.18098
2015-09-05 15:00:00,77.89,77.77674
2017-05-09 12:00:00,77.25,77.34079
2016-02-08 08:00:00,77.4,77.161606
2016-12-08 22:00:00,77.25,77.20848
2017-03-30 13:00:00,77.17,77.39594
2017-04-17 21:00:00,77.4,77.42743
2014-12-16 20:00:00,77.48,77.36274
2015-01-17 23:00:00,77.29,77.18288
2015-12-02 14:00:00,77.71,77.47115
2017-02-04 01:00:00,77.14,77.18649
2020-03-20 22:00:00,77.2,77.204994
2014-07-20 09:00:00,78.15,77.89775
2020-09-15 23:00:00,77.84,77.83884
2018-08-11 02:00:00,77.91,77.947876
2014-07-03 12:00:00,77.82,77.81206
2016-08-12 08:00:00,78.03,78.0358
2017-05-10 19:00:00,77.33,77.46763
2018-03-19 05:00:00,77.67,77.41483
2017-07-11 07:00:00,77.8,77.91264
2015-03-24 12:00:00,77.31,77.20664
2018-05-09 20:00:00,77.55,77.72609
2020-03-18 18:00:00,77.23,77.16802
2015-08-18 16:00:00,77.92,77.89769
2018-10-24 13:00:00,77.34,77.40033
2019-01-04 06:00:00,77.14,77.172646
2016-06-18 09:00:00,77.78,77.743835
2019-03-29 21:00:00,77.07,77.26124
2020-12-02 01:00:00,77.19,77.24198
2017-11-17 17:00:00,77.18,77.216606
2018-07-27 14:00:00,77.95,77.93462
2018-06-14 20:00:00,77.78,77.80464
2016-07-10 13:00:00,77.83,77.8887
2019-03-12 12:00:00,77.14,77.251335
2016-10-21 11:00:00,77.77,77.621666
2014-07-19 15:00:00,78.15,78.16136
2016-09-20 02:00:00,78.06,77.8188
2020-11-22 06:00:00,77.34,77.30567
2019-07-13 00:00:00,77.67,77.811584
2014-10-25 18:00:00,77.58,77.397865
2020-07-01 16:00:00,77.71,77.80808
2017-04-10 09:00:00,77.13,77.31672
2017-10-11 03:00:00,77.43,77.64109
2015-01-10 17:00:00,77.35,77.175385
2015-10-31 13:00:00,77.33,77.300354
2016-12-12 00:00:00,77.24,77.19348
2015-08-16 11:00:00,77.9,77.93644
2020-03-20 06:00:00,77.21,77.151
2017-04-25 20:00:00,77.24,77.36448
2019-03-18 00:00:00,77.13,77.198044
2016-03-21 22:00:00,77.36,77.52685
2014-09-24 16:00:00,78.0,78.128204
2020-03-22 22:00:00,77.2,77.15951
2018-07-07 15:00:00,77.7,77.81113
2020-09-28 12:00:00,77.64,77.52906
2020-01-20 22:00:00,77.18,77.195755
2016-02-19 09:00:00,77.39,77.30424
2014-07-19 12:00:00,78.11,78.15103
2020-05-24 19:00:00,77.71,77.480484
2016-11-06 00:00:00,77.49,77.33752
2015-01-22 16:00:00,77.27,77.19763
2019-01-15 00:00:00,77.13,77.16505
2019-04-11 23:00:00,77.46,77.35735
2019-11-19 14:00:00,77.21,77.23358
2019-10-16 07:00:00,77.39,77.51073
2019-02-17 06:00:00,77.09,77.16507
2015-02-18 10:00:00,77.18,77.16556
2015-05-05 23:00:00,77.53,77.47498
2016-02-04 02:00:00,77.52,77.28906
2020-04-03 11:00:00,77.12,77.14962
2016-11-27 08:00:00,77.31,77.25951
2019-07-26 21:00:00,77.79,77.88093
2017-07-23 11:00:00,77.78,77.87887
2019-10-03 19:00:00,78.52,78.0207
2014-08-07 04:00:00,77.85,78.12819
2018-10-03 15:00:00,77.38,77.53903
2017-03-25 08:00:00,77.13,77.314224
2016-02-04 04:00:00,77.52,77.31712
2018-09-01 18:00:00,78.08,78.21574
2017-08-12 03:00:00,77.98,77.89544
2018-04-26 06:00:00,77.8,77.57706
2016-04-05 17:00:00,77.32,77.293274
2020-08-04 21:00:00,77.82,77.87307
2019-06-07 08:00:00,77.82,77.732185
2018-01-12 07:00:00,77.07,77.26628
2017-02-08 21:00:00,77.14,77.15851
2017-10-07 18:00:00,77.55,77.67209
2017-02-13 16:00:00,77.11,77.18636
2014-12-09 05:00:00,77.53,77.31322
2015-08-11 05:00:00,78.0,77.9189
2017-03-30 12:00:00,77.17,77.428764
2018-09-25 11:00:00,77.5,77.57217
2017-02-14 20:00:00,77.09,77.23528
2015-06-09 16:00:00,77.81,77.8054
2014-01-27 22:00:00,77.24,77.1601
2020-04-22 09:00:00,77.21,77.15324
2018-09-25 21:00:00,77.49,77.546295
2014-06-13 05:00:00,77.87,77.76933
2019-09-20 18:00:00,77.32,77.62126
2019-02-22 15:00:00,77.18,77.16514
2018-05-06 03:00:00,77.46,77.634514
2020-10-11 02:00:00,77.47,77.49079
2014-01-23 14:00:00,77.24,77.172195
2014-10-30 06:00:00,77.4,77.29369
2018-02-02 01:00:00,77.06,77.29089
2015-05-06 01:00:00,77.53,77.488785
2018-10-06 16:00:00,78.12,78.00348
2020-08-17 18:00:00,77.83,77.866196
2019-08-12 21:00:00,77.93,78.11047
2020-09-01 13:00:00,77.85,77.862366
2020-03-25 03:00:00,77.18,77.202065
2016-02-13 03:00:00,77.38,77.53303
2016-01-04 04:00:00,77.4,77.3127
2020-03-26 09:00:00,77.15,77.27375
2020-03-31 10:00:00,77.11,77.19706
2014-12-06 19:00:00,77.61,77.305176
2014-08-24 13:00:00,77.79,77.8714
2019-06-24 22:00:00,77.81,77.78803
2017-10-12 01:00:00,77.41,77.633
2017-11-26 06:00:00,77.15,77.22068
2017-12-19 02:00:00,77.1,77.333275
2018-07-09 02:00:00,77.61,77.78931
2019-12-08 17:00:00,77.11,77.204956
2017-01-10 06:00:00,77.24,77.20928
2014-11-29 07:00:00,77.68,77.51094
2018-07-08 19:00:00,77.62,77.80672
2015-10-19 10:00:00,77.35,77.42669
2014-09-06 08:00:00,77.56,77.775795
2016-04-08 16:00:00,77.74,77.43275
2015-10-22 05:00:00,77.33,77.44066
2016-02-24 11:00:00,77.33,77.30932
2017-05-25 06:00:00,77.71,77.64443
2019-02-19 01:00:00,77.08,77.1689
2016-11-22 04:00:00,77.33,77.3256
2016-08-20 13:00:00,78.02,78.025955
2015-06-20 15:00:00,77.79,77.770134
2018-09-22 00:00:00,77.62,77.83151
2019-10-04 16:00:00,78.21,78.00718
2020-07-01 04:00:00,77.73,77.794464
2019-08-07 10:00:00,77.86,77.90239
2018-11-18 09:00:00,77.27,77.25035
2015-07-27 11:00:00,77.65,77.964195
2014-10-13 23:00:00,77.32,77.545395
2017-06-05 23:00:00,77.67,77.79386
2014-12-02 16:00:00,77.69,77.29687
2018-07-01 17:00:00,78.35,78.059296
2020-02-03 18:00:00,77.24,77.155594
2015-04-19 00:00:00,77.37,77.263336
2020-09-12 11:00:00,77.91,78.11722
2018-10-15 10:00:00,77.51,77.52738
2015-11-03 01:00:00,77.3,77.33672
2017-09-22 00:00:00,77.48,77.57644
2014-09-10 04:00:00,77.79,77.71512
2019-07-25 22:00:00,77.83,77.8938
2016-03-16 14:00:00,77.43,77.42083
2014-06-18 00:00:00,77.76,77.766205
2018-04-04 06:00:00,77.39,77.575516
2019-05-01 21:00:00,77.52,77.32021
2018-11-14 13:00:00,77.32,77.31047
2014-08-31 05:00:00,77.76,77.76033
2016-12-25 17:00:00,77.32,77.24558
2020-10-22 19:00:00,77.46,77.35825
2017-05-24 07:00:00,77.71,77.61494
2017-01-04 01:00:00,77.29,77.221725
2016-06-13 21:00:00,77.92,77.76699
2020-06-01 20:00:00,77.54,77.6075
2016-12-21 12:00:00,77.24,77.35163
2020-01-14 02:00:00,77.29,77.21794
2018-12-29 14:00:00,77.14,77.183136
2017-08-17 09:00:00,77.97,77.87759
2018-03-05 03:00:00,77.29,77.4166
2015-09-10 08:00:00,77.77,77.64626
2015-03-01 03:00:00,77.2,77.182
2014-02-12 18:00:00,77.18,77.159706
2018-10-12 16:00:00,77.61,77.56657
2019-10-21 09:00:00,77.31,77.40778
2014-05-15 00:00:00,77.54,77.60788
2016-12-22 13:00:00,77.32,77.39758
2018-09-11 09:00:00,77.64,77.60632
2019-05-19 11:00:00,77.65,77.351555
2017-08-10 09:00:00,78.09,78.01539
2016-07-08 16:00:00,77.96,77.83602
2019-11-22 15:00:00,77.17,77.272255
2014-03-03 04:00:00,77.19,77.1871
2014-11-08 16:00:00,77.37,77.31671
2016-09-30 21:00:00,77.67,77.72666
2017-03-16 14:00:00,77.12,77.24914
2020-11-13 03:00:00,77.28,77.264656
2020-08-09 18:00:00,78.53,78.13558
2016-12-24 21:00:00,77.33,77.30752
2018-01-15 07:00:00,77.06,77.23117
2016-04-29 17:00:00,77.9,77.6647
2020-11-04 04:00:00,77.35,77.30174
2018-12-13 04:00:00,77.25,77.282845
2016-05-25 22:00:00,77.9,77.75991
2019-12-20 19:00:00,77.12,77.21633
2018-12-04 12:00:00,77.28,77.39285
2014-06-27 18:00:00,77.74,77.771965
2020-07-01 19:00:00,77.69,77.806854
2016-09-16 02:00:00,77.71,77.86243
2020-04-05 14:00:00,77.15,77.16158
2016-01-30 00:00:00,77.53,77.28444
2018-09-23 00:00:00,77.59,77.69095
2016-04-07 07:00:00,77.47,77.30704
2020-04-02 05:00:00,77.12,77.20551
2020-03-11 15:00:00,77.34,77.17092
2015-03-31 14:00:00,77.24,77.29324
2020-04-11 22:00:00,77.11,77.22278
2019-11-09 17:00:00,77.2,77.26547
2020-05-20 04:00:00,77.68,77.28213
2016-11-24 17:00:00,77.3,77.207115
2019-09-27 00:00:00,77.66,77.59501
2019-10-09 04:00:00,77.63,77.5947
2016-10-01 17:00:00,77.75,77.730644
2016-09-16 17:00:00,77.71,77.840996
2017-12-02 00:00:00,77.12,77.2258
2016-07-12 08:00:00,77.74,77.92599
2020-12-01 02:00:00,77.2,77.35781
2015-06-06 04:00:00,77.74,77.764786
2020-12-21 21:00:00,77.11,77.252304
2020-12-12 09:00:00,77.18,77.19633
2014-11-02 04:00:00,77.49,77.504105
2017-05-29 08:00:00,77.77,77.77134
2017-11-04 02:00:00,77.23,77.3647
2014-06-11 04:00:00,77.69,77.77349
2019-09-25 15:00:00,77.78,77.58686
2018-05-06 20:00:00,77.44,77.66663
2015-06-06 09:00:00,77.74,77.76622
2017-04-07 15:00:00,77.24,77.425735
2014-03-04 22:00:00,77.19,77.19008
2015-04-01 16:00:00,77.23,77.33715
2020-03-03 11:00:00,77.33,77.18492
2018-09-16 01:00:00,77.61,77.81554
2016-08-20 08:00:00,78.02,78.04162
2014-10-10 18:00:00,77.35,77.51667
2019-05-17 14:00:00,77.21,77.31003
2019-09-24 17:00:00,77.89,77.62141
2019-03-18 17:00:00,77.13,77.1734
2017-06-03 14:00:00,77.65,77.735435
2020-08-09 13:00:00,78.63,78.110466
2017-03-01 00:00:00,77.24,77.19395
2019-01-27 11:00:00,77.07,77.161766
2019-08-11 13:00:00,77.95,77.962265
2015-10-12 07:00:00,77.48,77.48264
2015-06-30 10:00:00,77.69,77.72837
2016-12-11 05:00:00,77.25,77.19012
2017-02-08 14:00:00,77.14,77.156105
2019-06-17 19:00:00,77.73,77.77445
2014-10-01 23:00:00,77.58,77.60538
2017-03-03 04:00:00,77.24,77.23441
2014-01-24 10:00:00,77.24,77.15476
2020-07-05 10:00:00,77.58,77.79399
2020-12-21 02:00:00,77.11,77.21409
2014-12-20 15:00:00,77.49,77.26952
2016-01-19 13:00:00,77.29,77.23001
2017-12-26 23:00:00,77.14,77.27949
2019-03-03 15:00:00,77.15,77.23682
2016-09-25 04:00:00,77.66,77.68326
2017-11-03 14:00:00,77.23,77.37809
2020-06-07 01:00:00,77.66,77.74003
2020-04-18 05:00:00,77.21,77.25167
2017-12-08 21:00:00,77.13,77.111336
2018-02-11 06:00:00,77.07,77.2692
2018-05-05 18:00:00,77.47,77.6955
2017-07-01 16:00:00,77.89,77.83775
2019-10-28 06:00:00,77.26,77.288994
2020-05-28 09:00:00,77.65,77.515396
2019-09-22 22:00:00,78.12,78.02273
2018-10-26 22:00:00,77.33,77.395134
2018-04-25 16:00:00,77.82,77.607765
2015-02-24 01:00:00,77.21,77.143745
2019-04-12 09:00:00,77.44,77.355316
2015-07-01 02:00:00,77.76,77.74681
2016-02-05 00:00:00,77.48,77.285995
2018-08-10 17:00:00,77.9,77.938446
2019-10-29 04:00:00,77.25,77.29668
2015-10-15 19:00:00,77.4,77.518196
2018-10-20 02:00:00,77.39,77.402855
2018-09-04 10:00:00,78.1,78.19356
2017-06-05 13:00:00,77.73,77.72768
2017-11-11 09:00:00,77.2,77.32805
2014-03-20 23:00:00,77.39,77.29066
2014-11-10 00:00:00,77.36,77.3097
2020-12-18 21:00:00,77.13,77.16877
2018-07-29 13:00:00,77.93,77.92496
2014-02-08 05:00:00,77.21,77.15882
2016-06-16 19:00:00,77.78,77.765854
2018-03-01 01:00:00,77.2,77.255844
2020-05-28 07:00:00,77.65,77.45939
2020-06-07 14:00:00,77.8,77.837585
2017-08-04 16:00:00,77.95,77.92049
2017-07-01 12:00:00,77.9,77.833984
2015-11-21 01:00:00,77.73,77.50674
2020-09-29 05:00:00,77.62,77.44154
2019-01-31 03:00:00,77.07,77.14437
2017-10-04 11:00:00,77.67,77.67364
2019-07-08 09:00:00,77.51,77.787994
2018-08-18 15:00:00,77.91,77.77716
2014-03-01 15:00:00,77.16,77.328125
2016-10-09 06:00:00,78.22,77.74765
2019-12-21 21:00:00,77.12,77.20964
2019-12-29 11:00:00,77.09,77.192085
2015-09-14 08:00:00,77.73,77.62351
2018-03-13 06:00:00,77.56,77.337975
2017-01-31 11:00:00,77.18,77.200264
2016-01-08 22:00:00,77.34,77.335014
2016-02-07 11:00:00,77.41,77.270584
2019-02-26 13:00:00,77.15,77.16002
2015-01-05 15:00:00,77.34,77.218445
2017-08-15 04:00:00,78.14,78.12427
2020-04-19 14:00:00,77.14,77.216606
2020-07-30 20:00:00,78.4,77.95838
2016-11-10 03:00:00,77.45,77.29078
2017-09-06 20:00:00,77.88,77.941345
2015-10-07 18:00:00,77.56,77.493164
2015-11-15 18:00:00,77.65,77.578995
2016-09-06 04:00:00,77.8,77.919685
2016-07-21 13:00:00,77.55,77.827484
2016-04-01 06:00:00,77.28,77.27848
2019-03-14 14:00:00,77.13,77.16151
2019-07-20 06:00:00,77.89,77.92053
2019-03-15 11:00:00,77.13,77.14003
2018-04-07 05:00:00,77.71,77.499084
2015-05-24 06:00:00,77.8,77.72946
2018-12-13 23:00:00,77.24,77.257416
2020-05-22 22:00:00,77.7,77.371254
2015-08-28 20:00:00,77.8,77.86119
2018-11-30 02:00:00,77.21,77.2366
2019-07-15 03:00:00,77.74,77.81515
2015-11-28 04:00:00,77.73,77.50127
2019-01-15 14:00:00,77.12,77.17586
2018-12-20 16:00:00,77.2,77.38805
2014-03-25 02:00:00,77.33,77.26803
2014-03-07 05:00:00,77.16,77.2162
2018-07-16 12:00:00,77.55,77.841125
2018-08-25 08:00:00,78.1,77.981834
2020-05-02 14:00:00,77.12,77.323524
2017-08-02 00:00:00,78.02,77.87122
2015-12-08 12:00:00,77.66,77.41912
2020-02-05 12:00:00,77.22,77.16265
2016-01-29 10:00:00,77.37,77.23046
2019-08-21 10:00:00,77.84,77.94252
2015-06-02 19:00:00,77.73,77.751076
2018-07-29 16:00:00,77.92,77.927315
2015-02-06 05:00:00,77.26,77.17688
2019-04-10 23:00:00,77.47,77.38125
2015-08-27 06:00:00,77.88,77.802475
2019-11-05 14:00:00,77.22,77.32033
2019-08-09 00:00:00,77.87,77.866394
2015-01-05 07:00:00,77.35,77.219826
2019-04-28 17:00:00,77.36,77.332016
2020-07-25 05:00:00,78.08,77.877785
2016-05-29 16:00:00,77.89,77.75748
2014-12-21 00:00:00,77.51,77.299644
2015-01-17 16:00:00,77.29,77.17468
2017-02-08 00:00:00,77.14,77.17297
2019-02-16 10:00:00,77.09,77.165184
2014-09-21 05:00:00,77.72,77.57762
2016-05-11 05:00:00,77.73,77.6614
2019-03-26 10:00:00,77.14,77.20153
2019-02-27 23:00:00,77.16,77.2306
2017-05-03 19:00:00,77.18,77.383644
2018-08-03 15:00:00,77.91,77.89452
2015-12-23 18:00:00,77.58,77.64939
2019-12-22 05:00:00,77.13,77.186356
2020-05-20 13:00:00,77.71,77.33008
2018-02-06 02:00:00,77.04,77.20591
2020-03-01 06:00:00,77.36,77.21633
2014-05-28 18:00:00,77.83,77.7495
2018-11-07 21:00:00,77.26,77.33838
2014-03-15 14:00:00,77.5,77.324776
2016-05-16 10:00:00,77.61,77.7322
2019-09-09 00:00:00,77.84,77.88989
2015-01-11 22:00:00,77.34,77.17014
2017-06-11 23:00:00,77.87,77.81746
2019-12-01 20:00:00,77.17,77.21781
2014-10-14 08:00:00,77.32,77.485306
2020-02-06 14:00:00,77.21,77.16574
2017-05-09 14:00:00,77.27,77.36209
2016-01-21 23:00:00,77.28,77.20252
2016-03-04 09:00:00,77.29,77.386086
2016-10-02 02:00:00,77.8,77.71062
2017-06-26 23:00:00,77.88,77.82335
2019-12-06 08:00:00,77.14,77.193726
2020-04-17 00:00:00,77.16,77.20139
2014-09-05 23:00:00,77.57,77.76957
2016-08-10 04:00:00,78.09,77.94866
2015-04-08 22:00:00,77.5,77.36289
2014-08-01 21:00:00,77.78,77.85311
2018-01-11 19:00:00,77.08,77.2983
2014-08-22 15:00:00,77.96,77.86409
2019-10-18 22:00:00,77.34,77.5238
2020-08-14 16:00:00,78.09,77.91053
2018-12-21 13:00:00,77.2,77.29175
2016-03-08 17:00:00,77.72,77.514244
2016-04-28 12:00:00,77.85,77.63575
2014-07-09 15:00:00,77.67,77.81299
2014-08-06 05:00:00,77.95,77.913025
2017-02-08 03:00:00,77.15,77.17717
2020-12-18 22:00:00,77.13,77.17555
2014-03-06 16:00:00,77.16,77.16768
2020-10-12 03:00:00,77.47,77.501205
2015-08-01 03:00:00,77.97,77.95068
2020-04-03 08:00:00,77.12,77.165375
2016-02-11 07:00:00,77.34,77.23964
2019-08-13 08:00:00,77.91,77.97234
2016-01-13 07:00:00,77.32,77.19358
2019-03-16 23:00:00,77.12,77.19273
2017-07-22 12:00:00,77.82,77.89552
2018-07-22 11:00:00,77.98,77.9014
2014-04-08 16:00:00,77.19,77.30987
2020-06-10 16:00:00,77.66,77.745384
2015-09-15 09:00:00,77.73,77.54522
2017-09-02 09:00:00,77.8,77.68934
2016-11-23 20:00:00,77.3,77.199165
2014-11-05 07:00:00,77.43,77.247086
2014-08-31 04:00:00,77.76,77.74602
2015-01-14 21:00:00,77.32,77.20731
2018-04-22 23:00:00,77.47,77.51451
2020-04-20 12:00:00,77.27,77.33636
2014-08-11 03:00:00,77.89,77.85217
2018-02-10 22:00:00,77.05,77.31176
2019-10-20 19:00:00,77.32,77.508316
2017-06-11 19:00:00,77.87,77.78647
2014-11-26 12:00:00,77.77,77.38394
2015-12-22 03:00:00,77.6,77.53283
2015-12-12 21:00:00,77.78,77.68914
2017-12-19 11:00:00,77.1,77.33044
2014-10-12 06:00:00,77.33,77.461174
2016-03-29 06:00:00,77.3,77.23625
2017-07-13 06:00:00,77.68,77.845634
2020-11-06 10:00:00,77.32,77.329185
2018-06-24 06:00:00,77.78,77.783195
2016-07-08 22:00:00,77.96,77.849525
2017-06-03 06:00:00,77.74,77.72389
2019-06-06 06:00:00,77.66,77.68787
2016-09-14 12:00:00,77.83,77.807335
2018-07-25 23:00:00,77.95,77.89384
2018-04-15 15:00:00,77.53,77.55811
2015-01-06 03:00:00,77.37,77.221466
2014-12-01 15:00:00,77.7,77.3961
2017-06-15 00:00:00,77.8,77.75844
2016-06-28 08:00:00,77.79,77.77271
2020-07-19 02:00:00,77.67,77.80055
2020-12-26 21:00:00,77.1,77.28428
2017-02-13 02:00:00,77.11,77.20178
2015-10-10 03:00:00,77.48,77.411896
2016-08-19 08:00:00,78.01,78.00876
2014-12-01 14:00:00,77.7,77.34768
2014-01-13 03:00:00,77.25,77.15716
2014-04-12 11:00:00,77.21,77.3327
2020-11-04 22:00:00,77.33,77.27589
2015-05-16 10:00:00,77.49,77.64955
2017-03-14 19:00:00,77.13,77.19873
2014-03-28 14:00:00,77.55,77.372375
2020-01-22 01:00:00,77.17,77.197266
2015-01-18 15:00:00,77.28,77.13914
2015-07-10 05:00:00,78.02,77.76293
2015-10-24 21:00:00,77.29,77.44082
2015-05-19 20:00:00,77.7,77.669716
2015-03-14 17:00:00,77.21,77.233444
2017-05-17 12:00:00,77.39,77.50711
2015-07-08 14:00:00,77.76,77.81658
2017-01-10 15:00:00,77.22,77.19028
2014-03-29 13:00:00,77.54,77.36684
2014-09-10 14:00:00,77.8,77.78192
2019-07-26 01:00:00,77.83,77.90479
2019-03-02 08:00:00,77.15,77.17168
2015-01-08 11:00:00,77.38,77.18706
2018-08-07 06:00:00,77.9,77.9719
2020-07-26 14:00:00,77.99,77.84461
2014-07-10 14:00:00,77.52,77.87662
2015-02-12 17:00:00,77.17,77.15039
2017-05-20 22:00:00,77.66,77.56867
2018-04-25 10:00:00,77.83,77.61291
2018-06-16 07:00:00,77.73,77.76658
2020-08-06 17:00:00,78.23,78.116745
2020-10-15 15:00:00,77.44,77.41718
2016-12-16 16:00:00,77.22,77.19973
2016-08-15 09:00:00,78.07,78.06503
2017-03-15 18:00:00,77.13,77.19506
2015-01-14 15:00:00,77.32,77.20983
2017-12-23 09:00:00,77.1,77.26289
2020-09-21 21:00:00,77.7,77.50415
2016-08-01 13:00:00,78.04,77.95673
2019-10-20 02:00:00,77.32,77.56438
2018-07-29 03:00:00,77.94,77.91078
2017-10-04 06:00:00,77.68,77.708435
2019-08-10 11:00:00,77.93,77.854805
2019-08-09 10:00:00,77.9,77.91951
2020-09-10 23:00:00,77.91,78.02501
2020-05-04 10:00:00,77.18,77.37736
2019-06-30 17:00:00,77.99,78.11018
2018-08-18 10:00:00,77.9,77.85501
2015-08-07 10:00:00,77.97,77.93015
2020-03-11 16:00:00,77.33,77.167435
2015-10-04 18:00:00,77.72,77.60375
2015-11-22 05:00:00,77.7,77.472755
2020-09-13 10:00:00,77.86,77.68731
2020-02-02 01:00:00,77.25,77.16505
2020-03-03 16:00:00,77.33,77.21491
2016-02-16 22:00:00,77.43,77.245125
2019-03-19 21:00:00,77.12,77.18526
2017-04-03 18:00:00,77.14,77.244316
2016-02-04 07:00:00,77.51,77.304596
2017-11-11 03:00:00,77.2,77.253296
2018-05-25 09:00:00,77.89,77.77277
2017-01-28 06:00:00,77.15,77.18374
2019-10-19 03:00:00,77.34,77.52509
2019-12-31 09:00:00,77.12,77.213394
2018-01-27 20:00:00,77.14,77.145355
2015-06-21 16:00:00,77.91,78.12309
2020-09-16 06:00:00,77.83,77.80938
2014-10-16 23:00:00,77.29,77.33489
2018-12-12 19:00:00,77.25,77.29645
2020-02-09 10:00:00,77.18,77.18095
2015-04-18 20:00:00,77.36,77.22546
2015-01-13 04:00:00,77.33,77.19343
2018-02-18 02:00:00,77.12,77.23516
2020-07-06 18:00:00,77.53,77.78287
2019-07-29 21:00:00,77.97,77.861465
2014-08-04 22:00:00,78.05,78.06414
2017-10-09 00:00:00,77.49,77.594864
2019-12-27 21:00:00,77.09,77.218994
2014-12-17 07:00:00,77.49,77.29268
2016-01-21 13:00:00,77.29,77.20483
2017-10-29 13:00:00,77.27,77.44185
2020-02-25 06:00:00,77.29,77.19909
2016-09-16 13:00:00,77.7,77.86021
2017-06-14 23:00:00,77.8,77.76181
2020-10-09 02:00:00,77.48,77.39501
2016-02-23 12:00:00,77.34,77.36479
2017-02-16 22:00:00,77.08,77.202965
2014-03-08 22:00:00,77.16,77.164
2020-05-20 17:00:00,77.71,77.32244
2018-12-20 13:00:00,77.2,77.36793
2014-11-19 12:00:00,77.26,77.21419
2016-08-20 14:00:00,78.02,78.01689
2014-04-06 17:00:00,77.29,77.19147
2018-08-17 08:00:00,77.91,77.923225
2017-01-19 07:00:00,77.17,77.18521
2015-07-02 20:00:00,77.68,77.73273
2015-03-27 17:00:00,77.28,77.22753
2016-02-07 06:00:00,77.42,77.245766
2015-05-29 10:00:00,77.73,77.74996
2017-02-24 17:00:00,77.32,77.17968
2017-03-09 08:00:00,77.18,77.19309
2017-09-12 01:00:00,78.18,78.12853
2016-05-18 17:00:00,77.64,77.6594
2019-03-23 05:00:00,77.16,77.16794
2020-10-31 19:00:00,77.34,77.32971
2015-06-16 02:00:00,77.81,77.76909
2016-04-08 15:00:00,77.74,77.39982
2014-08-06 15:00:00,77.9,77.90408
2019-02-06 21:00:00,77.2,77.214294
2018-04-10 01:00:00,77.62,77.555046
2016-08-08 08:00:00,78.09,78.00306
2018-12-29 16:00:00,77.14,77.19189
2020-01-08 04:00:00,77.35,77.272804
2014-10-09 22:00:00,77.36,77.442825
2017-02-27 13:00:00,77.27,77.25216
2018-08-02 01:00:00,77.88,77.87505
2017-05-13 17:00:00,77.35,77.5152
2016-08-14 13:00:00,78.08,78.02299
2015-06-23 03:00:00,77.81,77.78731
2015-09-08 14:00:00,77.8,77.675186
2017-07-17 02:00:00,78.25,77.85108
2015-12-14 16:00:00,77.72,77.635635
2019-01-16 02:00:00,77.12,77.175545
2016-08-29 19:00:00,77.94,77.81914
2020-10-26 18:00:00,77.38,77.38996
2019-09-07 21:00:00,77.92,78.14458
2017-06-01 09:00:00,77.86,77.82809
2020-06-24 07:00:00,77.66,77.77925
2020-07-13 21:00:00,78.3,78.03665
2014-07-26 15:00:00,77.79,77.93585
2020-03-12 21:00:00,77.3,77.18454
2017-12-19 00:00:00,77.1,77.34514
2014-03-18 22:00:00,77.42,77.40678
2014-03-29 19:00:00,77.54,77.43075
2020-06-24 22:00:00,77.65,77.835526
2020-12-31 07:00:00,77.17,77.261566
2016-06-06 01:00:00,77.83,77.751335
2017-12-12 11:00:00,77.12,77.20684
2018-03-30 19:00:00,77.5,77.71785
2020-08-06 23:00:00,78.22,78.08628
2015-02-21 09:00:00,77.17,77.15235
2017-05-03 17:00:00,77.19,77.36371
2020-09-27 17:00:00,77.64,77.56359
2020-01-07 13:00:00,77.24,77.20066
2015-05-10 13:00:00,77.52,77.6272
2020-07-12 18:00:00,77.75,77.88433
2015-02-23 09:00:00,77.2,77.160484
2020-02-17 21:00:00,77.24,77.17472
2019-08-31 12:00:00,77.76,77.70191
2018-10-26 07:00:00,77.33,77.33647
2017-07-19 14:00:00,78.08,77.88055
2017-02-04 00:00:00,77.14,77.18063
2015-01-03 19:00:00,77.36,77.18964
2015-06-25 02:00:00,77.76,77.74529
2014-12-13 06:00:00,77.48,77.32048
2017-09-27 05:00:00,77.35,77.71783
2020-12-29 12:00:00,77.15,77.43534
2019-01-20 03:00:00,77.11,77.13887
2018-06-02 04:00:00,77.77,77.76695
2020-12-31 14:00:00,77.16,77.25563
2014-12-31 06:00:00,77.42,77.2037
2017-06-09 12:00:00,77.7,77.732376
2019-05-16 22:00:00,77.2,77.33222
2017-03-23 12:00:00,77.14,77.25073
2017-06-02 19:00:00,77.76,77.70209
2020-11-04 00:00:00,77.36,77.29136
2020-09-02 01:00:00,77.82,77.88661
2015-10-25 16:00:00,77.3,77.42187
2019-12-18 14:00:00,77.15,77.27148
2016-11-17 09:00:00,77.33,77.30213
2015-12-16 15:00:00,77.66,77.3192
2017-06-30 09:00:00,77.86,77.81532
2017-08-22 16:00:00,78.21,78.14401
2018-04-30 19:00:00,77.67,77.69155
2015-10-20 03:00:00,77.34,77.39573
2016-12-23 21:00:00,77.35,77.32485
2016-04-30 00:00:00,77.88,77.644966
2017-09-20 18:00:00,77.55,77.70955
2014-05-03 05:00:00,77.54,77.55805
2016-02-03 02:00:00,77.57,77.283806
2018-01-23 17:00:00,77.22,77.26749
2018-10-20 06:00:00,77.39,77.3788
2014-07-28 21:00:00,77.75,77.78034
2020-11-16 22:00:00,77.26,77.313644
2015-12-13 18:00:00,77.74,77.60141
2016-07-26 04:00:00,77.72,77.91727
2015-06-30 05:00:00,77.69,77.72953
2019-08-25 02:00:00,77.91,77.78176
2015-05-17 01:00:00,77.48,77.66993
2018-09-21 22:00:00,77.61,77.84737
2016-11-22 08:00:00,77.32,77.31486
2017-08-03 09:00:00,78.01,77.90741
2020-06-18 06:00:00,77.69,77.775604
2016-05-13 10:00:00,77.56,77.69619
2014-03-10 23:00:00,77.14,77.30423
2017-03-30 15:00:00,77.17,77.37249
2018-01-20 07:00:00,77.3,77.23794
2019-07-01 08:00:00,77.88,77.8109
2017-12-22 05:00:00,77.11,77.2304
2015-02-11 13:00:00,77.19,77.1634
2017-07-02 14:00:00,77.84,77.89669
2020-11-30 06:00:00,77.21,77.30682
2014-09-16 17:00:00,77.76,77.807335
2014-09-16 07:00:00,77.77,77.75042
2015-06-22 08:00:00,77.86,77.77554
2015-05-29 14:00:00,77.74,77.755745
2018-08-14 11:00:00,77.95,77.96713
2019-09-08 12:00:00,77.89,77.92357
2018-12-01 10:00:00,77.21,77.2608
2015-05-10 09:00:00,77.52,77.62099
2017-03-13 14:00:00,77.15,77.26351
2019-01-22 12:00:00,77.1,77.16953
2017-10-01 09:00:00,77.33,77.44696
2018-04-11 15:00:00,77.57,77.584984
2015-04-07 16:00:00,77.5,77.40502
2018-09-24 00:00:00,77.55,77.62761
2019-01-29 05:00:00,77.07,77.15939
2017-01-15 18:00:00,77.19,77.15608
2018-11-18 13:00:00,77.27,77.2091
2016-05-31 04:00:00,77.81,77.76849
2020-10-28 21:00:00,77.36,77.35104
2017-09-02 03:00:00,77.78,77.72318
2015-07-04 16:00:00,77.6,77.674835
2019-11-05 01:00:00,77.22,77.36037
2014-06-13 11:00:00,77.78,77.76105
2014-09-03 03:00:00,77.75,77.76308
2017-11-18 04:00:00,77.18,77.23642
2019-07-29 04:00:00,78.09,77.91454
2020-07-23 17:00:00,77.93,77.99991
2017-09-21 13:00:00,77.5,77.56456
2015-06-24 15:00:00,77.77,77.746346
2020-01-26 12:00:00,77.18,77.22516
2018-06-14 06:00:00,77.8,77.80086
2020-03-04 20:00:00,77.3,77.1625
2018-06-07 04:00:00,77.78,77.78739
2019-11-15 18:00:00,77.18,77.23872
2019-12-20 00:00:00,77.14,77.20503
2018-03-27 02:00:00,77.66,77.629036
2014-08-19 19:00:00,78.24,77.90291
2020-10-20 11:00:00,77.4,77.36388
2016-02-14 04:00:00,77.42,77.316246
2015-04-20 20:00:00,77.49,77.47282
2014-09-06 23:00:00,77.7,77.7855
2018-08-12 14:00:00,77.92,77.91246
2018-08-18 05:00:00,77.89,77.825676
2019-11-07 23:00:00,77.2,77.30377
2018-09-30 23:00:00,77.42,77.590164
2014-10-03 08:00:00,77.53,77.61881
2016-02-24 02:00:00,77.34,77.3172
2020-01-01 21:00:00,77.1,77.171104
2017-10-16 12:00:00,77.42,77.51703
2016-04-21 06:00:00,77.55,77.50274
2016-03-30 23:00:00,77.28,77.31694
2018-07-11 19:00:00,77.59,77.82742
2016-06-30 08:00:00,77.76,77.80086
2016-09-06 18:00:00,77.79,77.90806
2018-12-20 11:00:00,77.2,77.317055
2016-09-28 09:00:00,77.55,77.93903
2017-06-24 18:00:00,77.89,77.79208
2019-02-10 18:00:00,77.14,77.174736
2020-06-30 00:00:00,77.7,77.907036
2015-08-30 09:00:00,77.72,77.85509
2017-09-03 16:00:00,77.86,77.69645
2018-06-11 21:00:00,77.82,77.821815
2020-10-01 14:00:00,77.62,77.64735
2014-07-02 09:00:00,77.69,77.77291
2015-04-22 12:00:00,77.46,77.29996
2020-07-16 07:00:00,77.92,77.804825
2015-04-16 02:00:00,77.4,77.28894
2020-04-14 01:00:00,77.16,77.205055
2019-01-08 03:00:00,77.13,77.17811
2019-10-26 21:00:00,77.27,77.501396
2020-09-02 02:00:00,77.82,77.87757
2017-06-28 07:00:00,77.9,77.8081
2015-08-19 06:00:00,77.91,77.842125
2019-01-13 07:00:00,77.15,77.181
2015-10-08 11:00:00,77.53,77.53317
2018-02-12 11:00:00,77.07,77.2916
2015-09-14 11:00:00,77.74,77.66535
2014-11-10 18:00:00,77.35,77.28197
2014-11-04 18:00:00,77.44,77.279015
2016-01-29 14:00:00,77.42,77.27173
2019-10-13 02:00:00,77.45,77.58019
2019-11-07 11:00:00,77.21,77.30252
2017-05-04 18:00:00,77.17,77.417755
2020-08-28 07:00:00,77.99,77.95609
2019-08-04 06:00:00,77.69,77.85116
2016-01-05 02:00:00,77.39,77.43241
2014-10-31 13:00:00,77.4,77.30535
2014-12-21 10:00:00,77.52,77.26878
2017-12-04 07:00:00,77.14,77.203445
2016-04-25 09:00:00,77.58,77.541245
2016-01-03 09:00:00,77.42,77.3284
2020-09-16 22:00:00,77.81,77.83747
2017-09-28 00:00:00,77.37,77.868866
2016-09-27 20:00:00,77.56,77.88048
2014-05-21 02:00:00,77.76,77.70875
2014-06-28 19:00:00,77.72,77.76816
2015-03-26 04:00:00,77.29,77.21126
2016-04-22 20:00:00,77.62,77.5038
2016-09-04 11:00:00,77.8,77.98577
2015-02-03 18:00:00,77.22,77.15345
2020-12-10 03:00:00,77.17,77.03614
2014-08-17 21:00:00,77.86,77.854645
2019-01-22 19:00:00,77.09,77.15688
2014-07-05 18:00:00,77.77,77.77087
2019-01-30 17:00:00,77.07,77.15293
2018-08-13 15:00:00,77.94,77.9132
2020-04-20 23:00:00,77.26,77.21751
2015-04-22 08:00:00,77.46,77.311646
2019-05-07 02:00:00,77.32,77.228165
2019-06-13 18:00:00,77.71,77.740074
2020-03-22 21:00:00,77.2,77.16477
2017-08-11 13:00:00,78.02,77.89987
2016-09-05 02:00:00,77.8,77.94828
2017-02-18 07:00:00,77.08,77.182846
2014-06-09 16:00:00,77.65,77.774284
2015-03-13 17:00:00,77.17,77.13958
2019-09-04 01:00:00,77.79,77.8584
2019-03-11 04:00:00,77.17,77.1968
2015-11-01 03:00:00,77.32,77.26552
2014-12-30 18:00:00,77.42,77.17447
2014-03-21 10:00:00,77.38,77.2924
2014-07-06 06:00:00,77.75,77.766685
2016-02-06 15:00:00,77.44,77.23285
2014-01-22 16:00:00,77.25,77.15487
2020-01-28 19:00:00,77.22,77.27786
2016-12-21 19:00:00,77.24,77.32043
2016-11-18 13:00:00,77.33,77.26192
2018-02-21 05:00:00,77.12,77.19381
2014-02-08 12:00:00,77.2,77.16774
2017-06-12 15:00:00,77.78,77.7776
2020-10-09 07:00:00,77.48,77.38942
2014-11-06 03:00:00,77.42,77.29346
2019-06-13 11:00:00,77.71,77.72212
2016-07-07 13:00:00,78.01,77.8757
2017-10-30 18:00:00,77.25,77.33065
2015-08-12 05:00:00,78.04,77.91531
2017-10-08 10:00:00,77.51,77.57869
2015-05-07 02:00:00,77.5,77.556
2020-05-08 12:00:00,77.3,77.21229
2020-07-21 12:00:00,77.6,77.93347
2020-03-14 01:00:00,77.29,77.15606
2016-07-02 00:00:00,77.91,77.9939
2016-07-20 08:00:00,77.58,77.85786
2018-04-06 22:00:00,77.68,77.45674
2019-06-24 00:00:00,77.92,77.837814
2020-11-03 09:00:00,77.38,77.27968
2014-08-04 10:00:00,78.11,77.931816
2020-11-15 20:00:00,77.27,77.32093
2020-11-25 11:00:00,77.28,77.24704
2019-06-28 12:00:00,77.82,77.81349
2020-02-14 22:00:00,77.17,77.20741
2018-04-30 06:00:00,77.68,77.63887
2017-12-06 06:00:00,77.14,77.10937
2014-10-02 11:00:00,77.57,77.61296
2016-01-11 09:00:00,77.33,77.25928
2015-12-24 04:00:00,77.58,77.6848
2019-08-22 20:00:00,78.17,78.05867
2020-12-21 00:00:00,77.12,77.200645
2016-03-03 14:00:00,77.29,77.27954
2020-01-17 19:00:00,77.23,77.15544
2015-05-09 23:00:00,77.52,77.62404
2019-10-31 16:00:00,77.23,77.31753
2015-10-22 16:00:00,77.33,77.43438
2014-10-16 03:00:00,77.3,77.37177
2017-09-25 20:00:00,77.33,77.75764
2019-02-06 16:00:00,77.21,77.18774
2014-10-18 04:00:00,77.29,77.31245
2016-03-16 05:00:00,77.45,77.53331
2018-08-21 20:00:00,77.91,77.91426
2017-12-10 18:00:00,77.12,77.386375
2017-03-11 01:00:00,77.15,77.20505
2018-05-27 16:00:00,77.88,77.80778
2018-08-26 00:00:00,78.0,77.8458
2017-01-23 19:00:00,77.15,77.20957
2020-05-04 07:00:00,77.21,77.373985
2016-02-08 12:00:00,77.39,77.24723
2015-11-29 08:00:00,77.77,77.43225
2014-03-11 11:00:00,77.14,77.2444
2014-06-27 21:00:00,77.73,77.747154
2019-11-02 11:00:00,77.23,77.38929
2018-01-20 21:00:00,77.28,77.27019
2015-04-29 04:00:00,77.39,77.4247
2017-07-29 23:00:00,77.7,77.91513
2015-03-06 18:00:00,77.19,77.141235
2020-01-24 18:00:00,77.19,77.21846
2020-08-09 15:00:00,78.59,78.099205
2016-06-11 16:00:00,77.83,77.75127
2020-07-22 18:00:00,77.7,77.89293
2020-08-22 06:00:00,77.95,77.87507
2019-07-10 20:00:00,77.52,77.85658
2015-11-03 14:00:00,77.29,77.338646
2018-08-10 04:00:00,77.88,77.922035
2015-05-31 19:00:00,77.74,77.78231
2014-05-10 08:00:00,77.46,77.57411
2020-07-23 04:00:00,77.76,77.8725
2016-03-20 04:00:00,77.4,77.50339
2017-06-08 12:00:00,77.68,77.78148
2015-04-08 18:00:00,77.5,77.364395
2019-01-24 23:00:00,77.08,77.17162
2014-10-24 06:00:00,77.66,77.343735
2020-10-05 12:00:00,77.55,77.42418
2019-11-11 06:00:00,77.22,77.30078
2014-02-21 22:00:00,77.15,77.25734
2015-08-06 23:00:00,77.96,77.958786
2019-09-18 13:00:00,77.38,77.66856
2016-04-16 17:00:00,77.46,77.33769
2015-03-30 17:00:00,77.25,77.21466
2017-05-02 01:00:00,77.15,77.42824
2017-07-17 15:00:00,78.18,77.87841
2014-02-03 21:00:00,77.23,77.162834
2016-01-17 05:00:00,77.29,77.21145
2020-01-20 03:00:00,77.2,77.18579
2018-05-23 17:00:00,77.97,77.83619
2019-07-24 12:00:00,77.93,77.85789
2019-02-11 14:00:00,77.13,77.20394
2020-12-12 23:00:00,77.16,77.02973
2014-09-29 08:00:00,77.71,77.713264
2015-12-12 06:00:00,77.79,77.722595
2020-12-04 22:00:00,77.19,77.16268
2017-02-14 07:00:00,77.1,77.2006
2016-02-14 03:00:00,77.42,77.324196
2020-02-27 17:00:00,77.37,77.2275
2020-05-30 21:00:00,77.63,77.58621
2016-12-25 09:00:00,77.32,77.208984
2020-09-19 11:00:00,77.75,77.60586
2020-10-13 21:00:00,77.44,77.408516
2017-12-20 05:00:00,77.12,77.26406
2015-05-10 01:00:00,77.53,77.61824
2018-03-05 13:00:00,77.32,77.43835
2018-01-19 09:00:00,77.32,77.374664
2015-10-10 04:00:00,77.48,77.395996
2016-12-30 03:00:00,77.36,77.23865
2014-06-15 18:00:00,77.64,77.7401
2015-11-06 02:00:00,77.28,77.344025
2014-10-22 07:00:00,77.52,77.59826
2020-03-17 12:00:00,77.24,77.13793
2019-12-18 10:00:00,77.15,77.29488
2020-05-08 02:00:00,77.25,77.21329
2015-05-28 14:00:00,77.72,77.75801
2014-01-05 16:00:00,77.3,77.15308
2014-01-25 10:00:00,77.25,77.19073
2018-02-28 14:00:00,77.15,77.19681
2020-10-20 17:00:00,77.4,77.394646
2015-05-24 19:00:00,77.79,77.75447
2020-10-22 15:00:00,77.47,77.382095
2019-08-16 20:00:00,77.92,77.91513
2019-02-03 09:00:00,77.12,77.184326
2014-08-01 14:00:00,77.78,77.8567
2016-11-02 10:00:00,77.53,77.25157
2014-01-16 08:00:00,77.25,77.176796
2014-09-10 16:00:00,77.8,77.794685
2016-08-29 09:00:00,77.98,77.845024
2015-08-07 20:00:00,77.97,77.914474
2020-05-25 02:00:00,77.71,77.49028
2016-12-22 10:00:00,77.31,77.394104
2017-02-04 11:00:00,77.14,77.188484
2017-03-31 21:00:00,77.16,77.36443
2017-06-16 16:00:00,77.81,77.77597
2020-08-31 20:00:00,77.85,77.90657
2018-03-12 01:00:00,77.6,77.40912
2014-05-27 07:00:00,77.8,77.722534
2017-11-07 23:00:00,77.22,77.39616
2020-08-07 14:00:00,78.28,77.938614
2017-10-08 00:00:00,77.53,77.604614
2014-05-25 07:00:00,77.84,77.75602
2017-04-27 03:00:00,77.24,77.25453
2016-12-12 10:00:00,77.24,77.22609
2014-10-04 03:00:00,77.48,77.56835
2019-03-28 09:00:00,77.13,77.237946
2017-06-30 23:00:00,77.87,77.8233
2017-03-10 23:00:00,77.15,77.213715
2015-03-08 15:00:00,77.18,77.13987
2020-04-28 12:00:00,77.08,77.18155
2016-06-17 07:00:00,77.77,77.79153
2014-01-21 17:00:00,77.25,77.159424
2018-08-20 15:00:00,77.9,77.837135
2014-12-26 05:00:00,77.5,77.25687
2014-11-12 12:00:00,77.33,77.288
2017-07-01 07:00:00,77.9,77.830154
2015-11-05 20:00:00,77.28,77.3889
2015-10-14 00:00:00,77.44,77.447235
2015-01-20 16:00:00,77.27,77.166016
2018-11-09 14:00:00,77.37,77.40147
2015-12-25 10:00:00,77.56,77.32313
2016-03-13 06:00:00,77.53,77.431915
2020-11-21 06:00:00,77.39,77.2394
2014-04-22 11:00:00,77.35,77.241516
2020-02-29 16:00:00,77.37,77.281425
2018-06-06 12:00:00,77.79,77.79246
2014-05-11 00:00:00,77.46,77.54099
2020-07-04 16:00:00,77.61,77.89118
2014-07-15 10:00:00,77.67,77.84416
2020-02-27 09:00:00,77.36,77.217186
2015-09-10 19:00:00,77.66,77.6876
2016-04-23 17:00:00,77.61,77.51868
2018-06-05 20:00:00,77.79,77.804825
2014-04-06 18:00:00,77.29,77.18025
2016-06-21 15:00:00,77.85,77.807335
2017-01-30 11:00:00,77.17,77.21141
2015-04-16 10:00:00,77.39,77.34563
2016-02-17 14:00:00,77.43,77.30125
2020-12-31 01:00:00,77.17,77.30657
2019-04-06 22:00:00,77.15,77.26329
2018-11-28 12:00:00,77.22,77.23266
2018-08-21 04:00:00,77.91,77.870125
2019-02-19 07:00:00,77.1,77.20495
2018-04-11 22:00:00,77.55,77.57626
2020-01-05 08:00:00,77.09,77.182724
2017-01-21 23:00:00,77.16,77.19172
2015-01-18 00:00:00,77.28,77.18486
2016-08-06 06:00:00,77.92,77.92058
2017-12-28 17:00:00,77.1,77.256424
2017-12-25 01:00:00,77.16,77.630745
2017-06-15 12:00:00,77.89,77.74957
2019-04-02 20:00:00,76.97,77.1543
2018-07-19 21:00:00,77.79,77.864174
2015-02-15 03:00:00,77.17,77.17275
2019-08-26 20:00:00,77.78,77.77956
2015-04-20 08:00:00,77.46,77.4705
2020-05-28 11:00:00,77.65,77.502945
2017-04-02 09:00:00,77.15,77.26058
2014-08-20 15:00:00,78.13,77.899414
2018-03-29 20:00:00,77.54,77.72193
2014-11-19 21:00:00,77.25,77.245285
2018-04-11 11:00:00,77.57,77.663216
2014-06-11 00:00:00,77.64,77.77909
2020-07-24 07:00:00,78.11,77.96901
2016-11-29 23:00:00,77.28,77.25298
2019-10-17 12:00:00,77.37,77.43768
2014-06-25 02:00:00,77.93,77.785034
2014-09-01 12:00:00,77.75,77.71065
2018-12-30 13:00:00,77.13,77.198425
2016-07-27 22:00:00,77.82,77.92441
2018-08-20 21:00:00,77.9,77.846794
2014-11-01 14:00:00,77.48,77.39814
2020-09-01 04:00:00,77.84,77.86929
2020-02-18 16:00:00,77.25,77.16597
2017-11-24 04:00:00,77.15,77.23708
2014-05-15 18:00:00,77.53,77.59295
2020-05-08 10:00:00,77.28,77.23415
2019-01-23 16:00:00,77.09,77.14021
2017-10-08 16:00:00,77.51,77.65602
2019-04-18 22:00:00,77.39,77.41768
2017-05-11 14:00:00,77.35,77.45107
2016-04-11 01:00:00,77.59,77.475914
2019-02-12 09:00:00,77.11,77.18535
2017-12-06 11:00:00,77.13,77.28188
2014-07-15 17:00:00,77.69,77.8054
2019-06-13 21:00:00,77.7,77.74148
2016-04-15 21:00:00,77.42,77.38845
2017-08-04 22:00:00,77.94,77.91872
2018-05-18 03:00:00,77.57,77.68339
2018-09-18 11:00:00,77.59,77.76012
2017-08-10 21:00:00,78.05,77.92937
2019-01-12 06:00:00,77.13,77.15829
2014-06-03 20:00:00,77.8,77.79007
2020-08-27 16:00:00,78.01,78.18534
2020-04-03 13:00:00,77.12,77.18633
2015-08-31 22:00:00,77.84,77.87392
2015-09-04 13:00:00,78.04,77.89326
2014-04-02 22:00:00,77.35,77.3367
2017-05-25 16:00:00,77.7,77.67183
2015-02-19 23:00:00,77.17,77.182724
2014-08-12 22:00:00,77.83,77.92627
2014-07-10 07:00:00,77.63,77.8514
2017-10-15 21:00:00,77.43,77.48773
2018-07-08 18:00:00,77.62,77.81367
2017-01-09 07:00:00,77.25,77.26082
2017-06-18 17:00:00,77.83,77.78887
2014-07-21 22:00:00,78.03,77.88016
2014-05-02 23:00:00,77.55,77.55167
2017-03-04 10:00:00,77.22,77.19658
2014-03-18 10:00:00,77.44,77.4834
2015-12-04 20:00:00,77.75,77.48829
2020-10-23 17:00:00,77.43,77.364914
2015-03-09 14:00:00,77.18,77.1533
2019-05-09 11:00:00,77.34,77.23075
2019-02-18 22:00:00,77.08,77.19179
2016-07-20 01:00:00,77.59,77.8263
2017-10-05 08:00:00,77.62,77.613205
2014-09-18 12:00:00,77.74,77.572914
2019-12-12 21:00:00,77.09,77.26025
2015-02-26 04:00:00,77.2,77.18775
2016-09-08 02:00:00,77.82,77.856285
2014-10-22 20:00:00,77.66,77.436
2019-06-06 01:00:00,77.66,77.69408
2015-11-01 05:00:00,77.32,77.24927
2016-06-12 00:00:00,77.83,77.76922
2019-07-05 01:00:00,77.58,77.77356
2014-06-20 17:00:00,77.78,77.74574
2017-11-16 10:00:00,77.18,77.26635
2016-01-13 08:00:00,77.32,77.18857
2014-10-15 12:00:00,77.3,77.395294
2015-08-02 09:00:00,77.98,77.9478
2017-07-17 16:00:00,78.19,77.88316
2014-04-10 11:00:00,77.19,77.24551
2020-02-16 04:00:00,77.19,77.15452
2020-02-26 06:00:00,77.35,77.31845
2019-02-20 23:00:00,77.19,77.20796
2017-08-27 05:00:00,77.77,77.70411
2019-07-03 04:00:00,77.71,77.794556
2018-06-03 19:00:00,77.75,77.82165
2020-05-26 03:00:00,77.71,77.53343
2018-12-06 10:00:00,77.33,77.23189
2019-01-02 01:00:00,77.13,77.20855
2018-08-12 00:00:00,77.92,77.92139
2016-02-29 03:00:00,77.31,77.272934
2016-01-05 07:00:00,77.4,77.29585
2020-07-24 23:00:00,78.09,77.88003
2017-03-22 01:00:00,77.13,77.24028
2017-06-03 15:00:00,77.65,77.738434
2014-04-26 15:00:00,77.47,77.34092
2014-10-05 06:00:00,77.46,77.42671
2015-09-01 04:00:00,77.85,77.840675
2017-02-11 21:00:00,77.11,77.19877
2016-07-09 15:00:00,77.9,77.870094
2019-12-04 13:00:00,77.18,77.20779
2016-02-02 20:00:00,77.58,77.2753
2020-04-14 03:00:00,77.16,77.22168
2017-04-15 22:00:00,77.32,77.431206
2017-11-12 04:00:00,77.19,77.24029
2018-03-23 06:00:00,77.82,77.478775
2018-12-31 10:00:00,77.13,77.186905
2020-10-21 23:00:00,77.42,77.32012
2015-12-11 22:00:00,77.78,77.78479
2015-06-02 06:00:00,77.72,77.760376
2020-07-10 11:00:00,77.71,77.99138
2015-04-03 03:00:00,77.23,77.37462
2014-05-22 07:00:00,77.76,77.75388
2014-06-28 17:00:00,77.73,77.81611
2016-02-04 06:00:00,77.52,77.330826
2020-12-11 18:00:00,77.17,77.34382
2016-12-20 04:00:00,77.24,77.35038
2020-12-19 12:00:00,77.13,77.18343
2015-01-22 05:00:00,77.27,77.173416
2017-09-19 20:00:00,77.53,77.74563
2019-12-09 20:00:00,77.1,77.219376
2016-03-25 05:00:00,77.33,77.32737
2015-05-10 15:00:00,77.53,77.62429
2015-03-24 13:00:00,77.32,77.22055
2018-10-09 09:00:00,77.86,77.50999
2020-01-21 08:00:00,77.18,77.18694
2019-07-15 14:00:00,77.74,77.82283
2018-07-30 06:00:00,77.88,77.89731
2014-08-16 03:00:00,77.93,77.91092
2017-03-22 06:00:00,77.13,77.22326
2014-03-27 20:00:00,77.56,77.369514
2020-01-30 08:00:00,77.27,77.209435
2019-09-12 12:00:00,77.61,77.825615
2019-08-26 12:00:00,77.81,77.778725
2016-01-19 22:00:00,77.29,77.23154
2017-01-14 01:00:00,77.21,77.195526
2018-08-18 21:00:00,77.89,77.77431
2018-06-30 06:00:00,77.95,77.853226
2019-08-02 10:00:00,77.81,77.87685
2018-05-11 13:00:00,77.52,77.707535
2017-12-24 15:00:00,77.14,77.42425
2015-05-19 14:00:00,77.69,77.69274
2019-12-20 21:00:00,77.12,77.20482
2015-09-09 09:00:00,77.78,77.583954
2017-02-10 15:00:00,77.13,77.17898
2019-12-05 18:00:00,77.15,77.18737
2018-09-03 16:00:00,77.87,77.93345
2017-07-06 07:00:00,77.99,77.86368
2015-05-09 07:00:00,77.5,77.59064
2016-10-17 03:00:00,77.98,77.637276
2020-02-25 11:00:00,77.3,77.20514
2020-03-12 23:00:00,77.3,77.18479
2018-04-19 18:00:00,77.49,77.520134
2014-07-09 00:00:00,77.69,77.84304
2018-11-23 13:00:00,77.23,77.20972
2019-01-13 12:00:00,77.14,77.195175
2020-03-20 20:00:00,77.2,77.16847
2014-01-08 06:00:00,77.28,77.16388
2014-12-13 05:00:00,77.49,77.305984
2014-05-24 04:00:00,77.83,77.75395
2019-02-06 10:00:00,77.21,77.15933
2016-02-19 11:00:00,77.4,77.38079
2017-11-25 04:00:00,77.15,77.24293
2017-11-14 18:00:00,77.19,77.23403
2019-10-29 12:00:00,77.25,77.30052
2020-10-31 22:00:00,77.34,77.310104
2016-10-26 03:00:00,77.61,77.60221
2017-02-26 21:00:00,77.28,77.18803
2016-02-20 02:00:00,77.39,77.268295
2015-05-02 09:00:00,77.61,77.577644
2016-01-14 05:00:00,77.31,77.24389
2018-01-02 18:00:00,77.08,77.353584
2020-10-25 05:00:00,77.39,77.35653
2017-01-28 07:00:00,77.15,77.17986
2019-07-03 06:00:00,77.7,77.77079
2020-09-07 22:00:00,78.08,78.007126
2020-05-31 19:00:00,77.59,77.583176
2016-02-11 15:00:00,77.33,77.30906
2016-07-07 15:00:00,78.0,77.85033
2017-07-30 17:00:00,77.8,77.911934
2015-02-06 18:00:00,77.26,77.160286
2014-04-16 13:00:00,77.29,77.3122
2018-04-27 22:00:00,77.68,77.67712
2019-04-22 23:00:00,77.47,77.5211
2015-03-26 17:00:00,77.29,77.219955
2019-10-20 07:00:00,77.32,77.55335
2015-10-13 14:00:00,77.45,77.36628
2016-10-24 19:00:00,77.62,77.62128
2016-03-20 23:00:00,77.38,77.57834
2017-10-20 23:00:00,77.33,77.413155
2020-02-20 00:00:00,77.25,77.208534
2014-03-09 03:00:00,77.16,77.158516
2019-10-31 17:00:00,77.23,77.32391
2020-02-23 05:00:00,77.29,77.18923
2019-01-11 14:00:00,77.13,77.20885
2016-05-11 17:00:00,77.72,77.67633
2014-03-22 15:00:00,77.36,77.23347
2018-07-20 16:00:00,77.83,77.91351
2016-09-15 01:00:00,77.78,77.75185
2016-08-25 07:00:00,77.92,77.89214
2014-12-31 00:00:00,77.41,77.222725
2020-04-19 11:00:00,77.14,77.22185
2020-10-06 21:00:00,77.51,77.440414
2014-08-18 00:00:00,77.92,77.84323
2015-01-14 18:00:00,77.32,77.207825
2016-03-07 04:00:00,77.8,77.39156
2017-08-11 23:00:00,77.99,77.87174
2018-03-30 13:00:00,77.51,77.70141
2014-10-02 17:00:00,77.56,77.59731
2018-05-28 18:00:00,77.72,77.76754
2018-07-22 22:00:00,77.99,77.95355
2016-01-24 16:00:00,77.27,77.1854
2015-06-16 03:00:00,77.81,77.76177
2019-06-23 02:00:00,77.97,77.80515
2017-06-25 12:00:00,77.89,77.80136
2015-09-30 12:00:00,77.51,77.71863
2020-11-01 11:00:00,77.35,77.3496
2016-12-01 20:00:00,77.29,77.286705
2018-03-10 11:00:00,77.65,77.501144
2018-02-26 14:00:00,77.13,77.230934
2016-07-10 03:00:00,77.85,77.83128
2019-03-27 08:00:00,77.14,77.19398
2014-08-16 01:00:00,77.94,77.94559
2018-05-20 18:00:00,77.76,77.75031
2020-02-05 11:00:00,77.22,77.16925
2019-04-28 12:00:00,77.36,77.315865
2017-05-06 00:00:00,77.25,77.45267
2015-07-17 14:00:00,77.81,77.78051
2018-10-12 06:00:00,77.63,77.57866
2017-04-21 00:00:00,77.29,77.3153
2015-11-04 16:00:00,77.28,77.320274
2019-11-09 07:00:00,77.2,77.26625
2015-08-08 10:00:00,77.99,77.94302
2018-11-04 19:00:00,77.28,77.299416
2019-04-17 11:00:00,77.36,77.42248
2014-12-03 00:00:00,77.68,77.26469
2019-07-16 16:00:00,77.84,77.803856
2014-09-11 20:00:00,77.76,77.756424
2015-06-19 10:00:00,77.77,77.77284
2018-11-09 12:00:00,77.37,77.413
2020-12-09 22:00:00,77.17,76.97933
2019-08-13 01:00:00,77.93,78.10926
2015-02-12 19:00:00,77.17,77.138794
2016-06-08 10:00:00,77.81,77.74762
2015-04-26 21:00:00,77.34,77.35057
2015-10-22 02:00:00,77.33,77.45603
2017-06-04 06:00:00,77.76,77.75363
2014-08-19 23:00:00,78.21,77.921524
2014-04-02 17:00:00,77.37,77.29675
2019-04-05 11:00:00,77.08,77.18595
2014-08-21 13:00:00,78.06,78.13166
2016-10-25 16:00:00,77.61,77.660614
2018-07-04 22:00:00,77.97,77.877174
2019-09-22 20:00:00,78.11,78.00049
2015-02-06 02:00:00,77.25,77.19015
2017-04-20 17:00:00,77.26,77.28106
2018-10-25 09:00:00,77.34,77.319336
2018-10-18 04:00:00,77.43,77.41433
2014-02-09 10:00:00,77.21,77.16832
2020-04-15 23:00:00,77.16,77.234634
2015-01-13 12:00:00,77.33,77.18708
2020-12-02 15:00:00,77.2,77.29425
2020-12-14 19:00:00,77.17,77.039894
2016-08-04 09:00:00,78.07,77.93503
2018-04-07 03:00:00,77.7,77.55163
2015-09-02 22:00:00,78.06,77.885864
2019-07-05 02:00:00,77.58,77.770805
2018-06-14 10:00:00,77.8,77.81178
2014-01-15 12:00:00,77.25,77.173485
2020-08-25 01:00:00,77.98,77.88043
2019-08-20 22:00:00,77.85,77.83297
2020-07-05 05:00:00,77.58,77.77679
2016-10-31 08:00:00,77.56,77.31555
2017-10-18 19:00:00,77.37,77.5128
2019-04-20 11:00:00,77.41,77.50023
2016-11-19 03:00:00,77.34,77.314354
2016-04-20 11:00:00,77.53,77.43987
2019-03-13 01:00:00,77.13,77.170334
2017-02-28 01:00:00,77.26,77.22588
2014-05-31 13:00:00,77.77,77.81964
2016-12-04 06:00:00,77.28,77.18783
2018-10-20 09:00:00,77.39,77.38212
2020-11-08 00:00:00,77.33,77.355156
2015-07-03 02:00:00,77.68,77.73872
2019-03-07 07:00:00,77.13,77.19538
2015-10-18 19:00:00,77.36,77.502426
2015-03-07 17:00:00,77.18,77.1616
2018-09-06 19:00:00,77.91,77.856575
2016-11-27 09:00:00,77.31,77.28468
2017-07-20 18:00:00,77.94,77.899185
2018-08-08 07:00:00,77.9,77.92974
2017-11-15 20:00:00,77.18,77.22546
2020-11-25 03:00:00,77.29,77.24328
2017-04-04 03:00:00,77.14,77.24511
2020-07-10 10:00:00,77.66,77.99058
2018-07-03 19:00:00,78.2,77.84898
2017-08-01 21:00:00,77.99,77.895836
2018-09-15 14:00:00,77.6,77.821526
2018-08-06 10:00:00,77.9,77.985664
2020-06-05 21:00:00,77.61,77.69442
2020-04-01 22:00:00,77.12,77.15428
2018-06-03 17:00:00,77.75,77.822784
2019-07-02 19:00:00,77.74,77.81109
2016-09-11 11:00:00,77.98,77.8499
2015-07-31 16:00:00,77.94,77.968575
2014-11-26 02:00:00,77.79,77.38951
2017-12-25 03:00:00,77.16,77.69902
2018-04-18 03:00:00,77.53,77.46555
2016-12-27 00:00:00,77.36,77.30277
2019-01-30 04:00:00,77.07,77.16021
2015-04-12 23:00:00,77.38,77.19363
2020-04-29 19:00:00,77.06,77.170784
2014-07-21 05:00:00,78.1,77.88941
2018-02-06 13:00:00,77.04,77.2361
2015-04-05 13:00:00,77.39,77.28691
2017-03-09 11:00:00,77.18,77.202576
2016-07-25 10:00:00,77.66,77.934364
2014-06-26 16:00:00,77.69,77.75159
2018-06-05 14:00:00,77.79,77.79778
2019-03-01 11:00:00,77.16,77.16026
2018-11-27 07:00:00,77.22,77.22316
2020-01-21 05:00:00,77.18,77.1971
2017-01-06 11:00:00,77.27,77.29649
2015-04-05 14:00:00,77.4,77.29421
2019-04-15 19:00:00,77.31,77.319725
2019-09-08 01:00:00,77.92,78.12596
2020-05-14 05:00:00,77.19,77.24884
2019-10-26 11:00:00,77.27,77.43098
2015-03-22 14:00:00,77.38,77.21664
2014-11-30 23:00:00,77.68,77.44511
2016-10-06 11:00:00,78.23,77.82211
2018-04-10 18:00:00,77.6,77.592255
2017-03-21 17:00:00,77.13,77.30131
2017-04-19 15:00:00,77.36,77.341805
2017-10-10 09:00:00,77.45,77.572136
2015-04-14 01:00:00,77.37,77.33379
2017-06-15 16:00:00,77.91,77.77241
2015-10-07 23:00:00,77.55,77.46457
2018-02-19 00:00:00,77.11,77.204544
2016-10-27 23:00:00,77.58,77.476814
2015-12-26 21:00:00,77.52,77.31669
2020-01-19 09:00:00,77.21,77.17761
2018-06-01 04:00:00,77.8,77.77393
2019-06-14 01:00:00,77.71,77.736
2018-04-17 23:00:00,77.53,77.51243
2019-05-23 12:00:00,77.79,77.43881
2019-09-11 22:00:00,77.65,77.82113
2016-09-13 17:00:00,77.88,77.765724
2017-08-01 17:00:00,77.98,77.96833
2014-08-26 13:00:00,78.12,78.137825
2014-11-26 00:00:00,77.78,77.3813
2018-08-13 14:00:00,77.94,77.91768
2019-04-25 12:00:00,77.49,77.49328
2018-01-10 03:00:00,77.09,77.353065
2017-04-25 03:00:00,77.26,77.31382
2014-03-23 18:00:00,77.34,77.3237
2015-07-22 16:00:00,77.59,77.86744
2014-08-27 10:00:00,78.01,77.96958
2018-12-07 06:00:00,77.32,77.30904
2018-06-25 14:00:00,77.78,77.8319
2016-07-04 09:00:00,78.26,78.07673
2016-11-29 20:00:00,77.27,77.25862
2019-03-23 10:00:00,77.16,77.19367
2017-06-25 02:00:00,77.89,77.76526
2019-04-25 00:00:00,77.47,77.50419
2018-10-05 18:00:00,77.46,77.65244
2015-05-21 04:00:00,77.74,77.76112
2015-03-31 02:00:00,77.24,77.25362
2017-05-25 22:00:00,77.68,77.64382
2015-12-11 17:00:00,77.74,77.872894
2020-06-25 02:00:00,77.65,77.8343
2014-04-10 08:00:00,77.23,77.23934
2014-05-03 01:00:00,77.55,77.50932
2015-01-28 07:00:00,77.26,77.153854
2016-12-26 02:00:00,77.31,77.253334
2016-01-31 17:00:00,77.67,77.301956
2020-10-09 18:00:00,77.48,77.40497
2014-06-20 13:00:00,77.78,77.73635
2015-02-24 22:00:00,77.2,77.14919
2014-05-21 05:00:00,77.76,77.74298
2017-03-22 08:00:00,77.13,77.22358
2016-08-13 04:00:00,78.08,77.99389
2017-08-09 00:00:00,77.91,77.89594
2017-09-29 05:00:00,77.35,77.65372
2018-06-29 19:00:00,78.01,77.84065
2018-02-10 14:00:00,77.05,77.32524
2017-11-09 09:00:00,77.19,77.32551
2017-08-14 07:00:00,78.06,77.9328
2014-12-10 23:00:00,77.52,77.360756
2019-02-25 07:00:00,77.16,77.161766
2016-07-23 13:00:00,77.58,77.850525
2016-04-07 12:00:00,77.56,77.3771
2020-02-28 02:00:00,77.36,77.24771
2020-02-22 13:00:00,77.29,77.17436
2017-06-12 10:00:00,77.81,77.799446
2019-04-08 23:00:00,77.21,77.31963
2020-02-29 08:00:00,77.37,77.242226
2017-06-17 15:00:00,77.93,77.786835
2015-04-04 23:00:00,77.3,77.24394
2016-05-23 07:00:00,77.69,77.73566
2017-06-16 13:00:00,77.82,77.763504
2018-11-23 22:00:00,77.23,77.22181
2015-10-06 06:00:00,77.63,77.460464
2016-10-06 13:00:00,78.23,77.747925
2020-05-11 03:00:00,77.25,77.288414
2019-09-26 08:00:00,77.71,77.60537
2020-07-02 08:00:00,77.66,77.79301
2016-11-29 10:00:00,77.27,77.270164
2016-07-10 11:00:00,77.83,77.88044
2020-09-09 05:00:00,78.0,77.82966
2019-11-27 20:00:00,77.14,77.21448
2014-08-02 23:00:00,77.87,78.00447
2016-10-10 19:00:00,78.01,77.597565
2014-10-05 01:00:00,77.45,77.477104
2016-02-04 10:00:00,77.51,77.37831
2016-07-21 19:00:00,77.56,77.84556
2015-11-04 06:00:00,77.29,77.28183
2016-11-17 15:00:00,77.33,77.296715
2016-03-08 11:00:00,77.73,77.570175
2015-07-26 03:00:00,77.75,77.89294
2020-05-23 16:00:00,77.72,77.40591
2020-09-02 04:00:00,77.81,77.87573
2017-03-20 14:00:00,77.1,77.230194
2018-08-01 00:00:00,77.85,77.867836
2015-05-31 05:00:00,77.75,77.78298
2020-06-08 23:00:00,77.67,77.71733
2015-11-01 23:00:00,77.3,77.28926
2018-12-13 14:00:00,77.25,77.26175
2019-03-21 09:00:00,77.16,77.27639
2016-06-09 17:00:00,77.81,77.74322
2015-01-29 13:00:00,77.25,77.16757
2014-09-18 18:00:00,77.74,77.65632
2014-10-16 07:00:00,77.3,77.36012
2020-08-30 02:00:00,77.92,78.01125
2019-06-25 00:00:00,77.8,77.78484
2015-08-04 21:00:00,77.99,77.960266
2020-06-25 20:00:00,77.61,77.78855
2018-02-25 19:00:00,77.12,77.30864
2020-04-18 09:00:00,77.19,77.259796
2016-05-15 07:00:00,77.48,77.648155
2020-10-31 23:00:00,77.34,77.292755
2014-07-07 12:00:00,77.8,77.803116
2020-04-30 02:00:00,77.05,77.21791
2014-05-10 07:00:00,77.46,77.53882
2020-01-29 07:00:00,77.23,77.2475
2020-06-04 13:00:00,77.6,77.70593
2016-02-02 15:00:00,77.59,77.296394
2020-11-06 12:00:00,77.33,77.34404
2017-10-05 05:00:00,77.63,77.65757
2016-05-23 18:00:00,77.71,77.70166
2019-11-17 11:00:00,77.17,77.318695
2017-06-19 09:00:00,77.86,77.78129
2015-06-07 17:00:00,77.76,77.71761
2014-12-28 10:00:00,77.47,77.214874
2019-08-21 12:00:00,77.84,77.935646
2018-06-04 05:00:00,77.75,77.7837
2020-07-31 21:00:00,78.31,77.85354
2020-03-18 13:00:00,77.23,77.20788
2017-04-12 17:00:00,77.19,77.24636
2020-08-26 23:00:00,78.0,78.153076
2019-03-13 18:00:00,77.13,77.1308
2017-05-22 16:00:00,77.84,77.57431
2019-01-29 18:00:00,77.07,77.1558
2019-08-19 08:00:00,77.88,77.790405
2017-02-07 21:00:00,77.14,77.17075
2015-10-08 08:00:00,77.54,77.5057
2015-03-21 11:00:00,77.41,77.26503
2018-05-06 22:00:00,77.44,77.672554
2018-01-30 02:00:00,77.12,77.20573
2018-01-30 15:00:00,77.11,77.2231
2018-07-22 17:00:00,78.0,77.91407
2018-05-18 11:00:00,77.54,77.69985
2017-11-24 02:00:00,77.15,77.242615
2016-02-08 03:00:00,77.4,77.19752
2015-03-16 04:00:00,77.23,77.16705
2016-03-24 08:00:00,77.34,77.31997
2014-04-09 22:00:00,77.2,77.18968
2014-11-12 14:00:00,77.33,77.260155
2014-09-13 06:00:00,77.69,77.70183
2019-05-10 09:00:00,77.33,77.28495
2018-09-10 20:00:00,77.66,77.69115
2020-09-03 14:00:00,78.2,78.110054
2014-05-30 06:00:00,77.81,77.77831
2019-09-17 20:00:00,77.4,77.725204
2019-08-15 02:00:00,77.89,77.89689
2016-06-17 04:00:00,77.78,77.78965
2019-09-22 16:00:00,78.04,78.01812
2014-09-01 16:00:00,77.74,77.73171
2016-08-12 03:00:00,78.06,77.99514
2016-08-14 09:00:00,78.07,78.0337
2014-12-25 11:00:00,77.52,77.290085
2020-12-29 06:00:00,77.15,77.32679
2014-07-09 19:00:00,77.63,77.84059
2014-02-09 15:00:00,77.2,77.19255
2016-09-30 15:00:00,77.62,77.69727
2017-01-21 08:00:00,77.16,77.23513
2019-05-13 06:00:00,77.39,77.2617
2014-01-25 22:00:00,77.26,77.178764
2017-07-26 01:00:00,77.78,78.04085
2015-11-07 05:00:00,77.28,77.376045
2020-03-08 04:00:00,77.31,77.20619
2020-05-03 17:00:00,77.18,77.39623
2018-06-20 07:00:00,77.87,77.81432
2018-11-04 22:00:00,77.28,77.2819
2016-09-15 11:00:00,77.75,77.7715
2015-01-07 10:00:00,77.4,77.17199
2020-07-02 18:00:00,77.65,77.78284
2018-09-22 05:00:00,77.62,77.84497
2018-11-03 09:00:00,77.29,77.267944
2014-08-16 05:00:00,77.93,77.892784
2016-10-07 15:00:00,78.1,77.6052
2016-06-18 08:00:00,77.78,77.774605
2020-03-16 23:00:00,77.24,77.19399
2020-06-11 16:00:00,77.67,77.77593
2020-06-20 19:00:00,77.74,77.79576
2015-08-21 22:00:00,78.1,78.14179
2017-01-01 20:00:00,77.33,77.241104
2016-01-14 19:00:00,77.3,77.206215
2016-08-25 09:00:00,77.93,77.94901
2019-06-15 22:00:00,77.75,77.74076
2019-12-13 17:00:00,77.14,77.18367
2014-01-24 23:00:00,77.24,77.1666
2018-10-02 04:00:00,77.4,77.69588
2018-11-10 17:00:00,77.37,77.302055
2015-07-30 14:00:00,77.99,77.965096
2020-12-29 20:00:00,77.14,77.28139
2018-03-11 05:00:00,77.62,77.458534
2018-06-11 00:00:00,77.78,77.78563
2017-01-05 17:00:00,77.28,77.23062
2017-03-18 09:00:00,77.11,77.229866
2020-08-17 10:00:00,77.9,77.868225
2014-01-31 06:00:00,77.23,77.22341
2015-05-26 01:00:00,77.77,77.76578
2016-11-05 15:00:00,77.5,77.34813
2014-09-06 22:00:00,77.69,77.80112
2017-09-23 00:00:00,77.44,77.62326
2020-12-23 23:00:00,77.1,77.226654
2014-10-24 08:00:00,77.65,77.342995
2020-08-21 05:00:00,77.91,77.89476
2014-08-10 02:00:00,77.9,77.841934
2018-03-01 16:00:00,77.26,77.28826
2017-08-03 22:00:00,77.95,77.89815
2014-07-11 17:00:00,77.63,77.87764
2015-02-09 04:00:00,77.24,77.15437
2018-08-16 09:00:00,77.93,78.00327
2017-01-03 21:00:00,77.3,77.246315
2014-11-03 22:00:00,77.45,77.320274
2016-09-29 21:00:00,77.57,77.79603
2016-06-05 05:00:00,77.85,77.76278
2016-06-12 13:00:00,77.85,77.768036
2014-12-22 14:00:00,77.53,77.255165
2014-07-18 09:00:00,78.0,78.08384
2017-11-13 21:00:00,77.19,77.264984
2020-11-22 10:00:00,77.34,77.23009
2019-12-03 03:00:00,77.21,77.23763
2015-03-09 03:00:00,77.19,77.13853
2014-09-12 06:00:00,77.67,77.79156
2014-05-30 12:00:00,77.8,77.81863
2015-11-11 13:00:00,77.42,77.34769
2019-11-21 08:00:00,77.17,77.21786
2018-10-24 00:00:00,77.35,77.41546
2019-06-22 14:00:00,77.78,77.7697
2020-10-17 17:00:00,77.42,77.35212
2017-03-05 20:00:00,77.21,77.19461
2018-07-13 02:00:00,77.58,77.826096
2019-03-23 23:00:00,77.16,77.1775
2019-04-28 09:00:00,77.36,77.28427
2015-01-08 02:00:00,77.39,77.17966
2020-04-19 09:00:00,77.14,77.22835
2018-09-01 04:00:00,78.16,78.19389
2016-05-28 05:00:00,77.88,77.7747
2017-09-14 07:00:00,77.91,77.61772
2017-02-03 13:00:00,77.14,77.16212
2019-09-16 23:00:00,77.41,77.856316
2014-11-21 04:00:00,77.24,77.227394
2014-04-06 01:00:00,77.3,77.18654
2019-10-12 04:00:00,77.49,77.53286
2015-06-24 03:00:00,77.78,77.76244
2019-07-11 04:00:00,77.6,77.841995
2014-07-18 12:00:00,78.0,78.13054
2014-04-19 00:00:00,77.38,77.41033
2016-07-13 20:00:00,77.71,77.83834
2019-06-28 07:00:00,77.84,77.79065
2019-05-14 00:00:00,77.37,77.24998
2017-09-02 00:00:00,77.76,77.746765
2020-11-14 08:00:00,77.28,77.28152
2017-03-04 17:00:00,77.22,77.19868
2020-09-17 21:00:00,77.78,77.78245
2014-05-18 14:00:00,77.66,77.69255
2015-03-31 03:00:00,77.24,77.271164
2019-06-23 18:00:00,77.96,77.83506
2018-01-06 17:00:00,77.05,77.25145
2019-03-18 02:00:00,77.13,77.197136
2016-08-05 15:00:00,77.97,77.94272
2014-01-12 17:00:00,77.25,77.17402
2015-01-02 10:00:00,77.37,77.22926
2019-07-18 06:00:00,77.85,77.88743
2020-07-07 22:00:00,77.47,77.89645
2018-06-08 11:00:00,77.77,77.8102
2018-08-04 07:00:00,77.9,77.93109
2015-12-27 03:00:00,77.52,77.44402
2015-09-19 06:00:00,77.74,77.72198
2016-11-02 05:00:00,77.54,77.255936
2016-05-29 21:00:00,77.88,77.74388
2020-09-05 08:00:00,78.01,77.79951
2018-05-13 06:00:00,77.61,77.66736
2016-09-21 19:00:00,77.91,77.61758
2016-01-25 12:00:00,77.27,77.20247
2015-01-01 01:00:00,77.39,77.22773
2020-12-28 21:00:00,77.16,77.43302
2018-02-05 23:00:00,77.05,77.20809
2017-11-24 12:00:00,77.16,77.332924
2014-11-02 20:00:00,77.47,77.39782
2014-09-19 15:00:00,77.74,77.54097
2015-08-25 05:00:00,77.89,77.88799
2019-09-15 10:00:00,77.46,77.846054
2020-10-24 00:00:00,77.42,77.36346
2015-02-17 15:00:00,77.2,77.19374
2017-11-15 04:00:00,77.19,77.28037
2014-09-08 00:00:00,77.71,77.840706
2016-04-08 09:00:00,77.73,77.49882
2019-05-06 21:00:00,77.32,77.153885
2017-09-15 00:00:00,77.84,77.574104
2019-10-31 04:00:00,77.24,77.31776
2015-08-14 16:00:00,77.91,77.88933
2020-10-01 08:00:00,77.61,77.60835
2020-12-09 13:00:00,77.18,77.23787
2018-04-12 05:00:00,77.54,77.489235
2020-03-24 09:00:00,77.19,77.21486
2017-09-24 15:00:00,77.28,77.73941
2015-06-01 06:00:00,77.73,77.77187
2018-01-22 13:00:00,77.24,77.26884
2015-09-03 10:00:00,78.15,77.94086
2016-06-04 13:00:00,77.77,77.75312
2015-06-15 13:00:00,77.81,77.8029
2017-01-28 15:00:00,77.15,77.16104
2016-01-09 06:00:00,77.34,77.34118
2020-07-20 03:00:00,77.62,77.847534
2019-10-25 00:00:00,77.28,77.45691
2014-03-17 06:00:00,77.45,77.34408
2016-05-22 08:00:00,77.69,77.72883
2017-12-20 08:00:00,77.13,77.2505
2015-07-04 02:00:00,77.63,77.7386
2016-10-04 07:00:00,77.84,77.83259
2016-11-10 12:00:00,77.45,77.30921
2017-05-13 22:00:00,77.34,77.48529
2018-07-14 20:00:00,77.47,77.856636
2018-01-20 15:00:00,77.29,77.339645
2019-04-15 14:00:00,77.32,77.34743
2014-03-03 19:00:00,77.19,77.167114
2014-02-04 15:00:00,77.22,77.1574
2018-08-01 20:00:00,77.88,77.87812
2018-12-06 20:00:00,77.33,77.291275
2014-03-26 19:00:00,77.53,77.417145
2020-08-17 03:00:00,77.91,77.83916
2014-02-08 17:00:00,77.2,77.18694
2014-04-21 14:00:00,77.36,77.28203
2014-02-02 08:00:00,77.24,77.272095
2019-03-22 07:00:00,77.17,77.23691
2014-08-09 11:00:00,77.93,77.82748
2019-03-01 16:00:00,77.16,77.148766
2016-01-30 13:00:00,77.61,77.42933
2020-08-27 06:00:00,78.04,78.19611
2014-01-03 03:00:00,77.32,77.193825
2018-02-16 19:00:00,77.12,77.147156
2016-06-13 11:00:00,77.92,77.79024
2019-09-18 05:00:00,77.39,77.67687
2015-04-27 00:00:00,77.35,77.30409
2018-04-06 18:00:00,77.66,77.487404
2020-01-16 12:00:00,77.25,77.17619
2019-11-28 18:00:00,77.14,77.26556
2018-06-25 10:00:00,77.78,77.81328
2018-07-04 05:00:00,78.11,77.87302
2016-05-01 02:00:00,77.8,77.65127
2017-01-05 12:00:00,77.28,77.27339
2014-08-04 14:00:00,78.08,77.94178
2016-01-10 17:00:00,77.33,77.25478
2014-02-27 15:00:00,77.17,77.28594
2018-02-28 05:00:00,77.14,77.21459
2020-06-03 03:00:00,77.59,77.62577
2015-05-18 13:00:00,77.58,77.627396
2018-08-27 05:00:00,78.46,78.19681
2016-08-04 23:00:00,78.06,77.93387
2020-03-02 06:00:00,77.34,77.18576
2016-03-16 20:00:00,77.43,77.54483
2018-03-15 23:00:00,77.63,77.52826
2014-11-03 11:00:00,77.47,77.28989
2016-04-06 08:00:00,77.3,77.25648
2019-01-02 20:00:00,77.13,77.215126
2015-05-03 18:00:00,77.61,77.64381
2019-05-14 05:00:00,77.36,77.27581
2015-10-25 01:00:00,77.29,77.466484
2020-06-17 05:00:00,77.71,77.77403
2014-12-04 13:00:00,77.63,77.346825
2017-03-03 10:00:00,77.23,77.24592
2020-10-29 01:00:00,77.36,77.32867
2014-10-17 21:00:00,77.28,77.34374
2018-06-23 13:00:00,77.79,77.81559
2018-10-12 07:00:00,77.63,77.58027
2019-12-21 04:00:00,77.13,77.212685
2019-07-18 18:00:00,77.89,77.932686
2016-11-11 14:00:00,77.45,77.27789
2020-09-04 22:00:00,78.05,77.75818
2017-06-19 05:00:00,77.81,77.77235
2017-01-06 08:00:00,77.27,77.27096
2019-03-18 21:00:00,77.13,77.20375
2016-10-23 14:00:00,77.67,77.58194
2016-11-04 19:00:00,77.51,77.301544
2014-04-03 08:00:00,77.35,77.31231
2020-02-10 07:00:00,77.17,77.17835
2018-09-05 03:00:00,78.14,78.143265
2014-10-06 19:00:00,77.41,77.43411
2014-07-08 14:00:00,77.72,77.81844
2014-02-24 19:00:00,77.15,77.18683
2019-07-21 01:00:00,78.17,78.054115
2019-11-14 17:00:00,77.19,77.2567
2016-07-01 17:00:00,77.8,77.9185
2015-08-14 00:00:00,77.92,77.86242
2020-01-07 21:00:00,77.3,77.28703
2016-04-07 11:00:00,77.55,77.41157
2019-11-07 18:00:00,77.21,77.297714
2016-07-25 23:00:00,77.7,77.9314
2019-04-16 14:00:00,77.31,77.36177
2018-09-06 15:00:00,77.93,77.84051
2020-02-15 12:00:00,77.17,77.16004
2016-03-25 13:00:00,77.33,77.41159
2015-12-04 18:00:00,77.74,77.5218
2019-12-03 20:00:00,77.19,77.25427
2017-09-23 09:00:00,77.4,77.62238
2017-12-09 23:00:00,77.13,77.21028
2014-03-03 06:00:00,77.19,77.181915
2020-09-12 19:00:00,77.88,77.95433
2014-07-18 00:00:00,77.94,78.11342
2018-08-08 00:00:00,77.9,77.9035
2014-04-08 13:00:00,77.23,77.24525
2019-05-18 02:00:00,77.22,77.33144
2015-05-07 16:00:00,77.49,77.56107
2017-09-25 09:00:00,77.25,77.6819
2015-08-29 01:00:00,77.8,77.85491
2018-09-16 03:00:00,77.61,77.806656
2018-08-11 01:00:00,77.9,77.95011
2016-12-05 18:00:00,77.26,77.26752
2017-11-24 10:00:00,77.15,77.24224
2018-07-13 20:00:00,77.58,77.85119
2015-05-11 19:00:00,77.54,77.54095
2017-04-07 20:00:00,77.24,77.33798
2017-03-09 16:00:00,77.17,77.18633
2020-05-20 15:00:00,77.71,77.38262
2020-06-21 06:00:00,77.78,77.77894
2014-07-10 11:00:00,77.55,77.85525
2020-05-07 08:00:00,77.2,77.29541
2014-10-09 04:00:00,77.37,77.3765
2015-09-02 16:00:00,77.95,77.89423
2020-12-21 12:00:00,77.11,77.25432
2019-12-04 19:00:00,77.16,77.21234
2019-11-03 02:00:00,77.23,77.32216
2020-02-24 09:00:00,77.29,77.1675
2014-06-30 03:00:00,77.7,77.78531
2018-08-15 22:00:00,77.93,77.88529
2015-07-09 10:00:00,77.98,77.89264
2014-02-09 08:00:00,77.21,77.17325
2020-11-14 07:00:00,77.28,77.289986
2015-01-06 00:00:00,77.36,77.21954
2016-08-05 01:00:00,78.05,77.93598
2019-03-23 21:00:00,77.16,77.170555
2017-09-13 22:00:00,77.94,77.7179
2014-11-13 11:00:00,77.31,77.24377
2020-04-24 15:00:00,77.15,77.153915
2019-11-13 09:00:00,77.2,77.28755
2017-12-27 20:00:00,77.12,77.19771
2018-11-30 23:00:00,77.21,77.23132
2017-12-09 22:00:00,77.12,77.203094
2014-06-19 23:00:00,77.76,77.75073
2018-03-24 11:00:00,77.77,77.624756
2016-06-19 06:00:00,77.8,77.818504
2018-07-26 22:00:00,77.94,77.873024
2015-01-02 14:00:00,77.37,77.23253
2019-01-16 12:00:00,77.12,77.17413
2014-02-15 20:00:00,77.17,77.16028
2016-01-12 05:00:00,77.33,77.22124
2020-09-12 16:00:00,77.9,78.114456
2018-01-29 16:00:00,77.12,77.2113
2018-06-30 14:00:00,77.91,77.819916
2014-02-23 06:00:00,77.16,77.16702
2020-05-24 12:00:00,77.71,77.44811
2015-10-02 01:00:00,77.86,77.94824
2018-10-01 03:00:00,77.41,77.68625
2014-03-17 09:00:00,77.45,77.38862
2017-12-02 10:00:00,77.13,77.2599
2015-05-13 11:00:00,77.54,77.561745
2015-12-02 03:00:00,77.71,77.38825
2016-01-16 22:00:00,77.29,77.20493
2019-12-21 02:00:00,77.13,77.21279
2014-02-03 23:00:00,77.23,77.15873
2015-06-15 16:00:00,77.82,77.80089
2017-10-31 13:00:00,77.25,77.28766
2014-05-25 06:00:00,77.85,77.75346
2019-02-18 19:00:00,77.09,77.17002
2017-10-15 03:00:00,77.46,77.52674
2018-09-02 20:00:00,77.94,77.86913
2020-08-12 08:00:00,78.32,77.926544
2015-03-02 22:00:00,77.2,77.15439
2017-09-10 11:00:00,77.81,77.765976
2017-12-31 20:00:00,77.08,77.31853
2018-12-25 01:00:00,77.17,77.20072
2014-04-02 06:00:00,77.38,77.31918
2014-12-20 02:00:00,77.47,77.18381
2018-11-15 19:00:00,77.31,77.30361
2019-10-16 01:00:00,77.39,77.583954
2019-07-05 16:00:00,77.57,77.81068
2015-08-22 03:00:00,78.08,78.13284
2016-02-25 19:00:00,77.31,77.283516
2016-09-24 20:00:00,77.68,77.730995
2019-11-15 19:00:00,77.17,77.24601
2019-01-01 13:00:00,77.13,77.19303
2019-04-06 14:00:00,77.13,77.22356
2020-09-15 07:00:00,77.87,77.76694
2018-11-29 17:00:00,77.21,77.219536
2017-12-30 21:00:00,77.09,77.38831
2017-02-23 20:00:00,77.3,77.2347
2014-11-07 07:00:00,77.41,77.29892
2017-09-13 19:00:00,77.96,77.754135
2014-05-26 21:00:00,77.79,77.756256
2020-05-01 22:00:00,77.04,77.37396
2020-03-09 06:00:00,77.31,77.20246
2014-06-17 15:00:00,77.76,77.765236
2014-11-11 13:00:00,77.34,77.23769
2014-02-01 10:00:00,77.23,77.194405
2017-02-26 13:00:00,77.29,77.21662
2019-02-20 11:00:00,77.19,77.26811
2017-05-21 06:00:00,77.7,77.5183
2020-02-25 07:00:00,77.29,77.188095
2018-03-28 05:00:00,77.61,77.571754
2015-05-23 17:00:00,77.8,77.75234
2020-10-24 22:00:00,77.39,77.34595
2019-03-15 22:00:00,77.13,77.1571
2015-11-22 00:00:00,77.7,77.472435
2014-02-12 03:00:00,77.18,77.17086
2019-12-03 19:00:00,77.19,77.25124
2020-10-17 16:00:00,77.42,77.341644
2018-07-12 09:00:00,77.59,77.84444
2015-12-15 14:00:00,77.7,77.69291
2015-10-13 22:00:00,77.44,77.41494
2016-01-06 03:00:00,77.38,77.226616
2017-06-13 02:00:00,77.85,77.79675
2020-07-09 09:00:00,77.45,77.79732
2020-08-19 03:00:00,77.74,77.862946
2014-02-13 17:00:00,77.18,77.17001
2014-01-31 07:00:00,77.23,77.22102
2017-03-18 12:00:00,77.11,77.25808
2019-09-20 14:00:00,77.33,77.604576
2017-04-08 20:00:00,77.18,77.36524
2019-07-16 10:00:00,77.83,77.832275
2018-11-18 06:00:00,77.28,77.24374
2018-07-22 08:00:00,77.98,77.91486
2018-08-01 08:00:00,77.87,77.87792
2014-01-27 04:00:00,77.26,77.16545
2019-09-22 03:00:00,77.59,77.76764
2017-03-23 05:00:00,77.14,77.22149
2020-06-12 00:00:00,77.63,77.75133
2018-12-06 11:00:00,77.33,77.2509
2019-05-25 09:00:00,77.74,77.43086
2017-08-04 14:00:00,77.94,77.941154
2017-10-26 22:00:00,77.28,77.32273
2014-07-10 23:00:00,77.54,77.82532
2014-02-20 06:00:00,77.16,77.160736
2018-03-11 18:00:00,77.61,77.543365
2014-11-10 19:00:00,77.35,77.30319
2020-12-08 09:00:00,77.18,77.18027
2015-02-08 15:00:00,77.26,77.19187
2016-10-04 15:00:00,77.82,77.80547
2014-12-23 13:00:00,77.53,77.29065
2016-05-11 09:00:00,77.72,77.67734
2019-10-26 18:00:00,77.27,77.45767
2017-07-30 06:00:00,77.71,77.91988
2017-01-22 11:00:00,77.17,77.20585
2015-11-05 05:00:00,77.28,77.294655
2019-05-03 20:00:00,77.38,77.28017
2018-03-03 05:00:00,77.27,77.20486
2020-09-27 06:00:00,77.64,77.54848
2014-04-18 05:00:00,77.39,77.31952
2017-06-20 22:00:00,77.87,77.76543
2015-12-06 19:00:00,77.74,77.55811
2016-02-26 17:00:00,77.3,77.25004
2020-05-29 08:00:00,77.63,77.59377
2015-12-10 15:00:00,77.63,77.60421
2019-03-21 10:00:00,77.17,77.278984
2015-01-22 20:00:00,77.26,77.1877
2019-01-15 22:00:00,77.12,77.17857
2014-04-20 22:00:00,77.34,77.287
2019-09-05 17:00:00,77.74,77.859276
2020-10-02 08:00:00,77.58,77.58672
2015-01-27 07:00:00,77.27,77.19426
2020-07-07 14:00:00,77.51,77.822845
2015-09-19 14:00:00,77.73,77.67065
2017-02-02 23:00:00,77.15,77.16618
2017-04-02 22:00:00,77.14,77.18294
2018-08-25 09:00:00,78.09,77.97807
2014-08-22 10:00:00,77.97,77.902306
2016-01-16 09:00:00,77.29,77.2184
2019-08-04 00:00:00,77.69,77.845184
2019-05-31 17:00:00,77.7,77.64383
2017-10-01 07:00:00,77.33,77.39935
2019-01-27 13:00:00,77.07,77.1686
2017-02-09 18:00:00,77.13,77.16493
2019-07-16 14:00:00,77.84,77.81184
2020-12-11 19:00:00,77.17,77.314255
2020-04-10 17:00:00,77.09,77.22713
2017-01-24 00:00:00,77.16,77.197716
2014-05-22 18:00:00,77.79,77.78675
2019-06-16 03:00:00,77.75,77.75652
2020-03-05 12:00:00,77.3,77.198105
2016-08-29 06:00:00,77.99,77.89533
2019-10-14 14:00:00,77.42,77.50596
2018-04-05 18:00:00,77.42,77.55862
2019-04-17 09:00:00,77.35,77.371346
2017-11-10 19:00:00,77.2,77.28783
2014-04-25 02:00:00,77.44,77.26759
2016-08-17 15:00:00,78.07,77.99956
2017-11-12 01:00:00,77.19,77.25704
2020-10-07 04:00:00,77.5,77.41054
2016-02-02 16:00:00,77.59,77.2864
2018-07-17 08:00:00,77.61,77.85174
2016-07-12 03:00:00,77.74,77.85881
2014-11-06 10:00:00,77.41,77.275246
2018-10-21 13:00:00,77.38,77.356155
2014-11-24 17:00:00,77.32,77.28651
2014-07-15 08:00:00,77.68,77.864296
2018-08-11 09:00:00,77.92,77.98076
2014-05-27 19:00:00,77.78,77.72634
2016-06-25 16:00:00,77.97,77.77489
2017-10-20 01:00:00,77.35,77.42052
2016-09-11 01:00:00,77.92,77.83591
2019-05-15 07:00:00,77.22,77.29392
2017-04-27 20:00:00,77.23,77.21989
2016-09-17 00:00:00,77.71,77.837135
2017-11-25 03:00:00,77.15,77.243256
2020-03-09 05:00:00,77.3,77.19326
2020-04-18 12:00:00,77.19,77.32914
2015-12-27 07:00:00,77.52,77.39044
2014-03-11 15:00:00,77.15,77.210045
2016-06-09 21:00:00,77.81,77.765884
2019-07-26 05:00:00,77.82,77.89182
2018-09-14 05:00:00,77.61,77.82634
2017-08-07 07:00:00,77.87,77.94127
2018-11-16 15:00:00,77.3,77.26041
2015-03-10 17:00:00,77.17,77.15449
2020-11-09 06:00:00,77.31,77.30842
2019-02-14 12:00:00,77.1,77.20876
2017-12-21 07:00:00,77.11,77.29657
2016-03-23 15:00:00,77.35,77.356674
2018-05-29 15:00:00,77.84,77.805244
2018-02-07 03:00:00,77.03,77.21211
2016-12-31 03:00:00,77.34,77.23009
2019-06-12 08:00:00,77.71,77.7247
2017-02-28 16:00:00,77.25,77.20407
2019-06-28 10:00:00,77.83,77.79095
2017-05-04 14:00:00,77.17,77.37172
2015-07-14 17:00:00,77.99,77.81255
2019-02-18 08:00:00,77.08,77.182686
2015-05-19 11:00:00,77.68,77.68368
2018-08-01 14:00:00,77.89,77.90829
2018-04-05 23:00:00,77.43,77.53082
2014-02-22 01:00:00,77.16,77.23638
2017-08-29 19:00:00,77.64,77.8362
2014-09-22 03:00:00,77.69,77.5441
2019-10-15 08:00:00,77.41,77.62448
2015-06-27 21:00:00,77.74,77.7886
2014-07-24 19:00:00,77.83,77.96462
2018-09-08 12:00:00,77.78,77.813675
2015-06-11 20:00:00,77.77,77.74393
2016-03-29 11:00:00,77.29,77.35596
2014-07-11 10:00:00,77.61,77.866844
2018-10-04 12:00:00,77.36,77.619736
2014-05-07 08:00:00,77.48,77.488014
2019-07-15 15:00:00,77.74,77.82804
2019-11-04 17:00:00,77.22,77.33285
2018-02-24 20:00:00,77.11,77.31876
2015-05-25 23:00:00,77.77,77.77149
2014-12-07 13:00:00,77.59,77.420815
2016-09-24 11:00:00,77.71,77.721634
2014-06-14 13:00:00,77.69,77.756096
2015-04-23 09:00:00,77.42,77.301285
2015-10-16 20:00:00,77.38,77.5356
2014-02-19 19:00:00,77.15,77.1595
2018-10-26 15:00:00,77.33,77.347565
2014-06-10 11:00:00,77.76,77.79098
2014-08-09 23:00:00,77.9,77.83537
2014-04-24 07:00:00,77.4,77.23858
2018-12-05 16:00:00,77.33,77.23273
2019-09-30 09:00:00,77.52,77.769966
2016-06-16 06:00:00,77.81,77.76001
2014-06-14 20:00:00,77.62,77.75809
2015-11-02 06:00:00,77.31,77.27845
2014-12-05 10:00:00,77.62,77.34212
2019-05-23 18:00:00,77.79,77.44479
2019-04-11 13:00:00,77.47,77.414955
2017-02-21 11:00:00,77.12,77.24095
2018-08-25 10:00:00,78.08,77.990555
2014-09-05 14:00:00,77.63,77.82298
2017-02-15 16:00:00,77.09,77.17441
2017-04-16 20:00:00,77.34,77.38482
2014-12-11 01:00:00,77.52,77.36611
2016-02-08 07:00:00,77.4,77.16198
2020-04-27 05:00:00,77.08,77.20151
2015-02-15 13:00:00,77.17,77.178215
2017-01-27 16:00:00,77.15,77.14353
2014-02-11 02:00:00,77.19,77.204765
2018-02-09 08:00:00,77.04,77.18239
2019-08-08 17:00:00,77.87,77.89731
2020-01-25 01:00:00,77.18,77.2126
2017-12-10 19:00:00,77.12,77.46036
2018-04-30 09:00:00,77.68,77.68842
2019-09-29 01:00:00,77.57,77.74248
2014-10-30 03:00:00,77.4,77.301216
2016-05-21 05:00:00,77.79,77.6843
2018-03-13 03:00:00,77.56,77.36756
2018-03-31 05:00:00,77.49,77.58152
2016-07-07 03:00:00,78.03,77.88886
2020-05-22 06:00:00,77.71,77.3756
2015-10-11 10:00:00,77.49,77.47485
2018-10-28 04:00:00,77.33,77.39324
2014-11-17 10:00:00,77.26,77.262276
2014-07-07 04:00:00,77.81,77.79718
2015-01-09 09:00:00,77.37,77.186966
2014-06-19 09:00:00,77.75,77.74275
2018-02-07 13:00:00,77.03,77.26919
2014-02-14 12:00:00,77.18,77.184685
2015-02-13 04:00:00,77.18,77.1527
2015-12-10 12:00:00,77.62,77.62867
2014-04-04 01:00:00,77.34,77.192375
2016-11-21 11:00:00,77.33,77.335785
2015-02-28 01:00:00,77.19,77.18949
2020-04-26 07:00:00,77.1,77.15923
2016-06-08 07:00:00,77.81,77.742615
2020-09-27 01:00:00,77.63,77.58051
2014-10-02 22:00:00,77.54,77.593
2015-05-22 18:00:00,77.78,77.759636
2018-10-23 03:00:00,77.36,77.35885
2019-03-13 23:00:00,77.13,77.163506
2016-12-29 15:00:00,77.37,77.21751
2016-10-17 12:00:00,78.06,77.70329
2020-07-20 01:00:00,77.63,77.8314
2019-05-11 21:00:00,77.35,77.29665
2020-06-02 17:00:00,77.6,77.612495
2014-01-10 13:00:00,77.27,77.18549
2018-05-15 08:00:00,77.61,77.66913
2019-05-06 01:00:00,77.32,77.25855
2020-06-05 11:00:00,77.61,77.691
2016-10-19 19:00:00,77.85,77.63365
2016-01-17 06:00:00,77.29,77.20247
2016-06-17 18:00:00,77.78,77.794716
2020-04-20 18:00:00,77.27,77.25864
2016-11-06 23:00:00,77.47,77.41353
2020-03-12 04:00:00,77.32,77.19101
2014-04-11 09:00:00,77.22,77.29542
2019-03-15 15:00:00,77.13,77.131676
2016-09-23 06:00:00,77.8,77.67748
2020-09-24 18:00:00,77.67,77.70813
2017-01-24 11:00:00,77.16,77.21784
2015-03-16 06:00:00,77.23,77.15521
2014-03-24 23:00:00,77.33,77.27603
2014-06-03 16:00:00,77.81,77.80006
2018-07-20 08:00:00,77.81,77.827866
2016-10-20 23:00:00,77.8,77.637436
2015-02-11 12:00:00,77.19,77.14677
2018-07-06 18:00:00,77.77,77.84157
2020-09-14 12:00:00,77.91,77.7508
2018-09-04 16:00:00,78.17,78.152725
2020-10-25 21:00:00,77.38,77.39901
2018-02-01 07:00:00,77.07,77.23255
2016-05-02 09:00:00,77.71,77.6579
2016-01-22 01:00:00,77.29,77.20298
2015-06-02 07:00:00,77.72,77.77006
2019-04-23 04:00:00,77.47,77.47799
2016-08-04 06:00:00,78.07,77.923416
2019-09-11 05:00:00,77.7,77.85579
2017-03-10 11:00:00,77.16,77.205536
2019-10-22 01:00:00,77.3,77.397964
2014-12-19 16:00:00,77.47,77.221504
2017-09-05 10:00:00,77.88,77.789665
2019-08-22 08:00:00,78.06,78.03111
2015-08-21 14:00:00,78.11,78.110146
2018-12-11 17:00:00,77.26,77.20276
2014-01-30 23:00:00,77.22,77.205505
2020-04-20 01:00:00,77.23,77.271835
2015-04-25 05:00:00,77.4,77.308846
2018-05-09 14:00:00,77.58,77.74059
2020-08-06 12:00:00,78.19,78.1184
2017-08-31 11:00:00,77.57,77.830536
2016-07-26 18:00:00,77.75,77.91774
2020-03-21 09:00:00,77.2,77.2
2016-01-15 02:00:00,77.3,77.20508
2014-09-21 13:00:00,77.71,77.565674
2018-03-19 04:00:00,77.67,77.43711
2014-08-11 13:00:00,77.81,77.89744
2020-03-28 04:00:00,77.25,77.22987
2016-05-19 14:00:00,77.62,77.65108
2020-08-15 10:00:00,78.0,77.932945
2016-01-02 01:00:00,77.43,77.400185
2020-02-11 17:00:00,77.16,77.17063
2014-08-07 19:00:00,77.84,78.1143
2014-09-11 03:00:00,77.78,77.72756
2019-04-26 21:00:00,77.42,77.413956
2016-03-28 15:00:00,77.29,77.295975
2014-03-23 01:00:00,77.35,77.263016
2020-05-14 04:00:00,77.2,77.25248
2018-04-02 14:00:00,77.42,77.655464
2018-05-10 12:00:00,77.52,77.70841
2020-06-28 10:00:00,77.59,77.80651
2019-05-29 11:00:00,77.7,77.546265
2017-10-29 22:00:00,77.26,77.39974
2017-02-01 23:00:00,77.16,77.1905
2015-12-24 23:00:00,77.56,77.43891
2016-09-13 03:00:00,77.92,77.754715
2017-09-03 02:00:00,77.83,77.70243
2017-07-06 05:00:00,78.0,77.88324
2020-06-11 20:00:00,77.65,77.74769
2019-09-17 23:00:00,77.39,77.68468
2020-12-17 17:00:00,77.14,77.18376
2017-07-09 19:00:00,77.94,77.87139
2017-10-11 01:00:00,77.44,77.66633
2019-12-21 01:00:00,77.13,77.208534
2020-03-09 02:00:00,77.3,77.1908
2018-08-01 09:00:00,77.88,77.89101
2015-02-15 09:00:00,77.17,77.186325
2014-12-15 20:00:00,77.46,77.26287
2020-07-01 10:00:00,77.71,77.80813
2018-04-22 06:00:00,77.46,77.51183
2017-06-07 17:00:00,77.79,77.788376
2020-07-03 00:00:00,77.63,77.79447
2017-12-02 15:00:00,77.12,77.26741
2014-07-19 01:00:00,78.08,78.130165
2015-06-10 21:00:00,77.76,77.75825
2017-07-21 13:00:00,77.89,77.90604
2015-11-30 07:00:00,77.75,77.47623
2018-11-02 07:00:00,77.29,77.27198
2015-09-28 05:00:00,77.58,77.62551
2018-04-06 00:00:00,77.44,77.532455
2020-07-10 12:00:00,77.75,77.98904
2015-11-27 11:00:00,77.69,77.42036
2014-08-03 08:00:00,78.08,78.14409
2016-05-29 19:00:00,77.89,77.75183
2019-05-05 19:00:00,77.33,77.26719
2017-05-08 06:00:00,77.21,77.33898
2015-07-05 05:00:00,77.57,77.734436
2020-09-15 19:00:00,77.85,77.77578
2014-06-06 13:00:00,77.79,77.7793
2020-11-25 07:00:00,77.28,77.24418
2019-04-27 22:00:00,77.37,77.33915
2017-09-18 00:00:00,77.6,77.80227
2020-01-31 15:00:00,77.26,77.20297
2018-07-19 12:00:00,77.76,77.85659
2014-06-18 09:00:00,77.77,77.76223
2020-09-26 19:00:00,77.64,77.68797
2015-05-04 02:00:00,77.59,77.63056
2019-06-07 23:00:00,77.8,77.71286
2015-09-07 00:00:00,77.9,77.936386
2015-01-04 10:00:00,77.35,77.221
2014-10-24 22:00:00,77.62,77.394615
2014-05-03 19:00:00,77.52,77.55273
2014-01-09 01:00:00,77.28,77.18862
2020-12-11 22:00:00,77.17,77.227516
2016-07-25 14:00:00,77.68,77.945816
2017-07-14 12:00:00,77.77,77.85185
2020-04-07 01:00:00,77.15,77.14942
2016-04-10 11:00:00,77.64,77.39075
2017-03-26 09:00:00,77.2,77.32704
2015-05-07 11:00:00,77.49,77.57488
2015-07-09 15:00:00,78.05,77.91246
2019-11-06 05:00:00,77.21,77.335785
2014-12-10 12:00:00,77.52,77.373566
2015-11-17 20:00:00,77.68,77.62145
2019-02-21 05:00:00,77.19,77.18583
2015-01-28 22:00:00,77.25,77.1704
2018-01-26 09:00:00,77.16,77.18175
2017-03-11 21:00:00,77.15,77.18838
2020-03-30 00:00:00,77.16,77.20466
2020-10-16 14:00:00,77.42,77.38848
2016-04-17 10:00:00,77.61,77.38968
2016-08-12 15:00:00,78.06,77.99914
2020-09-21 02:00:00,77.71,77.53638
2017-07-26 09:00:00,77.8,78.068245
2018-10-24 14:00:00,77.35,77.38272
2015-01-05 00:00:00,77.34,77.22309
2016-10-03 06:00:00,77.88,77.89285
2016-06-26 12:00:00,77.89,77.72972
2016-08-19 09:00:00,78.01,78.02421
2017-02-18 12:00:00,77.08,77.18452
2014-09-15 17:00:00,77.79,77.70636
2018-05-18 23:00:00,77.51,77.709785
2016-05-08 04:00:00,77.59,77.701096
2018-04-11 19:00:00,77.56,77.59624
2015-05-28 13:00:00,77.72,77.76721
2020-07-12 16:00:00,77.74,77.871635
2016-04-17 04:00:00,77.59,77.34146
2018-05-30 00:00:00,77.81,77.790085
2019-01-22 03:00:00,77.1,77.177
2016-12-12 18:00:00,77.23,77.30139
2014-03-14 04:00:00,77.49,77.303215
2016-02-02 19:00:00,77.58,77.26287
2017-12-01 02:00:00,77.13,77.19508
2019-07-15 18:00:00,77.74,77.80743
2020-03-31 17:00:00,77.11,77.19448
2018-08-02 04:00:00,77.89,77.87509
2019-02-05 07:00:00,77.24,77.1544
2019-05-06 05:00:00,77.32,77.17481
2015-08-25 03:00:00,77.89,77.887024
2017-08-12 16:00:00,77.97,77.895195
2015-06-10 11:00:00,77.78,77.76231
2015-04-01 22:00:00,77.22,77.28967
2014-08-14 19:00:00,77.99,78.01338
2014-05-14 10:00:00,77.52,77.61526
2016-11-26 04:00:00,77.29,77.19835
2020-12-04 04:00:00,77.2,77.17555
2015-03-05 17:00:00,77.19,77.14851
2014-12-09 09:00:00,77.53,77.30823
2015-10-10 10:00:00,77.48,77.41447
2016-04-07 05:00:00,77.43,77.29352
2020-03-13 03:00:00,77.3,77.17701
2018-07-23 22:00:00,77.99,77.89617
2016-09-18 02:00:00,78.34,78.10668
2017-01-22 12:00:00,77.17,77.214714
2018-05-10 23:00:00,77.5,77.69574
2015-12-24 15:00:00,77.57,77.57689
2019-01-21 15:00:00,77.11,77.166725
2015-05-25 05:00:00,77.79,77.734024
2017-08-06 00:00:00,77.91,77.889206
2020-04-07 15:00:00,77.17,77.238014
2015-09-23 11:00:00,77.54,77.66615
2020-05-05 08:00:00,77.14,77.32539
2018-05-14 10:00:00,77.63,77.68851
2018-10-13 23:00:00,77.57,77.41428
2014-09-28 07:00:00,77.76,77.673836
2016-01-13 19:00:00,77.31,77.21571
2014-09-15 10:00:00,77.79,77.67303
2015-06-14 15:00:00,77.77,77.76526
2020-03-05 18:00:00,77.3,77.17726
2015-09-26 11:00:00,77.64,77.72874
2019-12-11 09:00:00,77.11,77.218704
2014-01-16 15:00:00,77.25,77.16106
2016-04-11 11:00:00,77.56,77.459045
2020-12-01 21:00:00,77.2,77.26453
2017-01-24 07:00:00,77.16,77.18924
2015-01-23 01:00:00,77.26,77.20776
2018-12-24 02:00:00,77.19,77.25178
2016-05-25 11:00:00,77.91,77.75962
2015-03-07 12:00:00,77.18,77.18482
2020-11-24 15:00:00,77.3,77.25249
2014-12-05 18:00:00,77.63,77.30623
2018-01-25 20:00:00,77.17,77.19464
2016-09-26 05:00:00,77.61,77.691666
2016-02-22 16:00:00,77.35,77.295074
2017-12-17 14:00:00,77.1,77.2937
2017-09-12 08:00:00,78.14,78.04516
2014-08-27 17:00:00,77.97,77.88448
2020-02-14 03:00:00,77.18,77.23842
2018-11-28 00:00:00,77.22,77.24725
2015-09-08 10:00:00,77.79,77.71843
2016-08-18 23:00:00,78.02,78.03182
2015-03-16 05:00:00,77.23,77.165855
2016-01-22 14:00:00,77.28,77.1846
2014-01-29 07:00:00,77.23,77.172585
2017-01-08 13:00:00,77.25,77.27258
2015-07-18 12:00:00,77.73,77.831985
2020-01-17 17:00:00,77.23,77.15306
2014-08-19 09:00:00,78.33,78.14075
2018-02-13 03:00:00,77.08,77.28662
2014-09-23 11:00:00,77.62,77.65512
2014-09-25 08:00:00,77.97,77.88158
2020-09-02 22:00:00,77.84,77.94503
2019-05-12 00:00:00,77.35,77.28215
2014-07-05 22:00:00,77.76,77.78369
2014-03-15 12:00:00,77.49,77.33881
2016-06-16 01:00:00,77.79,77.75678
2019-01-11 15:00:00,77.13,77.19599
2017-08-05 07:00:00,77.95,77.90503
2016-12-09 06:00:00,77.25,77.23228
2017-01-10 09:00:00,77.24,77.208336
2014-02-26 11:00:00,77.15,77.21134
2016-02-19 23:00:00,77.39,77.26953
2014-12-27 21:00:00,77.47,77.21672
2015-01-18 21:00:00,77.28,77.150154
2020-08-09 20:00:00,78.49,78.144554
2016-06-04 04:00:00,77.76,77.72251
2019-08-01 15:00:00,77.8,77.89528
2017-03-31 16:00:00,77.17,77.36546
2014-07-23 13:00:00,77.91,77.87578
2018-10-21 00:00:00,77.38,77.353516
2020-04-11 14:00:00,77.1,77.26305
2016-10-19 20:00:00,77.84,77.61669
2018-10-15 12:00:00,77.51,77.53103
2020-12-24 00:00:00,77.11,77.21417
2017-12-29 08:00:00,77.1,77.3241
2017-12-12 12:00:00,77.12,77.18304
2017-01-08 03:00:00,77.25,77.21147
2018-12-21 05:00:00,77.2,77.25293
2018-07-22 16:00:00,78.0,77.89522
2019-08-30 22:00:00,77.76,77.7819
2015-10-26 22:00:00,77.29,77.350426
2014-07-13 01:00:00,77.49,77.869576
2016-07-13 14:00:00,77.73,77.862656
2018-08-23 11:00:00,77.92,78.00374
2014-07-24 22:00:00,77.84,77.963165
2016-05-06 15:00:00,77.65,77.68662
2019-10-11 13:00:00,77.51,77.54859
2015-07-02 23:00:00,77.68,77.73445
2018-12-12 12:00:00,77.25,77.282875
2017-06-22 02:00:00,77.89,77.799904
2017-06-10 12:00:00,77.83,77.74546
2014-07-20 11:00:00,78.15,77.882
2015-04-01 07:00:00,77.24,77.34778
2020-01-22 13:00:00,77.17,77.17621
2018-11-23 00:00:00,77.23,77.22445
2020-08-24 03:00:00,77.99,77.86994
2017-07-08 03:00:00,77.79,77.86407
2018-07-11 18:00:00,77.59,77.82325
2019-07-28 09:00:00,78.16,77.9664
2018-10-09 14:00:00,77.84,77.51883
2018-06-07 01:00:00,77.77,77.79152
2015-03-10 13:00:00,77.17,77.17147
2020-12-12 01:00:00,77.17,77.26092
2018-05-24 04:00:00,77.95,77.764114
2018-09-24 19:00:00,77.52,77.73904
2016-08-16 22:00:00,78.08,78.02129
2017-04-19 07:00:00,77.37,77.31991
2016-03-12 15:00:00,77.55,77.38596
2017-11-22 18:00:00,77.15,77.25013
2016-05-10 22:00:00,77.71,77.6493
2017-07-01 13:00:00,77.89,77.84202
2020-03-28 10:00:00,77.24,77.22504
2019-02-24 02:00:00,77.16,77.18976
2019-02-22 23:00:00,77.18,77.15976
2016-03-30 22:00:00,77.27,77.317215
2016-03-19 09:00:00,77.42,77.58561
2014-02-12 17:00:00,77.18,77.17005
2018-05-10 05:00:00,77.53,77.65407
2014-09-15 04:00:00,77.8,77.60845
2019-09-04 02:00:00,77.79,77.868164
2020-01-12 23:00:00,77.32,77.20717
2014-07-19 18:00:00,78.16,78.17207
2016-05-14 02:00:00,77.49,77.657196
2016-03-17 10:00:00,77.42,77.51872
2020-09-06 14:00:00,77.92,77.7443
2015-12-17 18:00:00,77.65,77.3374
2017-11-19 10:00:00,77.16,77.208275
2018-02-11 22:00:00,77.06,77.288506
2016-12-29 11:00:00,77.37,77.21254
2014-12-31 05:00:00,77.42,77.210815
2016-10-23 04:00:00,77.69,77.63121
2018-01-27 03:00:00,77.14,77.208176
2019-05-02 11:00:00,77.47,77.27305
2019-02-04 22:00:00,77.24,77.204994
2017-11-20 17:00:00,77.16,77.21785
2019-07-03 00:00:00,77.72,77.79378
2018-11-17 10:00:00,77.29,77.271706
2020-01-28 14:00:00,77.22,77.281136
2015-02-03 13:00:00,77.22,77.18307
2018-11-15 17:00:00,77.31,77.263824
2020-03-27 20:00:00,77.21,77.25649
2017-03-21 08:00:00,77.13,77.29795
2018-03-26 18:00:00,77.67,77.65838
2017-03-16 23:00:00,77.11,77.193085
2014-02-06 18:00:00,77.2,77.15127
2015-01-26 16:00:00,77.27,77.23339
2017-07-09 23:00:00,77.92,77.86748
2014-03-01 23:00:00,77.17,77.244774
2017-09-08 11:00:00,77.9,77.7929
2017-09-26 16:00:00,77.35,77.78677
2015-12-07 22:00:00,77.69,77.3429
2017-02-17 04:00:00,77.08,77.23821
2014-04-05 11:00:00,77.32,77.22789
2020-02-21 18:00:00,77.26,77.1869
2019-12-05 07:00:00,77.16,77.20976
2020-04-20 20:00:00,77.27,77.27721
2014-12-02 09:00:00,77.7,77.25714
2014-02-03 13:00:00,77.24,77.17233
2019-05-19 22:00:00,77.59,77.361664
2019-03-10 19:00:00,77.16,77.236725
2019-02-26 02:00:00,77.17,77.15122
2015-03-26 09:00:00,77.28,77.24097
2019-01-24 14:00:00,77.09,77.14635
2020-09-14 19:00:00,77.88,77.77118
2020-01-27 11:00:00,77.19,77.20744
2020-12-10 07:00:00,77.17,77.09577
2016-04-16 18:00:00,77.47,77.38499
2016-04-14 14:00:00,77.46,77.518585
2020-12-07 16:00:00,77.19,77.307625
2015-01-27 08:00:00,77.27,77.206406
2016-02-26 20:00:00,77.3,77.250175
2018-11-13 04:00:00,77.35,77.28619
2017-10-16 18:00:00,77.42,77.509125
2017-12-18 21:00:00,77.1,77.35365
2019-06-20 19:00:00,77.75,77.77001
2016-02-29 12:00:00,77.31,77.286
2015-03-03 12:00:00,77.21,77.127945
2014-05-28 10:00:00,77.79,77.73133
2020-11-23 10:00:00,77.32,77.226555
2015-07-22 22:00:00,77.64,77.85538
2018-06-25 09:00:00,77.79,77.79664
2015-11-02 20:00:00,77.3,77.30449
2020-03-30 14:00:00,77.15,77.219
2016-06-17 21:00:00,77.78,77.79806
2016-04-18 20:00:00,77.6,77.3571
2019-06-01 18:00:00,77.7,77.66657
2017-05-23 22:00:00,77.72,77.61916
2018-04-14 11:00:00,77.49,77.46027
2019-10-20 12:00:00,77.32,77.486786
2018-05-01 15:00:00,77.65,77.6744
2016-01-05 21:00:00,77.38,77.27015
2018-08-06 18:00:00,77.9,77.966835
2019-06-21 01:00:00,77.75,77.75711
2019-02-25 19:00:00,77.16,77.14064
2020-09-09 16:00:00,78.01,77.85537
2020-03-12 13:00:00,77.31,77.17596
2020-01-11 02:00:00,77.38,77.187675
2020-10-17 12:00:00,77.42,77.32804
2015-01-13 19:00:00,77.32,77.212074
2016-06-26 22:00:00,77.86,77.771645
2015-08-13 10:00:00,77.95,77.889565
2018-08-31 03:00:00,78.0,77.8817
2019-09-27 18:00:00,77.61,77.61949
2014-08-27 03:00:00,78.06,77.93244
2020-07-13 23:00:00,78.3,78.05639
2015-11-20 14:00:00,77.75,77.45999
2014-12-05 16:00:00,77.63,77.30812
2016-04-29 16:00:00,77.9,77.62718
2019-04-17 01:00:00,77.33,77.33186
2019-03-04 23:00:00,77.13,77.189255
2015-02-04 07:00:00,77.22,77.14397
2015-02-22 07:00:00,77.19,77.24428
2014-08-06 11:00:00,77.91,77.89104
2019-09-13 02:00:00,77.58,77.7606
2020-07-14 17:00:00,78.16,77.792465
2019-12-12 05:00:00,77.09,77.206375
2020-09-05 00:00:00,78.04,77.76739
2014-11-02 19:00:00,77.48,77.31759
2017-06-30 04:00:00,77.88,77.805954
2020-01-11 22:00:00,77.36,77.1782
2016-09-09 23:00:00,77.83,77.85324
2016-05-14 15:00:00,77.5,77.62221
2015-05-29 19:00:00,77.74,77.763275
2015-05-16 16:00:00,77.5,77.68076
2015-06-23 12:00:00,77.8,77.747795
2014-03-18 17:00:00,77.42,77.48526
2019-04-03 02:00:00,76.96,77.16294
2016-02-29 22:00:00,77.31,77.25265
2020-08-07 07:00:00,78.22,78.07671
2014-09-08 14:00:00,77.74,77.88526
2017-09-16 14:00:00,77.71,77.62803
2019-11-03 21:00:00,77.22,77.368034
2016-03-20 10:00:00,77.39,77.56496
2016-07-26 15:00:00,77.76,77.92115
2018-05-20 02:00:00,77.59,77.80679
2019-04-13 14:00:00,77.39,77.370895
2018-02-15 15:00:00,77.12,77.292984
2020-09-13 22:00:00,77.91,77.76358
2016-07-15 06:00:00,77.66,77.86927
2019-05-29 07:00:00,77.7,77.54629
2016-10-26 13:00:00,77.61,77.55443
2017-03-15 06:00:00,77.13,77.214584
2016-01-12 00:00:00,77.33,77.251816
2018-03-05 02:00:00,77.28,77.43132
2018-01-26 10:00:00,77.16,77.19407
2014-12-08 00:00:00,77.57,77.26118
2020-06-18 01:00:00,77.68,77.752235
2018-05-08 11:00:00,77.6,77.71969
2020-09-13 04:00:00,77.86,77.78863
2017-05-10 08:00:00,77.33,77.46295
2014-12-02 10:00:00,77.7,77.25279
2016-05-07 05:00:00,77.62,77.72588
2020-01-29 13:00:00,77.23,77.270325
2015-12-31 19:00:00,77.44,77.42649
2018-04-18 01:00:00,77.53,77.49149
2019-02-12 19:00:00,77.11,77.18062
2015-04-14 00:00:00,77.37,77.29959
2016-11-15 19:00:00,77.34,77.29592
2014-08-09 19:00:00,77.92,77.84219
2020-06-21 08:00:00,77.79,77.78313
2017-03-03 08:00:00,77.23,77.21606
2016-05-22 21:00:00,77.68,77.700775
2015-03-03 06:00:00,77.21,77.16091
2018-11-12 02:00:00,77.35,77.290375
2014-03-27 16:00:00,77.56,77.37528
2015-08-01 12:00:00,77.98,77.96961
2020-06-03 04:00:00,77.59,77.63122
2016-07-07 00:00:00,78.02,77.90291
2016-11-15 21:00:00,77.35,77.310875
2018-09-16 19:00:00,77.61,77.81196
2016-07-28 12:00:00,77.95,77.978874
2018-02-25 12:00:00,77.12,77.38581
2015-04-12 18:00:00,77.39,77.24028
2015-02-06 03:00:00,77.26,77.17885
2015-09-20 00:00:00,77.73,77.72564
2017-04-27 12:00:00,77.23,77.325745
2018-06-01 03:00:00,77.8,77.7819
2016-01-23 14:00:00,77.28,77.2195
2019-08-24 07:00:00,77.98,77.80104
2020-02-13 18:00:00,77.19,77.25025
2016-12-20 21:00:00,77.23,77.37156
2016-09-24 04:00:00,77.73,77.70459
2017-01-18 03:00:00,77.18,77.18221
2018-07-23 23:00:00,77.99,77.884476
2018-08-09 06:00:00,77.88,77.92499
2014-10-23 02:00:00,77.68,77.36256
2017-05-30 03:00:00,77.75,77.7515
2014-07-30 05:00:00,77.72,77.874504
2017-10-29 09:00:00,77.26,77.464195
2017-09-08 04:00:00,77.92,77.81501
2015-12-25 01:00:00,77.56,77.40163
2020-03-30 15:00:00,77.14,77.24924
2018-06-23 10:00:00,77.78,77.79419
2018-07-06 13:00:00,77.79,77.85155
2020-09-29 12:00:00,77.63,77.52423
2019-12-02 07:00:00,77.22,77.220604
2020-03-16 07:00:00,77.25,77.16768
2014-06-24 04:00:00,77.97,77.82237
2019-01-22 01:00:00,77.1,77.17355
2017-06-07 04:00:00,77.79,77.72268
2014-10-26 10:00:00,77.55,77.374695
2017-06-24 11:00:00,77.89,77.79244
2018-08-05 11:00:00,77.91,77.95098
2020-10-06 17:00:00,77.52,77.39247
2014-06-24 02:00:00,77.96,77.829056
2016-04-15 20:00:00,77.42,77.38392
2017-07-21 02:00:00,77.92,77.90227
2016-10-11 04:00:00,77.97,77.58
2014-07-09 06:00:00,77.68,77.8149
2020-02-01 05:00:00,77.26,77.196724
2020-11-03 13:00:00,77.38,77.27617
2016-02-11 00:00:00,77.34,77.23454
2015-09-01 00:00:00,77.84,77.855095
2017-10-20 09:00:00,77.35,77.41822
2014-06-23 05:00:00,77.88,77.783226
2020-04-16 17:00:00,77.17,77.23128
2018-07-08 01:00:00,77.66,77.78345
2019-06-26 07:00:00,77.73,77.751335
2016-02-11 02:00:00,77.34,77.2332
2014-05-25 18:00:00,77.85,77.74196
2015-11-06 14:00:00,77.28,77.35013
2020-03-27 14:00:00,77.2,77.28583
2016-05-22 09:00:00,77.7,77.67504
2017-04-26 02:00:00,77.25,77.387825
2019-06-04 09:00:00,77.69,77.66093
2020-07-17 16:00:00,77.8,77.81526
2016-12-07 19:00:00,77.24,77.24266
2019-02-09 12:00:00,77.15,77.15947
2015-10-03 18:00:00,77.79,77.62439
2020-12-16 02:00:00,77.16,77.043526
2018-08-04 22:00:00,77.91,77.90184
2020-11-01 21:00:00,77.41,77.31474
2017-01-02 18:00:00,77.31,77.23813
2019-08-06 02:00:00,77.85,77.85519
2016-05-02 00:00:00,77.72,77.64751
2015-09-30 16:00:00,77.5,77.64521
2017-04-05 05:00:00,77.13,77.305756
2017-04-21 02:00:00,77.29,77.33825
2016-08-10 14:00:00,78.09,78.00349
2020-07-24 05:00:00,78.09,77.9642
2017-07-19 04:00:00,78.13,77.87215
2020-02-20 04:00:00,77.25,77.20071
2017-03-10 21:00:00,77.16,77.19638
2018-05-21 20:00:00,77.83,77.756645
2017-05-23 20:00:00,77.72,77.61426
2019-07-26 16:00:00,77.79,77.88133
2015-04-23 23:00:00,77.41,77.25528
2015-03-13 14:00:00,77.17,77.149
2015-12-27 08:00:00,77.52,77.37413
2014-07-16 19:00:00,77.72,77.812325
2019-05-31 00:00:00,77.66,77.62916
2018-03-10 10:00:00,77.65,77.44342
2014-08-03 20:00:00,78.13,78.16194
2018-03-02 10:00:00,77.27,77.243744
2015-11-15 04:00:00,77.66,77.54117
2018-02-01 01:00:00,77.07,77.26328
2014-06-16 04:00:00,77.74,77.75385
2015-12-31 05:00:00,77.45,77.395096
2017-01-21 04:00:00,77.16,77.23305
2016-07-02 22:00:00,78.15,78.13903
2020-12-10 12:00:00,77.17,77.1609
2016-05-30 13:00:00,77.86,77.80202
2019-05-13 18:00:00,77.38,77.25703
2019-12-09 05:00:00,77.11,77.1975
2017-09-26 06:00:00,77.34,77.80501
2016-05-02 08:00:00,77.71,77.657845
2017-04-23 05:00:00,77.26,77.33796
2017-10-06 06:00:00,77.58,77.54195
2016-02-28 05:00:00,77.3,77.24491
2019-03-12 18:00:00,77.14,77.20347
2020-02-16 12:00:00,77.22,77.16646
2016-11-28 06:00:00,77.31,77.2749
2015-10-17 08:00:00,77.38,77.44012
2015-01-29 16:00:00,77.25,77.12871
2015-10-14 08:00:00,77.44,77.46657
2018-06-18 10:00:00,77.78,77.799805
2018-03-08 08:00:00,77.5,77.34075
2016-02-20 22:00:00,77.37,77.25772
2018-04-21 03:00:00,77.48,77.46951
2018-06-14 05:00:00,77.8,77.79729
2016-02-11 16:00:00,77.33,77.32209
2020-05-02 01:00:00,77.07,77.3679
2017-06-06 17:00:00,77.77,77.701485
2017-04-12 00:00:00,77.23,77.32499
2015-03-22 18:00:00,77.38,77.172264
2014-05-16 01:00:00,77.52,77.64019
2018-09-03 22:00:00,77.84,77.974
2017-03-05 15:00:00,77.22,77.23247
2020-08-02 23:00:00,77.99,77.8681
2020-01-08 16:00:00,77.4,77.34547
2017-11-20 18:00:00,77.16,77.231575
2017-09-16 19:00:00,77.69,77.69171
2020-02-14 20:00:00,77.17,77.20292
2019-05-29 19:00:00,77.68,77.56744
2018-08-02 09:00:00,77.89,77.89059
2019-02-01 21:00:00,77.09,77.18619
2019-12-21 19:00:00,77.12,77.20622
2017-06-18 07:00:00,77.93,77.78379
2016-11-07 09:00:00,77.47,77.349014
2014-12-05 19:00:00,77.62,77.30175
2019-09-18 01:00:00,77.39,77.68255
2015-07-18 17:00:00,77.72,77.78087
2018-09-29 04:00:00,77.44,77.586624
2016-01-23 21:00:00,77.27,77.176346
2018-06-25 15:00:00,77.78,77.8352
2020-07-02 22:00:00,77.63,77.802734
2014-11-25 05:00:00,77.65,77.41599
2019-03-27 15:00:00,77.14,77.25635
2018-01-31 16:00:00,77.08,77.273964
2017-10-16 04:00:00,77.43,77.49424
2016-07-29 19:00:00,78.04,77.938705
2020-12-18 06:00:00,77.14,77.1526
2014-03-17 19:00:00,77.44,77.40404
2015-09-30 04:00:00,77.52,77.64056
2017-04-04 20:00:00,77.13,77.2879
2017-07-02 05:00:00,77.86,77.86627
2014-10-05 19:00:00,77.43,77.49465
2015-04-23 07:00:00,77.43,77.2506
2020-06-28 01:00:00,77.59,77.766884
2017-10-16 22:00:00,77.41,77.45438
2016-10-05 23:00:00,78.27,78.08416
2014-01-09 04:00:00,77.28,77.16027
2020-10-10 04:00:00,77.48,77.43466
2017-10-07 22:00:00,77.53,77.65241
2016-01-29 12:00:00,77.4,77.28007
2019-01-26 01:00:00,77.08,77.15862
2020-12-08 22:00:00,77.17,77.08375
2018-01-09 13:00:00,77.07,77.26042
2018-12-07 16:00:00,77.32,77.25263
2019-01-28 18:00:00,77.07,77.13488
2017-08-31 00:00:00,77.61,77.792725
2017-03-17 11:00:00,77.11,77.226234
2018-03-12 05:00:00,77.59,77.321526
2019-04-20 09:00:00,77.41,77.46657
2017-03-28 15:00:00,77.18,77.24675
2020-12-17 09:00:00,77.15,77.10002
2014-12-06 14:00:00,77.61,77.28485
2014-07-01 16:00:00,77.7,77.77477
2014-02-24 22:00:00,77.15,77.19825
2014-07-20 03:00:00,78.17,77.83865
2017-04-17 23:00:00,77.4,77.40717
2019-04-30 05:00:00,77.53,77.313835
2017-11-01 20:00:00,77.24,77.338
2020-09-08 00:00:00,78.09,78.0532
2016-12-24 13:00:00,77.32,77.31828
2017-01-26 04:00:00,77.15,77.18563
2018-04-05 00:00:00,77.41,77.57509
2018-07-31 20:00:00,77.83,77.88494
2018-11-14 01:00:00,77.33,77.28484
2015-06-09 18:00:00,77.81,77.76342
2018-06-04 21:00:00,77.75,77.7979
2015-09-27 19:00:00,77.58,77.72582
2018-12-15 05:00:00,77.23,77.25081
2015-10-11 20:00:00,77.49,77.51487
2016-11-18 11:00:00,77.32,77.29131
2018-09-12 18:00:00,77.6,77.71741
2019-06-25 16:00:00,77.77,77.769295
2017-07-02 12:00:00,77.84,77.86856
2020-05-29 23:00:00,77.64,77.62105
2018-05-14 06:00:00,77.63,77.67574
2015-11-15 02:00:00,77.66,77.54159
2020-12-31 12:00:00,77.16,77.25316
2016-09-11 23:00:00,77.95,77.826355
2014-05-15 06:00:00,77.56,77.57677
2014-08-29 03:00:00,77.85,77.74326
2019-06-18 09:00:00,77.73,77.75735
2015-01-27 06:00:00,77.27,77.18948
2017-09-07 05:00:00,77.93,77.934235
2018-09-01 22:00:00,78.05,78.1091
2018-10-10 04:00:00,77.79,77.56563
2016-03-13 11:00:00,77.52,77.4736
2019-11-19 10:00:00,77.22,77.24154
2017-10-11 10:00:00,77.43,77.75844
2017-01-03 02:00:00,77.31,77.25508
2019-05-10 07:00:00,77.33,77.27532
2014-05-26 02:00:00,77.84,77.73334
2020-09-02 15:00:00,77.8,77.889496
2019-06-19 18:00:00,77.74,77.76651
2017-06-09 20:00:00,77.79,77.75742
2014-06-06 02:00:00,77.81,77.774864
2016-10-25 07:00:00,77.61,77.60887
2014-07-15 22:00:00,77.7,77.79757
2019-12-20 08:00:00,77.13,77.216934
2014-05-16 00:00:00,77.53,77.66196
2020-04-06 01:00:00,77.14,77.17692
2017-10-16 10:00:00,77.42,77.49561
2017-10-06 14:00:00,77.58,77.5509
2017-02-24 07:00:00,77.32,77.19008
2015-01-27 23:00:00,77.26,77.16086
2015-11-19 20:00:00,77.76,77.57983
2015-02-14 12:00:00,77.17,77.1766
2017-07-05 13:00:00,78.03,77.93575
2014-07-19 03:00:00,78.09,78.13177
2016-04-29 09:00:00,77.9,77.64359
2014-12-21 11:00:00,77.52,77.26552
2018-10-03 17:00:00,77.37,77.5612
2020-06-28 12:00:00,77.6,77.806946
2020-01-02 06:00:00,77.1,77.182655
2018-07-18 14:00:00,77.72,77.85765
2017-02-25 10:00:00,77.32,77.185455
2020-04-22 07:00:00,77.21,77.19996
2017-07-19 23:00:00,78.02,77.8743
2020-01-24 04:00:00,77.2,77.21788
2017-06-19 19:00:00,77.9,77.78861
2014-05-13 02:00:00,77.51,77.65032
2014-08-03 12:00:00,78.11,78.17291
2020-05-23 13:00:00,77.72,77.437874
2018-02-09 17:00:00,77.04,77.27485
2017-06-29 00:00:00,77.88,77.78473
2016-12-30 17:00:00,77.35,77.18819
2017-05-06 15:00:00,77.31,77.461586
2016-01-29 03:00:00,77.31,77.25175
2014-08-01 07:00:00,77.7,77.89308
2017-06-09 17:00:00,77.77,77.739586
2014-02-11 15:00:00,77.19,77.1792
2018-12-03 22:00:00,77.24,77.422325
2020-01-21 01:00:00,77.18,77.17224
2018-07-19 11:00:00,77.76,77.856415
2014-07-30 08:00:00,77.71,77.91968
2019-08-16 01:00:00,77.95,77.91062
2019-05-24 12:00:00,77.81,77.46114
2017-06-04 14:00:00,77.68,77.722565
2015-05-19 08:00:00,77.67,77.65088
2016-06-19 05:00:00,77.8,77.81745
2020-05-04 03:00:00,77.21,77.40326
2016-11-17 20:00:00,77.33,77.29041
2014-12-28 23:00:00,77.45,77.19369
2015-12-06 07:00:00,77.76,77.51466
2015-09-15 23:00:00,77.74,77.55275
2018-09-03 09:00:00,77.89,77.89265
2016-12-28 07:00:00,77.39,77.21869
2014-09-24 14:00:00,77.97,78.13053
2014-10-30 12:00:00,77.4,77.32647
2019-01-16 09:00:00,77.12,77.16866
2014-06-02 19:00:00,77.81,77.76783
2015-10-05 09:00:00,77.67,77.51874
2017-05-28 22:00:00,77.73,77.71485
2014-03-30 09:00:00,77.54,77.41713
2020-11-21 13:00:00,77.38,77.245995
2016-10-31 13:00:00,77.55,77.333984
2019-05-14 23:00:00,77.26,77.32889
2019-01-22 21:00:00,77.09,77.16982
2020-01-12 04:00:00,77.35,77.18519
2018-06-13 12:00:00,77.84,77.81612
2018-08-07 03:00:00,77.9,77.94267
2019-02-27 17:00:00,77.16,77.19979
2018-02-23 21:00:00,77.11,77.27311
2017-04-18 22:00:00,77.38,77.33634
2016-10-02 17:00:00,77.88,77.7736
2015-05-07 18:00:00,77.48,77.54709
2017-12-30 08:00:00,77.09,77.38182
2015-06-19 21:00:00,77.78,77.76151
2016-05-04 14:00:00,77.73,77.541725
2018-06-19 10:00:00,77.79,77.79267
2014-01-17 06:00:00,77.25,77.15628
2017-01-04 14:00:00,77.29,77.21727
2015-03-02 06:00:00,77.21,77.16704
2018-01-30 09:00:00,77.12,77.19502
2014-01-26 14:00:00,77.26,77.189835
2020-12-19 06:00:00,77.13,77.19284
2020-02-22 21:00:00,77.28,77.167534
2018-11-28 03:00:00,77.22,77.25542
2019-02-10 23:00:00,77.13,77.171455
2015-11-24 08:00:00,77.61,77.59873
2018-01-18 01:00:00,77.29,77.41109
2015-09-28 20:00:00,77.55,77.63628
2016-05-31 00:00:00,77.8,77.78532
2020-07-27 06:00:00,77.95,77.80543
2014-08-19 04:00:00,78.37,78.14305
2020-09-09 21:00:00,77.98,77.838165
2017-12-18 08:00:00,77.1,77.21698
2015-08-15 16:00:00,77.9,77.90361
2016-07-19 22:00:00,77.58,77.85849
2017-02-21 19:00:00,77.12,77.19417
2018-12-14 07:00:00,77.24,77.27403
2015-11-09 09:00:00,77.47,77.49302
2018-09-04 20:00:00,78.17,78.1796
2015-07-14 01:00:00,78.07,77.83692
2018-10-02 23:00:00,77.38,77.607056
2017-04-23 20:00:00,77.25,77.30656
2014-01-10 07:00:00,77.27,77.17754
2014-10-26 23:00:00,77.52,77.37953
2015-08-25 21:00:00,77.97,77.905716
2019-05-07 22:00:00,77.35,77.24054
2020-11-11 23:00:00,77.28,77.26627
2017-09-25 22:00:00,77.33,77.785
2016-12-13 08:00:00,77.24,77.239624
2019-03-01 21:00:00,77.15,77.1592
2018-11-10 12:00:00,77.37,77.31766
2014-04-12 17:00:00,77.18,77.28845
2019-07-20 19:00:00,78.09,78.04766
2018-05-10 06:00:00,77.53,77.665596
2019-07-16 12:00:00,77.83,77.82301
2014-02-17 08:00:00,77.18,77.17815
2016-11-29 07:00:00,77.28,77.26403
2016-12-07 03:00:00,77.24,77.200714
2017-06-01 10:00:00,77.86,77.83832
2019-07-20 11:00:00,77.96,77.98872
2014-09-19 17:00:00,77.74,77.563354
2016-08-05 07:00:00,78.05,77.92307
2019-05-07 09:00:00,77.33,77.222115
2019-06-21 19:00:00,77.76,77.767914
2014-10-21 03:00:00,77.34,77.52172
2014-07-13 12:00:00,77.63,77.87304
2017-03-15 10:00:00,77.13,77.22036
2018-10-29 12:00:00,77.34,77.35643
2015-02-01 06:00:00,77.24,77.166374
2014-03-14 06:00:00,77.5,77.298965
2017-07-14 23:00:00,78.05,77.86177
2014-10-18 10:00:00,77.28,77.35234
2016-10-31 20:00:00,77.54,77.35444
2015-11-14 08:00:00,77.62,77.51325
2014-12-15 11:00:00,77.47,77.29117
2014-10-27 17:00:00,77.48,77.35517
2020-09-28 21:00:00,77.62,77.5415
2016-06-05 13:00:00,77.85,77.759384
2017-04-05 21:00:00,77.14,77.35311
2017-02-03 22:00:00,77.14,77.16435
2016-06-25 22:00:00,77.94,77.77766
2015-08-21 18:00:00,78.12,78.11517
2020-03-07 19:00:00,77.29,77.168274
2019-12-08 19:00:00,77.11,77.2163
2018-01-27 16:00:00,77.15,77.15244
2014-07-01 19:00:00,77.7,77.7588
2019-11-12 01:00:00,77.21,77.41678
2015-05-25 22:00:00,77.77,77.77623
2016-11-30 01:00:00,77.28,77.233864
2019-10-11 12:00:00,77.51,77.526794
2015-08-29 19:00:00,77.76,77.80526
2019-11-14 09:00:00,77.19,77.23989
2017-02-15 15:00:00,77.09,77.19724
2019-12-04 21:00:00,77.16,77.23009
2019-08-16 10:00:00,77.94,77.93092
2016-06-10 08:00:00,77.81,77.76018
2015-06-11 07:00:00,77.76,77.737564
2015-02-16 22:00:00,77.19,77.22058
2019-06-06 23:00:00,77.71,77.711395
2020-10-23 14:00:00,77.44,77.386375
2019-03-17 03:00:00,77.13,77.168144
2016-08-07 04:00:00,78.04,77.94382
2020-10-09 23:00:00,77.47,77.42249
2015-12-11 08:00:00,77.75,77.76886
2016-01-15 04:00:00,77.3,77.19766
2016-09-08 07:00:00,77.82,77.87508
2016-11-27 07:00:00,77.32,77.25348
2017-12-11 08:00:00,77.13,77.22555
2019-01-10 13:00:00,77.12,77.15557
2014-04-30 08:00:00,77.66,77.55065
2020-04-30 18:00:00,77.05,77.23711
2018-11-01 07:00:00,77.31,77.281395
2017-01-25 07:00:00,77.15,77.177895
2019-06-25 14:00:00,77.77,77.767815
2018-01-24 15:00:00,77.2,77.2269
2019-08-05 00:00:00,77.78,77.84485
2017-06-04 20:00:00,77.69,77.74464
2019-09-13 05:00:00,77.57,77.74854
2019-10-19 19:00:00,77.33,77.6733
2015-11-22 06:00:00,77.7,77.481895
2019-04-14 01:00:00,77.37,77.36245
2015-04-01 00:00:00,77.24,77.32982
2017-06-04 17:00:00,77.73,77.72333
2014-12-26 16:00:00,77.49,77.19952
2014-07-22 04:00:00,78.01,77.878334
2016-08-18 19:00:00,78.03,77.9747
2020-12-18 14:00:00,77.13,77.2056
2014-07-22 13:00:00,77.97,77.86438
2019-03-24 16:00:00,77.16,77.1514
2018-08-16 18:00:00,77.93,77.99602
2018-05-23 18:00:00,77.97,77.81845
2020-12-03 03:00:00,77.19,77.168175
2016-05-06 17:00:00,77.65,77.69464
2015-05-12 17:00:00,77.6,77.712105
2018-03-13 11:00:00,77.55,77.49925
2014-05-06 08:00:00,77.46,77.44166
2015-12-27 20:00:00,77.51,77.28277
2018-03-03 11:00:00,77.27,77.23089
2017-02-03 23:00:00,77.14,77.1777
2015-12-14 05:00:00,77.73,77.66433
2015-12-31 14:00:00,77.45,77.48342
2018-04-12 11:00:00,77.53,77.53638
2018-10-06 12:00:00,78.04,77.99703
2014-11-24 19:00:00,77.38,77.514656
2014-07-23 05:00:00,77.92,77.878624
2019-10-18 18:00:00,77.35,77.506874
2020-07-20 20:00:00,77.6,77.88713
2016-01-11 17:00:00,77.33,77.220146
2019-04-27 21:00:00,77.37,77.32415
2015-04-26 13:00:00,77.36,77.35268
2018-12-31 09:00:00,77.13,77.169945
2019-03-09 04:00:00,77.12,77.165344
2015-10-27 02:00:00,77.29,77.3354
2019-08-24 11:00:00,77.96,77.76965
2017-04-26 00:00:00,77.25,77.41319
2019-03-02 14:00:00,77.15,77.16834
2019-08-05 21:00:00,77.84,77.86242
2016-02-22 09:00:00,77.34,77.3291
2018-01-18 05:00:00,77.3,77.43922
2019-12-25 03:00:00,77.11,77.18699
2018-05-12 15:00:00,77.53,77.634125
2017-07-24 17:00:00,77.75,77.911545
2017-06-01 07:00:00,77.86,77.80987
2016-06-23 22:00:00,77.77,77.78264
2015-09-07 03:00:00,77.9,77.87863
2017-06-08 16:00:00,77.66,77.78808
2017-10-21 10:00:00,77.33,77.41327
2018-09-09 22:00:00,77.7,77.63867
2016-12-13 17:00:00,77.25,77.310394
2019-09-14 19:00:00,77.49,77.77217
2018-09-17 14:00:00,77.6,77.83678
2014-05-27 15:00:00,77.8,77.733505
2019-08-19 23:00:00,77.87,77.78452
2014-03-11 10:00:00,77.14,77.22618
2015-01-01 17:00:00,77.38,77.214615
2015-09-05 08:00:00,77.91,77.843925
2018-03-12 13:00:00,77.58,77.525894
2019-09-24 04:00:00,77.97,77.702415
2019-08-22 18:00:00,78.16,78.03022
2016-10-09 20:00:00,78.14,77.572914
2018-09-02 14:00:00,77.97,77.88316
2014-02-20 20:00:00,77.15,77.153534
2019-04-16 12:00:00,77.3,77.37691
2016-07-28 06:00:00,77.86,77.94973
2019-10-06 16:00:00,77.84,77.70616
2020-03-29 13:00:00,77.18,77.19021
2015-05-30 22:00:00,77.75,77.773705
2016-06-02 12:00:00,77.81,77.693085
2015-03-17 19:00:00,77.21,77.157364
2015-07-08 21:00:00,77.75,77.769005
2014-05-07 15:00:00,77.48,77.48141
2019-01-03 16:00:00,77.14,77.182526
2019-11-01 12:00:00,77.23,77.33034
2016-05-08 08:00:00,77.57,77.6427
2018-09-12 01:00:00,77.61,77.598206
2016-10-10 13:00:00,78.04,77.48935
2017-10-10 20:00:00,77.44,77.75175
2017-07-20 11:00:00,77.96,77.88943
2018-11-11 07:00:00,77.35,77.27051
2014-12-20 10:00:00,77.48,77.23658
2015-10-07 06:00:00,77.58,77.4245
2014-03-03 21:00:00,77.18,77.1982
2014-08-05 21:00:00,77.97,77.92801
2018-09-15 10:00:00,77.6,77.86043
2020-12-16 14:00:00,77.16,77.157555
2019-08-20 02:00:00,77.87,77.80282
2018-06-05 17:00:00,77.79,77.80252
2014-02-18 21:00:00,77.17,77.204254
2016-03-29 00:00:00,77.29,77.26904
2015-11-07 08:00:00,77.28,77.3878
2020-05-08 05:00:00,77.27,77.22956
2019-01-04 11:00:00,77.14,77.1874
2018-03-25 20:00:00,77.71,77.661064
2017-06-19 00:00:00,77.8,77.76854
2018-05-14 14:00:00,77.63,77.69537
2019-07-18 20:00:00,77.9,77.93413
2018-10-26 10:00:00,77.33,77.37896
2020-05-02 10:00:00,77.1,77.382385
2019-08-06 20:00:00,77.88,77.853935
2014-07-23 06:00:00,77.92,77.87437
2017-03-12 10:00:00,77.15,77.193665
2017-05-24 19:00:00,77.72,77.63971
2017-10-27 19:00:00,77.27,77.46037
2019-02-08 08:00:00,77.17,77.173164
2019-09-14 18:00:00,77.49,77.7735
2018-07-11 06:00:00,77.57,77.79267
2020-03-02 07:00:00,77.34,77.18906
2019-02-01 03:00:00,77.09,77.18534
2016-03-11 17:00:00,77.58,77.37393
2015-05-25 21:00:00,77.77,77.780235
2016-08-17 03:00:00,78.08,78.003296
2019-11-18 00:00:00,77.17,77.30902
2014-06-09 03:00:00,77.73,77.78912
2015-08-13 13:00:00,77.95,77.897224
2014-04-23 00:00:00,77.36,77.28448
2019-04-21 01:00:00,77.41,77.47984
2019-12-31 07:00:00,77.12,77.18207
2015-12-28 10:00:00,77.5,77.29274
2019-03-07 18:00:00,77.12,77.14911
2018-10-03 07:00:00,77.37,77.491905
2017-05-08 15:00:00,77.21,77.36588
2016-04-20 08:00:00,77.53,77.40822
2014-06-19 02:00:00,77.75,77.75965
2016-02-16 18:00:00,77.44,77.238
2016-09-05 13:00:00,77.81,77.977005
2020-03-26 05:00:00,77.15,77.21073
2020-02-16 08:00:00,77.21,77.156075
2015-10-18 16:00:00,77.37,77.47866
2017-05-14 02:00:00,77.35,77.47168
2018-12-20 09:00:00,77.2,77.29717
2018-06-21 00:00:00,77.87,77.80691
2017-07-31 05:00:00,77.86,77.9124
2017-07-21 09:00:00,77.89,77.91353
2019-01-20 18:00:00,77.11,77.16777
2019-12-11 02:00:00,77.09,77.2182
2019-10-23 18:00:00,77.28,77.52607
2014-01-04 19:00:00,77.31,77.16637
2018-08-21 00:00:00,77.91,77.85105
2016-05-05 08:00:00,77.69,77.65553
2016-08-18 20:00:00,78.02,77.998085
2014-09-06 15:00:00,77.67,77.79412
2017-04-21 16:00:00,77.29,77.38288
2015-02-04 11:00:00,77.21,77.19591
2018-07-28 03:00:00,77.94,77.91249
2020-02-16 16:00:00,77.23,77.192795
2014-08-26 14:00:00,78.11,77.91298
2018-01-27 08:00:00,77.13,77.17781
2020-11-03 12:00:00,77.38,77.28699
2017-03-15 19:00:00,77.12,77.18031
2019-03-14 21:00:00,77.13,77.15856
2016-10-28 00:00:00,77.58,77.40652
2019-09-17 08:00:00,77.4,77.80032
2019-01-04 20:00:00,77.14,77.17365
2014-05-03 04:00:00,77.54,77.53869
2019-08-17 05:00:00,77.92,77.89077
2017-10-14 02:00:00,77.49,77.44822
2016-03-24 07:00:00,77.34,77.34297
2020-08-25 20:00:00,77.98,77.89606
2015-04-20 11:00:00,77.47,77.44572
2017-09-18 13:00:00,77.58,77.79201
2017-01-22 04:00:00,77.17,77.18988
2017-01-14 08:00:00,77.21,77.194496
2018-08-08 18:00:00,77.89,77.9293
2019-08-13 02:00:00,77.93,78.00824
2015-03-10 03:00:00,77.18,77.15139
2020-02-21 01:00:00,77.25,77.19144
2018-06-19 09:00:00,77.78,77.79142
2016-08-02 17:00:00,78.06,77.92046
2015-04-29 05:00:00,77.4,77.44679
2015-05-26 06:00:00,77.76,77.77694
2017-11-04 21:00:00,77.22,77.38976
2015-01-24 00:00:00,77.25,77.15582
2014-04-21 09:00:00,77.36,77.19567
2014-10-08 11:00:00,77.39,77.45998
2015-01-02 23:00:00,77.36,77.2405
2019-06-23 09:00:00,78.0,77.81663
2018-05-10 07:00:00,77.52,77.67126
2015-05-09 16:00:00,77.53,77.62524
2016-10-07 19:00:00,78.08,77.63321
2015-08-24 17:00:00,77.9,77.84181
2014-05-21 04:00:00,77.76,77.72743
2016-08-11 19:00:00,78.06,77.99043
2017-01-26 11:00:00,77.15,77.19066
2014-05-09 02:00:00,77.47,77.66245
2015-10-02 06:00:00,77.89,77.85798
2020-12-26 15:00:00,77.11,77.34778
2016-05-26 20:00:00,77.86,77.764435
2020-02-27 01:00:00,77.36,77.19914
2019-07-27 18:00:00,78.09,77.9393
2018-07-06 14:00:00,77.78,77.84852
2019-07-08 03:00:00,77.5,77.77469
2020-08-29 22:00:00,77.92,78.023766
2018-07-25 09:00:00,77.98,77.898415
2020-02-18 01:00:00,77.24,77.20947
2016-06-07 19:00:00,77.81,77.737625
2017-05-14 09:00:00,77.36,77.460144
2018-04-14 23:00:00,77.53,77.46376
2018-06-19 00:00:00,77.77,77.78136
2014-03-01 20:00:00,77.16,77.281265
2019-09-10 16:00:00,77.75,78.04384
2015-12-26 15:00:00,77.54,77.39507
2015-11-26 01:00:00,77.61,77.50553
2018-06-13 00:00:00,77.86,77.79997
2020-08-02 15:00:00,78.04,77.87691
2020-02-01 04:00:00,77.26,77.19289
2019-06-06 03:00:00,77.66,77.688225
2019-04-09 02:00:00,77.22,77.29499
2019-10-21 00:00:00,77.32,77.47445
2014-09-16 03:00:00,77.77,77.657974
2018-09-10 21:00:00,77.66,77.690544
2019-04-30 20:00:00,77.57,77.41995
2019-06-04 14:00:00,77.7,77.683174
2015-06-02 14:00:00,77.72,77.758896
2020-11-03 01:00:00,77.4,77.33141
2014-08-14 08:00:00,77.9,77.97569
2015-11-24 02:00:00,77.62,77.60759
2020-12-28 19:00:00,77.15,77.54509
2020-10-04 19:00:00,77.56,77.533066
2019-02-28 05:00:00,77.16,77.2019
2015-05-28 10:00:00,77.69,77.77211
2017-03-14 02:00:00,77.14,77.22466
2015-05-29 07:00:00,77.73,77.766884
2019-01-25 17:00:00,77.08,77.14118
2016-05-25 13:00:00,77.91,77.74153
2020-11-21 08:00:00,77.39,77.24368
2016-12-18 09:00:00,77.21,77.22014
2020-08-26 08:00:00,77.98,77.91285
2020-12-16 10:00:00,77.17,77.0526
2018-09-13 11:00:00,77.61,77.892586
2014-09-11 10:00:00,77.78,77.76001
2016-06-28 22:00:00,77.78,77.78612
2015-08-30 02:00:00,77.72,77.82034
2018-11-25 06:00:00,77.24,77.24758
2018-01-12 21:00:00,77.06,77.2823
2019-04-18 01:00:00,77.4,77.40793
2018-04-04 10:00:00,77.39,77.59301
2020-02-15 17:00:00,77.17,77.190926
2020-06-20 17:00:00,77.76,77.81094
2016-01-25 01:00:00,77.27,77.19857
2020-11-01 16:00:00,77.38,77.319084
2019-10-13 19:00:00,77.43,77.5895
2014-12-25 09:00:00,77.52,77.28605
2020-01-02 04:00:00,77.1,77.18453
2017-06-15 05:00:00,77.8,77.75619
2018-04-01 18:00:00,77.45,77.640045
2018-01-04 12:00:00,77.07,77.32102
2016-09-22 08:00:00,77.86,77.66938
2015-10-22 01:00:00,77.33,77.4649
2020-09-29 07:00:00,77.62,77.43844
2020-04-20 16:00:00,77.28,77.27113
2016-05-01 14:00:00,77.77,77.6429
2019-07-19 02:00:00,77.89,77.81971
2019-04-28 01:00:00,77.36,77.31782
2019-09-04 07:00:00,77.8,77.866615
2017-09-07 02:00:00,77.92,77.93746
2020-04-17 18:00:00,77.25,77.33205
2019-02-04 05:00:00,77.23,77.186905
2015-08-02 17:00:00,77.99,77.89657
2014-12-05 20:00:00,77.62,77.29554
2019-04-26 06:00:00,77.45,77.46412
2014-07-03 00:00:00,77.69,77.80915
2020-09-16 09:00:00,77.83,77.86332
2014-09-19 06:00:00,77.74,77.63238
2020-05-28 05:00:00,77.65,77.49935
2018-03-19 22:00:00,77.82,77.50179
2014-04-04 12:00:00,77.33,77.22199
2019-07-30 16:00:00,77.92,77.86472
2015-07-16 06:00:00,77.9,77.80724
2018-11-07 23:00:00,77.27,77.326805
2016-03-07 03:00:00,77.8,77.393166
2014-01-15 17:00:00,77.25,77.16317
2019-01-23 23:00:00,77.09,77.16006
2014-04-04 10:00:00,77.33,77.25187
2018-12-03 03:00:00,77.22,77.25433
2016-10-27 22:00:00,77.58,77.47653
2018-12-24 23:00:00,77.17,77.210556
2020-11-26 00:00:00,77.27,77.24444
2017-01-04 03:00:00,77.29,77.21257
2020-08-29 15:00:00,77.95,77.9486
2016-09-25 06:00:00,77.65,77.68329
2014-06-20 03:00:00,77.8,77.751175
2017-04-22 01:00:00,77.28,77.31602
2016-12-15 10:00:00,77.22,77.24951
2014-05-28 20:00:00,77.82,77.75194
2016-07-15 15:00:00,77.65,77.82325
2014-01-26 17:00:00,77.26,77.151596
2018-07-31 04:00:00,77.86,77.88458
2015-05-26 15:00:00,77.76,77.78567
2018-10-29 15:00:00,77.34,77.332
2016-08-29 23:00:00,77.94,77.83358
2016-01-24 13:00:00,77.27,77.18963
2016-05-25 15:00:00,77.92,77.73466
2020-11-13 11:00:00,77.28,77.3093
2020-06-23 08:00:00,77.68,77.78488
2020-03-28 14:00:00,77.22,77.189575
2015-01-07 02:00:00,77.4,77.19131
2014-01-04 03:00:00,77.32,77.15889
2014-04-13 11:00:00,77.22,77.357445
2014-10-06 07:00:00,77.43,77.44478
2018-11-27 19:00:00,77.22,77.2596
2016-11-01 19:00:00,77.54,77.289825
2019-01-08 08:00:00,77.13,77.18
2019-11-17 07:00:00,77.16,77.3189
2014-02-11 23:00:00,77.17,77.177505
2017-08-19 01:00:00,77.89,77.822815
2016-01-19 23:00:00,77.29,77.22798
2020-05-19 17:00:00,77.65,77.37247
2014-05-05 15:00:00,77.52,77.43446
2014-01-06 17:00:00,77.29,77.15876
2019-09-16 20:00:00,77.42,77.864426
2020-06-11 14:00:00,77.67,77.76185
2014-06-19 22:00:00,77.79,77.74141
2018-04-19 15:00:00,77.51,77.488045
2018-09-09 11:00:00,77.73,77.695015
2014-04-24 00:00:00,77.39,77.24365
2014-06-11 17:00:00,77.82,77.76587
2017-08-26 10:00:00,77.87,77.90345
2017-09-15 07:00:00,77.81,77.67377
2014-01-22 15:00:00,77.24,77.17923
2019-09-28 18:00:00,77.55,77.737045
2014-05-04 15:00:00,77.52,77.47372
2017-02-19 15:00:00,77.08,77.155815
2017-05-07 23:00:00,77.22,77.359795
2017-10-27 17:00:00,77.28,77.39221
2019-08-08 01:00:00,77.86,77.86982
2019-10-05 03:00:00,78.1,77.77728
2017-07-15 08:00:00,78.2,77.87036
2020-04-05 19:00:00,77.14,77.14293
2017-12-07 15:00:00,77.13,77.29112
2017-08-04 00:00:00,77.95,77.90577
2015-07-20 00:00:00,77.62,77.821014
2016-10-16 11:00:00,77.62,77.49248
2018-01-07 07:00:00,77.05,77.23425
2014-09-03 13:00:00,77.74,77.91579
2014-02-25 19:00:00,77.14,77.18648
2016-01-09 15:00:00,77.34,77.31818
2016-06-30 13:00:00,77.77,77.770584
2018-05-21 07:00:00,77.71,77.709465
2018-06-26 04:00:00,77.76,77.78109
2016-12-01 14:00:00,77.29,77.32176
2017-04-02 07:00:00,77.15,77.21188
2016-05-14 05:00:00,77.5,77.66172
2015-06-27 07:00:00,77.77,77.79839
2020-09-30 07:00:00,77.62,77.59733
2014-02-06 21:00:00,77.2,77.16123
2014-05-19 01:00:00,77.53,77.73047
2020-08-01 15:00:00,78.19,77.85172
2020-06-07 19:00:00,77.78,77.836555
2018-10-16 06:00:00,77.49,77.46552
2020-11-12 07:00:00,77.28,77.255714
2017-03-13 00:00:00,77.14,77.16603
2015-10-03 08:00:00,77.83,77.44768
2015-04-03 11:00:00,77.23,77.32554
2014-09-10 10:00:00,77.79,77.801384
2020-02-29 17:00:00,77.37,77.26356
2020-07-25 03:00:00,78.08,77.8694
2020-08-10 07:00:00,78.37,77.99683
2016-10-19 10:00:00,77.88,77.59161
2020-04-17 07:00:00,77.17,77.26986
2017-06-28 11:00:00,77.9,77.80743
2016-01-13 03:00:00,77.32,77.21876
2020-05-09 13:00:00,77.37,77.38588
2016-10-14 22:00:00,77.68,77.55868
2019-04-26 12:00:00,77.44,77.45872
2016-03-07 22:00:00,77.77,77.54801
2014-11-28 21:00:00,77.69,77.496765
2014-10-02 20:00:00,77.55,77.60908
2018-06-11 14:00:00,77.81,77.7866
2019-05-08 04:00:00,77.36,77.19199
2016-10-20 21:00:00,77.81,77.66096
2018-10-03 20:00:00,77.37,77.555855
2015-12-16 23:00:00,77.66,77.35832
2016-08-01 06:00:00,78.03,77.93909
2016-01-31 09:00:00,77.68,77.30862
2020-01-18 22:00:00,77.21,77.190796
2015-05-12 23:00:00,77.57,77.69062
2016-01-16 17:00:00,77.29,77.205414
2019-02-05 20:00:00,77.23,77.17077
2017-03-13 22:00:00,77.14,77.243645
2015-02-04 03:00:00,77.22,77.15093
2015-11-01 22:00:00,77.3,77.273094
2015-12-22 09:00:00,77.59,77.46239
2019-10-27 17:00:00,77.26,77.36266
2017-04-21 10:00:00,77.3,77.383
2016-03-20 15:00:00,77.39,77.46
2018-02-16 03:00:00,77.12,77.23153
2019-02-24 17:00:00,77.16,77.16418
2016-05-05 02:00:00,77.7,77.6378
2017-05-01 20:00:00,77.15,77.43394
2020-04-10 13:00:00,77.09,77.22335
2019-04-08 05:00:00,77.2,77.30487
2017-11-22 06:00:00,77.16,77.2185
2016-12-14 16:00:00,77.24,77.26694
2020-08-06 15:00:00,78.22,78.106575
2016-08-23 01:00:00,77.94,78.04115
2019-04-25 10:00:00,77.49,77.50857
2014-10-05 03:00:00,77.46,77.43817
2018-04-04 16:00:00,77.4,77.58379
2017-02-24 19:00:00,77.32,77.179825
2019-09-17 03:00:00,77.41,77.840904
2016-03-14 23:00:00,77.48,77.566185
2014-07-25 12:00:00,77.84,77.913155
2018-09-12 14:00:00,77.6,77.709335
2017-10-22 17:00:00,77.32,77.480965
2016-11-26 18:00:00,77.3,77.23111
2014-11-02 06:00:00,77.49,77.48559
2017-01-16 08:00:00,77.2,77.180725
2019-09-24 18:00:00,77.88,77.6075
2015-05-05 04:00:00,77.57,77.41297
2017-11-29 18:00:00,77.15,77.32979
2019-08-20 17:00:00,77.86,77.83218
2018-09-21 09:00:00,77.55,77.82636
2016-02-14 00:00:00,77.41,77.422646
2018-04-15 05:00:00,77.54,77.541275
2018-04-03 01:00:00,77.37,77.59027
2014-05-17 01:00:00,77.54,77.694916
2018-04-03 03:00:00,77.37,77.59208
2016-06-11 11:00:00,77.83,77.74333
2014-09-16 09:00:00,77.76,77.82709
2019-05-14 14:00:00,77.36,77.39271
2016-01-16 11:00:00,77.29,77.25006
2019-02-02 17:00:00,77.09,77.157745
2015-01-19 16:00:00,77.27,77.15202
2018-04-30 03:00:00,77.68,77.63828
2016-05-19 10:00:00,77.61,77.650795
2016-11-30 15:00:00,77.29,77.27342
2018-05-14 08:00:00,77.63,77.67086
2017-02-22 07:00:00,77.13,77.16216
2020-08-07 00:00:00,78.22,78.09
2019-10-09 14:00:00,77.61,77.61995
2017-08-12 19:00:00,77.96,77.90163
2014-06-30 00:00:00,77.69,77.77189
2019-12-31 03:00:00,77.12,77.18683
2019-01-13 20:00:00,77.14,77.18658
2020-01-09 14:00:00,77.43,77.21523
2018-10-26 20:00:00,77.33,77.36912
2015-11-13 02:00:00,77.39,77.30307
2020-11-22 04:00:00,77.35,77.292465
2017-12-08 02:00:00,77.13,77.21374
2019-12-31 23:00:00,77.11,77.17195
2019-07-25 17:00:00,77.85,77.87933
2020-05-30 09:00:00,77.65,77.576836
2016-03-19 05:00:00,77.42,77.54711
2017-09-27 01:00:00,77.35,77.74437
2018-07-15 05:00:00,77.47,77.84398
2017-09-19 14:00:00,77.53,77.73471
2015-12-07 13:00:00,77.7,77.40571
2018-11-01 03:00:00,77.31,77.31246
2019-11-18 17:00:00,77.23,77.32764
2015-10-15 02:00:00,77.42,77.423836
2019-03-15 20:00:00,77.13,77.138435
2016-09-14 05:00:00,77.84,77.80538
2019-03-21 13:00:00,77.17,77.33609
2016-03-02 23:00:00,77.3,77.20498
2014-04-16 11:00:00,77.28,77.31317
2014-04-15 03:00:00,77.22,77.24188
2019-02-16 12:00:00,77.09,77.163956
2015-08-07 13:00:00,77.97,77.93305
2015-05-13 23:00:00,77.52,77.66245
2016-01-02 08:00:00,77.43,77.297905
2020-06-30 23:00:00,77.74,77.82869
2014-04-17 01:00:00,77.28,77.28375
2015-11-25 03:00:00,77.59,77.609024
2020-01-28 04:00:00,77.22,77.206566
2018-05-11 17:00:00,77.52,77.72162
2020-04-01 18:00:00,77.12,77.16814
2014-08-07 07:00:00,77.84,78.12769
2015-10-01 12:00:00,77.59,77.77341
2016-12-06 22:00:00,77.25,77.22136
2020-08-24 09:00:00,78.0,77.90111
2019-06-27 00:00:00,77.87,77.851265
2017-08-26 20:00:00,77.83,77.803345
2016-01-26 18:00:00,77.26,77.21419
2016-12-11 23:00:00,77.24,77.18634
2016-08-17 01:00:00,78.08,78.00772
2017-10-08 09:00:00,77.51,77.6102
2019-10-19 16:00:00,77.34,77.54911
2014-10-20 06:00:00,77.28,77.39736
2014-10-17 04:00:00,77.29,77.35701
2015-07-02 18:00:00,77.7,77.72274
2018-12-10 22:00:00,77.26,77.21707
2020-04-30 14:00:00,77.07,77.23834
2019-03-13 17:00:00,77.13,77.13578
2015-01-22 12:00:00,77.27,77.20169
2019-02-16 19:00:00,77.09,77.20274
2015-07-01 10:00:00,77.77,77.82785
2016-08-21 07:00:00,78.03,78.00904
2015-03-17 17:00:00,77.22,77.23052
2019-02-11 07:00:00,77.13,77.164665
2018-11-14 02:00:00,77.33,77.27618
2014-11-22 17:00:00,77.23,77.23841
2015-03-24 02:00:00,77.32,77.23333
2016-11-27 13:00:00,77.31,77.285614
2020-01-23 11:00:00,77.2,77.22869
2014-05-24 02:00:00,77.82,77.76597
2016-08-17 05:00:00,78.08,78.015854
2016-08-01 20:00:00,78.04,77.9469
2015-01-09 23:00:00,77.35,77.200935
2019-04-27 00:00:00,77.41,77.42783
2020-12-02 14:00:00,77.2,77.263084
2016-04-02 00:00:00,77.26,77.261765
2016-11-11 10:00:00,77.45,77.3633
2015-01-14 08:00:00,77.32,77.18693
2020-04-01 11:00:00,77.09,77.165146
2020-07-12 05:00:00,77.78,77.84228
2019-10-27 02:00:00,77.27,77.49008
2015-12-25 22:00:00,77.55,77.16611
2015-07-18 13:00:00,77.73,77.80557
2019-07-09 22:00:00,77.48,77.78927
2015-06-10 16:00:00,77.78,77.760445
2015-07-25 07:00:00,77.75,77.881805
2014-07-20 15:00:00,78.13,77.90252
2018-12-31 22:00:00,77.13,77.185905
2020-01-06 11:00:00,77.09,77.18727
2015-04-11 02:00:00,77.43,77.28155
2018-04-28 01:00:00,77.68,77.64932
2019-12-26 16:00:00,77.12,77.18833
2015-09-18 19:00:00,77.74,77.68057
2014-03-22 16:00:00,77.36,77.22819
2019-12-08 16:00:00,77.11,77.20919
2019-08-13 20:00:00,77.9,77.92173
2017-10-24 00:00:00,77.3,77.42425
2020-07-04 12:00:00,77.62,77.90016
2017-10-31 08:00:00,77.25,77.27254
2017-06-28 12:00:00,77.9,77.811775
2017-04-24 04:00:00,77.25,77.303635
2014-10-17 23:00:00,77.28,77.3235
2020-06-08 11:00:00,77.73,77.711586
2019-01-06 20:00:00,77.14,77.17906
2016-08-06 19:00:00,78.01,77.96313
2020-01-22 11:00:00,77.17,77.18634
2016-04-22 15:00:00,77.64,77.59553
2019-03-30 04:00:00,77.07,77.167725
2014-11-12 13:00:00,77.32,77.263916
2016-10-02 13:00:00,77.87,77.74087
2014-09-14 15:00:00,77.78,77.6213
2018-06-07 07:00:00,77.78,77.78942
2014-12-23 11:00:00,77.53,77.33101
2015-05-17 11:00:00,77.49,77.59504
2015-09-26 09:00:00,77.64,77.77311
2019-10-13 08:00:00,77.44,77.52248
2017-04-29 06:00:00,77.18,77.29712
2014-04-20 05:00:00,77.36,77.285
2020-11-01 08:00:00,77.34,77.34216
2017-06-11 03:00:00,77.86,77.74053
2018-06-22 19:00:00,77.79,77.802826
2017-05-27 03:00:00,77.62,77.717415
2014-01-10 11:00:00,77.26,77.180626
2019-06-11 14:00:00,77.71,77.725914
2015-12-18 06:00:00,77.65,77.26041
2014-09-05 01:00:00,77.65,77.83624
2020-08-05 06:00:00,77.81,77.88312
2017-10-14 19:00:00,77.47,77.652306
2019-04-11 12:00:00,77.47,77.41336
2015-01-25 08:00:00,77.24,77.17386
2017-07-04 09:00:00,77.88,77.93615
2017-06-06 01:00:00,77.67,77.79463
2020-07-03 14:00:00,77.61,77.78502
2019-11-12 00:00:00,77.21,77.38658
2017-07-11 20:00:00,77.76,77.89902
2016-10-17 21:00:00,78.05,77.75506
2018-12-04 13:00:00,77.28,77.39421
2020-12-09 07:00:00,77.17,77.10658
2015-04-20 12:00:00,77.47,77.4496
2015-05-09 20:00:00,77.52,77.63929
2018-03-01 03:00:00,77.21,77.24063
2018-10-03 16:00:00,77.38,77.54766
2017-05-22 05:00:00,77.8,77.52803
2015-04-11 21:00:00,77.4,77.29528
2015-12-22 23:00:00,77.58,77.59047
2017-11-07 19:00:00,77.21,77.40278
2020-02-13 23:00:00,77.18,77.244125
2014-05-06 20:00:00,77.48,77.46228
2015-04-19 03:00:00,77.39,77.24069
2016-09-23 20:00:00,77.76,77.7255
2016-07-29 03:00:00,78.04,77.96251
2017-07-28 15:00:00,77.64,77.86473
2019-02-20 03:00:00,77.18,77.209625
2017-03-26 18:00:00,77.2,77.29327
2018-11-28 13:00:00,77.22,77.22204
2018-08-15 07:00:00,77.93,77.86658
2015-09-21 09:00:00,77.71,77.7884
2014-12-02 07:00:00,77.7,77.26631
2014-01-19 13:00:00,77.23,77.186226
2014-05-01 09:00:00,77.6,77.617004
2019-01-13 14:00:00,77.14,77.20232
2016-10-25 11:00:00,77.61,77.64867
2014-06-30 10:00:00,77.69,77.74959
2020-04-29 08:00:00,77.06,77.19285
2019-05-16 16:00:00,77.19,77.39179
2016-11-07 10:00:00,77.47,77.37387
2019-07-10 21:00:00,77.54,77.84946
2017-07-31 18:00:00,77.91,77.906204
2016-06-14 12:00:00,77.89,77.764114
2020-12-05 14:00:00,77.19,77.31307
2014-08-22 06:00:00,77.99,77.95859
2016-06-07 02:00:00,77.8,77.73505
2020-04-30 19:00:00,77.05,77.19552
2017-04-19 03:00:00,77.38,77.32829
2015-04-27 05:00:00,77.35,77.3081
2015-02-09 12:00:00,77.23,77.185265
2018-04-09 03:00:00,77.66,77.56764
2019-05-03 17:00:00,77.4,77.26855
2017-06-01 00:00:00,77.81,77.80089
2014-05-16 07:00:00,77.53,77.609116
2014-06-13 16:00:00,77.8,77.757774
2017-09-06 05:00:00,77.87,77.83938
2017-06-25 04:00:00,77.89,77.75987
2020-03-25 07:00:00,77.19,77.19684
2019-01-01 10:00:00,77.13,77.17951
2020-09-11 09:00:00,77.89,77.81162
2016-07-23 16:00:00,77.58,77.86754
2018-06-22 04:00:00,77.81,77.78495
2015-05-30 05:00:00,77.73,77.723145
2020-06-17 04:00:00,77.72,77.7763
2019-12-25 11:00:00,77.11,77.19021
2020-02-22 17:00:00,77.29,77.16593
2019-02-06 17:00:00,77.21,77.15376
2018-10-12 03:00:00,77.64,77.49737
2018-04-07 18:00:00,77.71,77.35925
2020-01-06 04:00:00,77.09,77.18632
2020-02-04 05:00:00,77.23,77.16704
2016-04-27 08:00:00,77.58,77.51623
2016-01-31 02:00:00,77.67,77.354774
2019-07-13 03:00:00,77.67,77.79097
2016-08-08 18:00:00,78.1,77.979294
2015-06-22 01:00:00,77.89,77.7835
2020-06-16 22:00:00,77.73,77.805275
2016-10-21 12:00:00,77.77,77.61631
2015-09-18 15:00:00,77.75,77.711174
2019-09-28 15:00:00,77.56,77.73365
2017-05-10 02:00:00,77.33,77.44577
2015-08-25 13:00:00,77.94,77.90258
2020-07-16 14:00:00,77.91,77.80132
2020-09-17 01:00:00,77.81,77.81823
2020-03-11 18:00:00,77.33,77.1597
2019-03-20 20:00:00,77.13,77.19154
2016-04-12 09:00:00,77.5,77.50124
2015-07-06 06:00:00,77.52,77.72599
2017-12-22 09:00:00,77.1,77.21385
2019-07-30 00:00:00,77.95,77.863525
2017-10-09 11:00:00,77.48,77.63855
2020-11-15 15:00:00,77.28,77.28934
2020-01-16 06:00:00,77.25,77.177895
2019-06-13 15:00:00,77.72,77.7342
2020-04-26 21:00:00,77.09,77.17471
2020-04-04 00:00:00,77.1,77.16851
2015-01-30 02:00:00,77.26,77.149605
2014-02-16 10:00:00,77.17,77.18639
2018-04-13 09:00:00,77.49,77.572334
2017-10-01 12:00:00,77.33,77.41066
2015-12-17 10:00:00,77.65,77.28121
2020-02-10 03:00:00,77.17,77.174164
2019-11-25 17:00:00,77.14,77.280525
2015-02-13 08:00:00,77.18,77.14703
2019-02-26 09:00:00,77.16,77.163956
2016-08-06 04:00:00,77.92,77.90844
2016-04-06 02:00:00,77.3,77.22829
2014-08-23 12:00:00,77.87,77.844696
2019-04-02 22:00:00,76.96,77.15565
2018-11-16 13:00:00,77.3,77.212074
2020-12-16 07:00:00,77.16,77.06013
2016-08-29 18:00:00,77.94,77.81879
2017-01-14 11:00:00,77.2,77.204315
2015-06-02 15:00:00,77.72,77.76273
2020-04-21 00:00:00,77.26,77.24891
2019-01-18 02:00:00,77.11,77.179794
2017-06-02 03:00:00,77.8,77.73966
2015-04-20 05:00:00,77.46,77.42611
2018-09-28 22:00:00,77.44,77.59744
2014-10-20 17:00:00,77.29,77.48997
2016-06-05 07:00:00,77.85,77.76621
2017-11-21 04:00:00,77.16,77.24675
2015-10-15 10:00:00,77.42,77.444756
2018-07-10 01:00:00,77.57,77.78402
2018-12-23 13:00:00,77.19,77.244064
2015-06-30 14:00:00,77.7,77.77732
2014-08-19 18:00:00,78.26,77.91054
2018-05-05 15:00:00,77.48,77.703896
2016-09-10 10:00:00,77.82,77.86328
2019-07-03 02:00:00,77.72,77.794334
2019-09-28 02:00:00,77.58,77.624535
2018-06-12 17:00:00,77.9,77.847305
2016-11-14 20:00:00,77.36,77.490845
2018-08-30 01:00:00,78.12,77.92024
2017-12-20 20:00:00,77.12,77.29414
2019-03-07 15:00:00,77.13,77.17586
2015-12-17 04:00:00,77.66,77.281654
2020-11-03 17:00:00,77.37,77.24056
2019-04-08 17:00:00,77.21,77.31887
2016-04-20 19:00:00,77.52,77.4564
2018-09-12 06:00:00,77.61,77.610985
2019-04-16 06:00:00,77.3,77.3086
2020-01-09 12:00:00,77.43,77.2166
2018-07-12 20:00:00,77.59,77.84118
2016-01-18 23:00:00,77.29,77.246666
2020-02-04 07:00:00,77.23,77.15708
2016-11-02 11:00:00,77.53,77.26581
2019-11-20 17:00:00,77.19,77.22768
2020-06-27 10:00:00,77.59,77.786964
2015-06-14 21:00:00,77.76,77.78427
2015-11-09 17:00:00,77.48,77.44418
2016-08-07 11:00:00,78.05,78.00194
2015-09-13 00:00:00,77.73,77.748245
2017-12-28 20:00:00,77.1,77.25193
2015-05-10 10:00:00,77.52,77.62495
2018-08-14 15:00:00,77.96,77.933815
2020-02-21 20:00:00,77.25,77.20741
2019-05-11 01:00:00,77.35,77.284645
2019-12-14 16:00:00,77.14,77.186325
2016-04-25 03:00:00,77.58,77.519295
2020-12-06 06:00:00,77.19,77.17844
2016-01-16 06:00:00,77.3,77.213326
2018-11-25 00:00:00,77.24,77.22563
2017-03-19 09:00:00,77.1,77.25953
2015-09-28 02:00:00,77.58,77.65562
2015-09-02 13:00:00,77.96,77.86435
2015-05-10 22:00:00,77.52,77.64397
2019-01-22 20:00:00,77.09,77.15354
2015-11-22 18:00:00,77.68,77.51955
2014-10-31 11:00:00,77.39,77.35226
2017-12-05 07:00:00,77.14,77.1745
2016-06-28 03:00:00,77.8,77.77518
2015-06-26 19:00:00,77.81,77.83882
2020-09-24 12:00:00,77.67,77.5891
2014-03-29 14:00:00,77.54,77.36021
2015-03-31 17:00:00,77.24,77.28615
2015-02-12 00:00:00,77.18,77.184135
2015-04-11 22:00:00,77.39,77.28993
2017-05-02 00:00:00,77.15,77.46101
2020-11-30 07:00:00,77.21,77.28624
2014-03-22 23:00:00,77.35,77.27023
2018-02-05 02:00:00,77.05,77.23595
2020-12-07 11:00:00,77.19,77.35286
2014-05-06 15:00:00,77.49,77.46088
2014-06-14 12:00:00,77.71,77.756134
2014-09-30 06:00:00,77.66,77.71728
2018-11-12 10:00:00,77.35,77.296875
2017-09-09 18:00:00,77.84,77.76589
2014-12-29 21:00:00,77.43,77.26449
2019-04-09 12:00:00,77.25,77.26966
2020-02-06 03:00:00,77.21,77.160484
2018-09-21 10:00:00,77.56,77.829735
2017-04-30 04:00:00,77.15,77.29971
2016-10-22 02:00:00,77.74,77.70271
2018-12-04 01:00:00,77.24,77.408455
2016-07-21 14:00:00,77.55,77.832565
2020-02-04 15:00:00,77.24,77.16112
2019-06-11 21:00:00,77.7,77.71333
2016-05-14 18:00:00,77.49,77.65833
2019-03-17 07:00:00,77.13,77.16051
2016-09-30 22:00:00,77.68,77.7385
2016-03-02 12:00:00,77.32,77.27313
2018-11-05 19:00:00,77.27,77.30521
2019-05-04 01:00:00,77.37,77.25015
2016-06-16 05:00:00,77.81,77.75875
2016-12-11 20:00:00,77.24,77.18684
2019-12-27 08:00:00,77.1,77.23806
2016-11-04 04:00:00,77.51,77.23895
2017-08-12 21:00:00,77.96,77.881134
2020-01-22 12:00:00,77.17,77.183174
2017-04-06 09:00:00,77.21,77.41976
2017-10-22 12:00:00,77.32,77.42978
2015-08-11 23:00:00,78.0,77.8742
2014-07-01 08:00:00,77.69,77.800224
2017-04-28 07:00:00,77.23,77.24986
2014-02-25 11:00:00,77.14,77.228065
2015-05-09 03:00:00,77.49,77.58006
2014-08-30 07:00:00,77.8,77.72068
2016-04-29 07:00:00,77.9,77.61801
2014-04-26 02:00:00,77.46,77.258896
2016-04-07 15:00:00,77.61,77.38935
2017-08-31 04:00:00,77.62,77.80824
2015-11-18 00:00:00,77.68,77.562805
2014-11-10 15:00:00,77.35,77.312004
2014-09-19 09:00:00,77.73,77.61266
2018-08-13 07:00:00,77.93,77.93996
2016-09-05 00:00:00,77.8,77.92767
2018-05-23 01:00:00,77.9,77.73937
2016-07-07 04:00:00,78.03,77.88197
2018-03-17 04:00:00,77.65,77.48495
2016-03-22 21:00:00,77.36,77.33845
2019-10-04 19:00:00,78.17,77.78134
2016-12-11 03:00:00,77.24,77.17393
2019-01-28 16:00:00,77.07,77.14198
2017-12-30 03:00:00,77.1,77.41617
2016-08-28 12:00:00,78.01,77.914185
2019-06-20 22:00:00,77.75,77.77033
2017-07-26 22:00:00,77.83,77.90161
2014-06-28 22:00:00,77.71,77.77563
2015-02-14 01:00:00,77.17,77.15892
2015-02-04 08:00:00,77.22,77.14263
2015-08-07 08:00:00,77.97,77.92566
2018-07-14 03:00:00,77.58,77.84639
2016-05-05 09:00:00,77.69,77.66967
2019-10-20 03:00:00,77.32,77.56282
2014-05-04 08:00:00,77.51,77.54124
2017-01-21 10:00:00,77.16,77.23223
2016-03-21 00:00:00,77.38,77.52747
2020-05-13 13:00:00,77.21,77.227295
2017-08-27 22:00:00,77.71,77.66805
2020-12-25 04:00:00,77.11,77.23868
2014-11-11 19:00:00,77.34,77.27454
2015-04-25 10:00:00,77.39,77.2606
2017-03-20 02:00:00,77.1,77.244896
2018-02-11 12:00:00,77.06,77.27284
2020-10-11 13:00:00,77.48,77.47178
2019-01-25 21:00:00,77.08,77.149445
2020-10-05 23:00:00,77.53,77.454575
2018-03-23 16:00:00,77.8,77.56747
2016-08-20 16:00:00,78.03,77.98132
2016-05-17 01:00:00,77.7,77.63671
2016-09-22 11:00:00,77.85,77.62216
2020-08-23 03:00:00,77.99,77.87693
2020-09-05 09:00:00,78.0,77.801956
2019-10-05 19:00:00,77.97,77.75495
2020-02-25 19:00:00,77.32,77.24594
2017-09-04 19:00:00,77.87,77.76702
2018-04-12 22:00:00,77.51,77.498184
2020-09-01 16:00:00,77.84,77.88442
2019-05-09 01:00:00,77.36,77.222466
2017-06-24 07:00:00,77.88,77.778114
2015-01-16 15:00:00,77.3,77.14892
2014-11-14 09:00:00,77.29,77.25553
2014-12-07 12:00:00,77.59,77.32269
2017-05-15 06:00:00,77.42,77.3951
2019-08-22 17:00:00,78.16,78.029625
2020-11-14 20:00:00,77.27,77.312454
2017-04-29 08:00:00,77.18,77.36388
2015-04-05 19:00:00,77.41,77.277885
2017-05-11 16:00:00,77.35,77.4543
2020-03-27 10:00:00,77.2,77.292046
2019-03-03 13:00:00,77.15,77.21071
2019-11-16 19:00:00,77.16,77.3212
2020-02-22 11:00:00,77.28,77.21599
2014-01-08 04:00:00,77.28,77.17807
2017-12-26 17:00:00,77.15,77.25642
2015-09-10 06:00:00,77.77,77.59406
2019-11-15 08:00:00,77.18,77.22649
2018-10-10 05:00:00,77.78,77.56506
2019-08-27 00:00:00,77.78,77.7636
2018-12-11 22:00:00,77.26,77.23632
2016-06-08 09:00:00,77.81,77.75803
2015-12-27 10:00:00,77.52,77.41094
2016-12-09 03:00:00,77.25,77.20835
2019-04-09 23:00:00,77.33,77.24781
2017-08-17 05:00:00,78.01,77.889534
2018-11-04 12:00:00,77.28,77.242165
2017-11-12 11:00:00,77.19,77.271774
2020-05-25 23:00:00,77.71,77.54576
2014-11-24 15:00:00,77.26,77.292786
2015-04-19 14:00:00,77.44,77.3216
2019-06-02 12:00:00,77.72,77.66016
2016-03-04 19:00:00,77.35,77.41275
2016-12-25 18:00:00,77.32,77.24419
2019-07-07 15:00:00,77.51,77.78967
2018-12-24 09:00:00,77.18,77.215355
2015-05-14 09:00:00,77.52,77.63325
2016-12-28 20:00:00,77.38,77.191765
2016-06-15 20:00:00,77.82,77.75524
2015-05-17 05:00:00,77.49,77.606834
2019-12-14 04:00:00,77.14,77.192505
2019-01-06 18:00:00,77.14,77.15377
2017-08-14 13:00:00,78.09,78.00235
2020-03-06 14:00:00,77.3,77.20408
2020-09-04 11:00:00,78.11,77.929886
2020-11-13 04:00:00,77.28,77.263916
2017-12-12 14:00:00,77.12,77.23977
2016-04-17 16:00:00,77.64,77.53939
2017-10-25 00:00:00,77.29,77.38421
2014-06-13 20:00:00,77.81,77.75884
2017-05-22 08:00:00,77.81,77.54223
2019-07-06 10:00:00,77.53,77.798386
2018-02-19 22:00:00,77.12,77.224365
2014-04-05 22:00:00,77.3,77.18053
2016-08-16 15:00:00,78.11,77.98515
2018-08-21 14:00:00,77.93,77.92043
2015-02-06 12:00:00,77.26,77.18992
2020-12-11 14:00:00,77.17,77.47591
2017-12-10 08:00:00,77.13,77.20755
2019-03-13 10:00:00,77.13,77.17894
2016-04-04 11:00:00,77.32,77.446724
2015-05-01 03:00:00,77.65,77.57556
2019-08-01 04:00:00,77.8,77.875336
2020-04-04 21:00:00,77.12,77.15249
2017-12-21 03:00:00,77.12,77.29695
2014-01-06 14:00:00,77.29,77.17993
2015-10-31 16:00:00,77.33,77.28735
2015-08-19 03:00:00,77.92,77.81664
2019-01-23 09:00:00,77.09,77.15954
2019-03-31 15:00:00,77.04,77.17178
2016-05-15 17:00:00,77.48,77.64594
2020-04-02 23:00:00,77.12,77.1786
2017-11-18 06:00:00,77.18,77.22183
2014-08-23 02:00:00,77.91,77.85374
2018-10-21 14:00:00,77.38,77.33392
2020-03-30 16:00:00,77.14,77.22369
2014-12-07 15:00:00,77.58,77.28314
2019-07-19 06:00:00,77.88,77.80912
2020-01-10 22:00:00,77.39,77.18384
2020-01-28 12:00:00,77.22,77.2588
2019-06-09 16:00:00,77.74,77.7248
2018-08-02 19:00:00,77.89,77.887146
2014-05-04 22:00:00,77.51,77.57282
2014-12-02 12:00:00,77.7,77.295105
2019-07-19 00:00:00,77.89,77.92852
2016-03-05 07:00:00,77.46,77.41742
2016-07-20 06:00:00,77.59,77.80774
2019-06-26 10:00:00,77.74,77.78342
2014-02-11 12:00:00,77.19,77.17849
2017-12-15 18:00:00,77.1,77.082146
2020-11-10 22:00:00,77.29,77.28566
2014-11-15 12:00:00,77.29,77.21636
2019-12-24 07:00:00,77.12,77.209694
2018-06-11 06:00:00,77.79,77.766716
2015-08-04 05:00:00,77.88,77.94325
2017-05-05 17:00:00,77.2,77.442986
2016-04-12 04:00:00,77.51,77.51613
2020-12-14 21:00:00,77.17,77.02489
2020-10-08 12:00:00,77.5,77.3941
2019-03-21 21:00:00,77.17,77.250656
2020-03-05 09:00:00,77.3,77.16618
2015-12-03 14:00:00,77.72,77.42829
2018-02-05 11:00:00,77.05,77.252846
2014-04-27 04:00:00,77.48,77.40531
2020-11-02 11:00:00,77.42,77.307335
2017-02-12 20:00:00,77.11,77.206245
2015-06-21 10:00:00,77.86,78.12191
2017-03-15 16:00:00,77.13,77.22862
2018-05-20 13:00:00,77.74,77.730316
2014-02-18 17:00:00,77.17,77.19017
2019-12-15 01:00:00,77.14,77.227776
2014-12-31 14:00:00,77.41,77.196945
2016-06-15 04:00:00,77.85,77.76891
2015-09-10 14:00:00,77.72,77.64506
2019-08-09 01:00:00,77.88,77.85471
2014-05-12 21:00:00,77.51,77.74918
2017-07-31 21:00:00,77.92,77.94973
2016-11-27 19:00:00,77.31,77.265495
2016-04-27 10:00:00,77.59,77.51604
2020-11-20 18:00:00,77.42,77.279335
2019-09-19 21:00:00,77.35,77.62724
2016-06-15 21:00:00,77.81,77.7534
2014-11-25 23:00:00,77.78,77.388435
2019-01-09 00:00:00,77.13,77.195244
2018-04-27 23:00:00,77.68,77.67653
2014-10-25 07:00:00,77.6,77.35573
2020-08-23 05:00:00,78.0,77.85782
2017-01-17 10:00:00,77.19,77.18409
2014-09-11 01:00:00,77.78,77.773964
2017-05-24 10:00:00,77.72,77.636345
2015-04-28 05:00:00,77.35,77.347664
2017-10-13 21:00:00,77.49,77.54395
2017-09-05 03:00:00,77.88,77.707924
2020-09-01 11:00:00,77.84,77.909515
2016-11-25 09:00:00,77.29,77.23724
2016-02-13 19:00:00,77.4,77.49599
2015-04-16 13:00:00,77.39,77.31722
2017-06-04 07:00:00,77.75,77.747574
2017-11-19 17:00:00,77.16,77.217155
2014-05-27 21:00:00,77.77,77.70835
2018-06-09 16:00:00,77.76,77.80753
2020-04-21 11:00:00,77.25,77.180695
2014-08-05 03:00:00,78.06,78.0649
2017-02-02 20:00:00,77.15,77.15756
2020-05-22 03:00:00,77.7,77.359924
2016-04-06 10:00:00,77.3,77.29315
2019-01-03 00:00:00,77.14,77.18437
2017-10-11 04:00:00,77.43,77.66459
2014-09-04 01:00:00,77.74,77.89738
2020-01-26 05:00:00,77.18,77.20921
2014-12-17 20:00:00,77.49,77.26317
2019-07-27 21:00:00,78.12,77.95211
2020-05-24 11:00:00,77.71,77.48978
2014-07-26 00:00:00,77.82,77.914536
2019-08-18 07:00:00,77.89,77.900505
2014-06-15 20:00:00,77.67,77.73593
2018-11-25 09:00:00,77.24,77.25603
2020-03-07 18:00:00,77.29,77.15889
2017-04-22 03:00:00,77.28,77.3354
2019-12-29 10:00:00,77.09,77.19127
2015-06-18 05:00:00,77.78,77.74577
2019-09-26 11:00:00,77.7,77.63264
2018-06-30 22:00:00,77.96,77.80647
2018-02-12 12:00:00,77.07,77.298935
2019-10-14 17:00:00,77.42,77.53213
2014-03-05 23:00:00,77.17,77.155014
2019-01-31 13:00:00,77.08,77.08456
2015-10-28 17:00:00,77.39,77.2838
2015-03-05 22:00:00,77.18,77.18441
2017-03-11 00:00:00,77.16,77.21436
2019-04-23 10:00:00,77.46,77.49686
2017-06-29 04:00:00,77.88,77.78269
2018-09-27 01:00:00,77.48,77.56994
2016-01-22 12:00:00,77.28,77.18737
2014-04-21 16:00:00,77.36,77.314285
2016-06-29 04:00:00,77.79,77.78315
2019-10-22 12:00:00,77.3,77.38639
2019-12-06 12:00:00,77.14,77.18431
2019-01-09 11:00:00,77.12,77.21109
2014-02-22 08:00:00,77.16,77.16759
2017-05-24 16:00:00,77.73,77.66799
2017-05-12 12:00:00,77.3,77.46142
2015-09-27 07:00:00,77.59,77.71736
2020-09-20 05:00:00,77.73,77.555145
2018-08-18 22:00:00,77.89,77.75441
2015-10-03 11:00:00,77.82,77.45152
2016-08-15 22:00:00,78.09,78.05865
2015-02-09 05:00:00,77.24,77.15567
2019-01-09 02:00:00,77.12,77.19047
2016-04-12 00:00:00,77.52,77.479195
2018-03-19 06:00:00,77.68,77.417305
2017-04-18 00:00:00,77.4,77.42874
2020-11-15 22:00:00,77.27,77.29962
2016-12-19 09:00:00,77.22,77.35112
2014-05-02 04:00:00,77.59,77.58256
2018-02-15 12:00:00,77.11,77.30993
2016-07-14 12:00:00,77.68,77.879814
2017-05-06 20:00:00,77.28,77.30594
2015-08-03 09:00:00,77.87,77.9198
2018-04-18 06:00:00,77.53,77.43817
2016-02-14 12:00:00,77.44,77.43126
2019-01-17 01:00:00,77.12,77.16426
2016-06-20 00:00:00,77.81,77.786644
2014-03-28 08:00:00,77.55,77.31152
2015-03-23 10:00:00,77.35,77.19641
2017-09-08 07:00:00,77.91,77.81253
2015-06-28 14:00:00,77.74,77.75832
2016-10-09 02:00:00,78.24,77.95692
2017-11-03 22:00:00,77.23,77.37435
2014-03-17 01:00:00,77.45,77.37421
2015-04-05 16:00:00,77.4,77.30056
2014-02-09 07:00:00,77.21,77.175644
2016-06-10 16:00:00,77.82,77.73737
2014-12-06 21:00:00,77.6,77.300476
2016-09-09 09:00:00,77.85,77.87857
2014-07-21 20:00:00,78.04,77.86143
2018-09-17 00:00:00,77.61,77.76223
2020-11-30 11:00:00,77.21,77.35181
2020-12-08 21:00:00,77.17,77.10007
2016-12-16 02:00:00,77.23,77.23114
2014-07-30 10:00:00,77.7,77.9075
2014-06-21 01:00:00,77.77,77.77692
2015-11-24 16:00:00,77.6,77.614716
2020-02-11 01:00:00,77.16,77.196526
2014-12-23 05:00:00,77.53,77.25557
2019-12-19 13:00:00,77.15,77.19192
2016-08-04 01:00:00,78.06,77.91717
2016-07-25 21:00:00,77.69,77.914925
2014-02-14 16:00:00,77.18,77.18653
2014-01-24 12:00:00,77.24,77.148674
2014-03-21 16:00:00,77.37,77.26985
2016-03-01 23:00:00,77.31,77.25237
2020-09-15 21:00:00,77.84,77.826096
2015-11-16 21:00:00,77.64,77.48666
2014-04-01 21:00:00,77.38,77.3522
2015-04-28 17:00:00,77.34,77.37266
2016-06-07 20:00:00,77.81,77.74293
2018-03-07 11:00:00,77.43,77.4748
2016-09-10 18:00:00,77.8,77.83063
2020-08-02 06:00:00,78.09,77.86492
2014-10-27 02:00:00,77.52,77.40013
2017-08-02 16:00:00,78.07,77.9122
2019-08-29 12:00:00,77.79,77.85673
2016-07-21 04:00:00,77.53,77.82258
2020-12-04 03:00:00,77.2,77.15178
2020-11-06 08:00:00,77.32,77.306564
2019-09-18 00:00:00,77.39,77.687386
2016-10-15 16:00:00,77.65,77.48216
2015-01-27 10:00:00,77.26,77.21169
2016-11-18 09:00:00,77.32,77.241844
2015-06-07 07:00:00,77.75,77.781044
2015-05-09 13:00:00,77.51,77.63042
2015-09-26 04:00:00,77.65,77.773895
2020-04-19 05:00:00,77.15,77.283394
2017-09-21 22:00:00,77.48,77.583595
2017-10-19 06:00:00,77.37,77.4438
2018-07-05 18:00:00,77.87,78.07699
2015-12-15 05:00:00,77.71,77.61225
2020-07-26 10:00:00,77.99,77.83982
2014-11-22 07:00:00,77.23,77.239136
2019-11-07 22:00:00,77.2,77.28735
2014-02-20 21:00:00,77.15,77.1574
2018-07-19 06:00:00,77.75,77.83334
2016-05-31 15:00:00,77.82,77.75678
2014-02-13 04:00:00,77.19,77.182884
2014-03-02 07:00:00,77.19,77.24445
2019-06-18 19:00:00,77.73,77.75723
2020-09-28 17:00:00,77.63,77.5587
2017-12-15 21:00:00,77.09,77.065125
2014-10-19 14:00:00,77.28,77.33657
2014-10-18 12:00:00,77.28,77.36102
2014-06-28 02:00:00,77.73,77.73738
2014-11-30 14:00:00,77.68,77.48289
2014-02-15 18:00:00,77.18,77.14355
2014-07-10 00:00:00,77.64,77.82345
2016-10-06 09:00:00,78.24,77.9723
2017-01-26 05:00:00,77.15,77.18178
2017-03-11 07:00:00,77.15,77.18824
2018-01-30 23:00:00,77.1,77.20668
2020-05-01 18:00:00,77.04,77.32707
2020-04-16 13:00:00,77.18,77.177124
2014-05-19 07:00:00,77.58,77.70941
2017-04-18 01:00:00,77.4,77.415504
2014-04-21 00:00:00,77.35,77.267075
2017-12-12 00:00:00,77.12,77.16695
2016-04-10 15:00:00,77.64,77.42008
2017-11-25 13:00:00,77.16,77.262955
2018-09-19 21:00:00,77.59,77.69226
2014-06-23 06:00:00,77.89,77.78414
2015-07-15 18:00:00,77.87,77.82103
2019-06-18 20:00:00,77.73,77.758354
2018-08-29 05:00:00,78.3,77.91274
2018-05-01 23:00:00,77.64,77.63618
2016-02-29 20:00:00,77.31,77.23638
2016-04-28 08:00:00,77.82,77.60575
2016-04-21 18:00:00,77.63,77.56653
2018-11-14 20:00:00,77.32,77.289085
2019-09-17 13:00:00,77.4,77.77615
2016-02-25 21:00:00,77.3,77.2748
2017-01-04 21:00:00,77.28,77.235176
2018-07-24 11:00:00,77.99,77.87523
2017-06-01 21:00:00,77.82,77.797356
2018-04-19 02:00:00,77.51,77.448906
2018-11-22 04:00:00,77.24,77.209625
2016-03-30 21:00:00,77.27,77.30682
2018-04-13 00:00:00,77.5,77.49984
2018-08-13 08:00:00,77.93,77.96024
2019-07-17 02:00:00,77.84,77.78062
2015-03-15 09:00:00,77.2,77.16165
2020-07-30 08:00:00,78.27,77.901405
2015-07-11 03:00:00,77.92,77.79303
2020-04-13 23:00:00,77.16,77.210915
2020-10-28 05:00:00,77.37,77.36885
2019-02-23 14:00:00,77.17,77.18357
2018-04-01 13:00:00,77.45,77.652626
2017-01-08 11:00:00,77.24,77.26911
2015-10-31 06:00:00,77.34,77.29147
2015-04-06 05:00:00,77.43,77.35128
2018-07-20 19:00:00,77.81,77.90928
2016-03-03 18:00:00,77.28,77.24046
2019-07-17 04:00:00,77.84,77.79177
2019-07-21 02:00:00,78.18,78.05066
2020-07-05 21:00:00,77.56,77.77608
2016-01-12 04:00:00,77.33,77.2202
2018-09-01 14:00:00,78.11,78.20348
2016-09-24 13:00:00,77.71,77.71627
2020-03-31 20:00:00,77.09,77.190254
2015-08-13 09:00:00,77.95,77.90799
2018-06-02 10:00:00,77.77,77.814476
2014-04-14 09:00:00,77.23,77.318245
2020-03-16 06:00:00,77.25,77.162346
2016-08-29 20:00:00,77.94,77.80657
2014-11-06 07:00:00,77.41,77.29969
2016-07-20 03:00:00,77.59,77.85325
2017-09-29 14:00:00,77.35,77.59548
2018-12-07 05:00:00,77.32,77.28041
2018-10-25 14:00:00,77.34,77.31791
2015-09-08 17:00:00,77.79,77.67421
2020-06-08 03:00:00,77.75,77.71486
2016-01-24 12:00:00,77.27,77.18472
2017-08-29 12:00:00,77.66,77.852806
2016-06-12 21:00:00,77.85,77.76871
2014-07-02 17:00:00,77.68,77.746544
2018-07-03 22:00:00,78.17,77.84597
2014-08-08 09:00:00,77.92,78.063896
2019-01-04 15:00:00,77.14,77.17231
2016-09-03 16:00:00,77.84,77.911644
2019-07-23 23:00:00,77.98,77.85984
2017-03-13 03:00:00,77.15,77.152435
2016-09-28 13:00:00,77.56,77.91248
2020-11-23 14:00:00,77.32,77.250404
2016-08-04 20:00:00,78.06,77.90177
2018-11-03 12:00:00,77.29,77.30735
2020-05-01 15:00:00,77.05,77.35398
2015-11-02 11:00:00,77.31,77.28455
2017-09-07 22:00:00,77.93,77.88218
2017-07-06 01:00:00,78.01,77.91919
2018-09-18 19:00:00,77.6,77.73812
2015-02-01 11:00:00,77.24,77.19269
2019-06-23 19:00:00,77.95,77.83038
2019-03-18 01:00:00,77.13,77.19822
2017-06-05 16:00:00,77.75,77.733696
2019-02-08 11:00:00,77.17,77.18525
2020-10-04 04:00:00,77.56,77.66654
2016-03-02 15:00:00,77.32,77.21319
2019-12-08 09:00:00,77.11,77.20032
2017-08-12 09:00:00,77.98,77.93675
2019-12-19 14:00:00,77.15,77.19017
2019-07-22 07:00:00,78.22,77.846176
2018-08-10 03:00:00,77.88,77.91616
2015-01-20 21:00:00,77.26,77.16716
2018-07-13 14:00:00,77.59,77.87321
2020-12-06 20:00:00,77.19,77.16525
2019-09-02 06:00:00,77.76,77.69284
2015-03-06 08:00:00,77.19,77.15242
2018-03-21 00:00:00,77.85,77.46712
2019-03-03 08:00:00,77.15,77.20511
2020-07-17 17:00:00,77.79,77.81486
2020-04-26 05:00:00,77.1,77.17992
2014-03-17 08:00:00,77.45,77.35863
2020-01-26 09:00:00,77.18,77.20472
2018-08-02 05:00:00,77.89,77.876915
2020-04-02 15:00:00,77.13,77.20955
2020-05-31 09:00:00,77.61,77.534454
2016-08-25 22:00:00,77.9,77.98809
2018-11-07 02:00:00,77.26,77.26766
2015-10-02 16:00:00,77.88,77.76781
2019-11-23 03:00:00,77.16,77.261
2016-03-22 20:00:00,77.36,77.34427
2018-02-16 02:00:00,77.12,77.21657
2019-07-09 00:00:00,77.5,77.76862
2016-02-15 02:00:00,77.45,77.27425
2016-08-14 03:00:00,78.08,78.00617
2018-02-06 01:00:00,77.04,77.20765
2016-07-08 00:00:00,77.99,77.83541
2015-10-26 23:00:00,77.28,77.34562
2019-04-16 18:00:00,77.31,77.33556
2015-04-29 23:00:00,77.59,77.5068
2016-05-01 08:00:00,77.78,77.680534
2017-11-02 11:00:00,77.24,77.34894
2019-02-25 02:00:00,77.16,77.16804
2017-06-12 23:00:00,77.84,77.79934
2015-06-05 17:00:00,77.74,77.75074
2014-06-07 18:00:00,77.63,77.7654
2018-11-07 08:00:00,77.26,77.33095
2016-10-14 17:00:00,77.69,77.51061
2020-01-26 10:00:00,77.18,77.20904
2018-02-10 20:00:00,77.05,77.277756
2014-04-25 06:00:00,77.44,77.26467
2016-07-30 01:00:00,78.04,77.963295
2015-02-28 11:00:00,77.19,77.16839
2018-11-25 21:00:00,77.24,77.25191
2015-06-11 21:00:00,77.77,77.74572
2019-03-15 01:00:00,77.12,77.17294
2018-03-10 09:00:00,77.65,77.36907
2015-03-24 17:00:00,77.32,77.17908
2019-03-28 11:00:00,77.12,77.23968
2017-08-12 13:00:00,77.98,77.90906
2016-10-18 21:00:00,77.93,77.65843
2019-01-21 13:00:00,77.1,77.17768
2016-09-06 05:00:00,77.8,77.91903
2018-12-21 21:00:00,77.19,77.26593
2015-08-28 10:00:00,77.81,77.89685
2015-04-17 11:00:00,77.38,77.288
2016-03-31 22:00:00,77.27,77.31852
2020-06-26 15:00:00,77.6,77.80382
2014-03-13 17:00:00,77.42,77.30559
2017-06-21 00:00:00,77.88,77.75243
2016-11-30 18:00:00,77.29,77.266235
2017-03-24 08:00:00,77.13,77.229614
2014-10-15 08:00:00,77.31,77.38064
2015-06-25 21:00:00,77.76,77.79698
2018-04-07 07:00:00,77.71,77.45713
2019-11-14 10:00:00,77.19,77.24918
2017-08-10 01:00:00,78.05,77.99625
2017-02-03 05:00:00,77.15,77.15367
2019-04-23 21:00:00,77.43,77.44437
2014-12-01 17:00:00,77.7,77.345024
2020-08-09 10:00:00,78.67,78.11538
2018-03-05 14:00:00,77.33,77.45147
2018-01-07 03:00:00,77.05,77.264595
2014-04-15 19:00:00,77.22,77.30228
2017-08-12 10:00:00,77.98,77.93965
2020-02-10 08:00:00,77.17,77.17474
2016-01-03 02:00:00,77.42,77.27891
2019-10-30 11:00:00,77.24,77.31998
2018-08-25 03:00:00,78.14,77.99499
2017-02-20 21:00:00,77.11,77.21079
2019-01-05 06:00:00,77.14,77.15616
2016-08-26 10:00:00,77.92,78.046425
2016-07-17 05:00:00,77.63,77.89804
2016-04-04 21:00:00,77.32,77.49015
2018-12-17 11:00:00,77.22,77.289276
2020-03-15 10:00:00,77.27,77.17345
2020-12-01 08:00:00,77.2,77.33821
2018-03-26 08:00:00,77.69,77.55539
2018-03-01 20:00:00,77.26,77.267586
2016-03-04 12:00:00,77.3,77.388596
2015-03-02 15:00:00,77.21,77.174934
2017-07-10 09:00:00,77.88,77.88533
2019-01-21 20:00:00,77.1,77.16814
2014-07-21 19:00:00,78.05,77.855064
2017-10-09 19:00:00,77.47,77.64803
2019-08-11 05:00:00,77.94,77.852936
2017-12-07 11:00:00,77.13,77.31847
2018-03-17 15:00:00,77.65,77.51995
2020-07-05 15:00:00,77.58,77.78903
2016-09-22 04:00:00,77.88,77.59523
2017-09-27 21:00:00,77.37,77.855515
2015-12-20 15:00:00,77.6,77.53797
2020-04-11 17:00:00,77.1,77.216995
2019-06-29 00:00:00,77.77,77.77998
2019-12-02 11:00:00,77.23,77.2312
2020-08-19 11:00:00,77.76,77.89776
2019-08-15 09:00:00,77.91,77.9059
2017-04-14 05:00:00,77.28,77.26811
2015-05-27 05:00:00,77.76,77.77418
2020-11-16 00:00:00,77.27,77.29182
2017-07-09 09:00:00,77.99,78.11059
2020-08-22 12:00:00,77.97,77.90955
2016-05-05 14:00:00,77.68,77.650665
2020-11-22 09:00:00,77.34,77.27509
2015-05-23 11:00:00,77.79,77.76497
2020-08-21 12:00:00,77.93,77.917404
2016-08-04 18:00:00,78.07,77.9076
2014-12-11 00:00:00,77.52,77.3713
2016-06-04 15:00:00,77.78,77.751915
2016-04-12 07:00:00,77.5,77.483406
2020-03-20 02:00:00,77.21,77.15414
2018-05-20 04:00:00,77.61,77.782845
2017-01-03 14:00:00,77.3,77.25528
2017-08-02 03:00:00,78.05,77.85887
2017-02-24 03:00:00,77.31,77.204185
2020-11-30 08:00:00,77.21,77.31127
2015-03-27 22:00:00,77.27,77.18493
2016-05-02 10:00:00,77.71,77.66272
2018-05-15 05:00:00,77.61,77.65787
2015-07-07 15:00:00,77.64,77.73948
2018-10-10 00:00:00,77.8,77.55449
2017-03-16 18:00:00,77.12,77.19466
2020-07-09 06:00:00,77.45,77.793274
2020-02-04 18:00:00,77.23,77.1565
2018-09-01 12:00:00,78.12,78.18438
2015-03-09 18:00:00,77.17,77.13395
2014-07-10 18:00:00,77.5,77.842255
2018-12-14 17:00:00,77.24,77.25093
2014-08-27 16:00:00,77.97,77.8803
2020-02-28 00:00:00,77.36,77.23778
2018-12-24 12:00:00,77.17,77.217476
2018-09-10 11:00:00,77.67,77.71959
2015-08-02 08:00:00,77.98,77.93925
2019-01-30 15:00:00,77.07,77.14671
2016-08-22 19:00:00,77.94,78.004814
2014-05-20 21:00:00,77.75,77.735306
2018-03-17 23:00:00,77.64,77.38049
2018-06-03 02:00:00,77.75,77.78527
2020-07-06 23:00:00,77.52,77.79322
2016-10-24 08:00:00,77.64,77.72936
2014-02-19 17:00:00,77.16,77.18723
2015-05-22 21:00:00,77.76,77.757324
2019-02-19 22:00:00,77.17,77.19169
2019-07-19 23:00:00,77.86,77.97858
2015-06-21 02:00:00,77.76,78.07868
2016-01-23 03:00:00,77.28,77.18374
2015-08-06 20:00:00,77.96,77.95604
2016-04-30 07:00:00,77.86,77.60451
2018-03-18 16:00:00,77.63,77.46715
2016-02-16 20:00:00,77.43,77.23206
2016-12-08 03:00:00,77.26,77.21213
2019-05-24 05:00:00,77.8,77.3854
2016-07-04 07:00:00,78.27,78.086426
2016-02-19 14:00:00,77.39,77.301834
2020-06-21 07:00:00,77.79,77.78378
2019-02-16 11:00:00,77.09,77.156456
2014-08-25 14:00:00,77.89,77.89102
2020-01-27 17:00:00,77.19,77.18038
2016-10-11 07:00:00,77.96,77.5825
