date,actual_elev,predicted_elev
2019-08-01 00:00:00,77.81,77.91457
2019-08-01 01:00:00,77.8,77.9011
2019-08-01 02:00:00,77.8,77.89305
2019-08-01 03:00:00,77.8,77.898865
2019-08-01 04:00:00,77.8,77.8939
2019-08-01 05:00:00,77.8,77.89576
2019-08-01 06:00:00,77.8,77.889084
2019-08-01 07:00:00,77.8,77.885254
2019-08-01 08:00:00,77.8,77.88193
2019-08-01 09:00:00,77.8,77.90121
2019-08-01 10:00:00,77.79,77.89603
2019-08-01 11:00:00,77.8,77.89109
2019-08-01 12:00:00,77.8,77.89434
2019-08-01 13:00:00,77.8,77.901
2019-08-01 14:00:00,77.8,77.901634
2019-08-01 15:00:00,77.8,77.89716
2019-08-01 16:00:00,77.8,77.90115
2019-08-01 17:00:00,77.8,77.901245
2019-08-01 18:00:00,77.8,77.89344
2019-08-01 19:00:00,77.8,77.88857
2019-08-01 20:00:00,77.8,77.8762
2019-08-01 21:00:00,77.8,77.876724
2019-08-01 22:00:00,77.79,77.88641
2019-08-01 23:00:00,77.8,77.88756
2019-08-02 00:00:00,77.8,77.88123
2019-08-02 01:00:00,77.8,77.87253
2019-08-02 02:00:00,77.8,77.880974
2019-08-02 03:00:00,77.8,77.88226
2019-08-02 04:00:00,77.8,77.88249
2019-08-02 05:00:00,77.8,77.88185
2019-08-02 06:00:00,77.8,77.87467
2019-08-02 07:00:00,77.81,77.870155
2019-08-02 08:00:00,77.81,77.88663
2019-08-02 09:00:00,77.81,77.89331
2019-08-02 10:00:00,77.81,77.879105
2019-08-02 11:00:00,77.81,77.900185
2019-08-02 12:00:00,77.81,77.894325
2019-08-02 13:00:00,77.81,77.89327
2019-08-02 14:00:00,77.82,77.897064
2019-08-02 15:00:00,77.81,77.89626
2019-08-02 16:00:00,77.81,77.90304
2019-08-02 17:00:00,77.81,77.90035
2019-08-02 18:00:00,77.81,77.884125
2019-08-02 19:00:00,77.8,77.87523
2019-08-02 20:00:00,77.8,77.86337
2019-08-02 21:00:00,77.8,77.87039
2019-08-02 22:00:00,77.8,77.87969
2019-08-02 23:00:00,77.8,77.88104
2019-08-03 00:00:00,77.8,77.87443
2019-08-03 01:00:00,77.8,77.87999
2019-08-03 02:00:00,77.8,77.87862
2019-08-03 03:00:00,77.8,77.882164
2019-08-03 04:00:00,77.8,77.88241
2019-08-03 05:00:00,77.8,77.87853
2019-08-03 06:00:00,77.8,77.87737
2019-08-03 07:00:00,77.8,77.880646
2019-08-03 08:00:00,77.81,77.89159
2019-08-03 09:00:00,77.8,77.89407
2019-08-03 10:00:00,77.79,77.88083
2019-08-03 11:00:00,77.77,77.886566
2019-08-03 12:00:00,77.75,77.89162
2019-08-03 13:00:00,77.74,77.9018
2019-08-03 14:00:00,77.73,77.90549
2019-08-03 15:00:00,77.73,77.911674
2019-08-03 16:00:00,77.72,77.90599
2019-08-03 17:00:00,77.71,77.90869
2019-08-03 18:00:00,77.71,77.89146
2019-08-03 19:00:00,77.7,77.880974
2019-08-03 20:00:00,77.7,77.88396
2019-08-03 21:00:00,77.7,77.88982
2019-08-03 22:00:00,77.7,77.89579
2019-08-03 23:00:00,77.69,77.89886
2019-08-04 00:00:00,77.69,77.89668
2019-08-04 01:00:00,77.69,77.89731
2019-08-04 02:00:00,77.69,77.89606
2019-08-04 03:00:00,77.69,77.89613
2019-08-04 04:00:00,77.69,77.89372
2019-08-04 05:00:00,77.69,77.89125
2019-08-04 06:00:00,77.69,77.885895
2019-08-04 07:00:00,77.69,77.8836
2019-08-04 08:00:00,77.69,77.88719
2019-08-04 09:00:00,77.69,77.891975
2019-08-04 10:00:00,77.69,77.87868
2019-08-04 11:00:00,77.69,77.89088
2019-08-04 12:00:00,77.69,77.894966
2019-08-04 13:00:00,77.69,77.89034
2019-08-04 14:00:00,77.69,77.89123
2019-08-04 15:00:00,77.7,77.89121
2019-08-04 16:00:00,77.7,77.90166
2019-08-04 17:00:00,77.69,77.89642
2019-08-04 18:00:00,77.71,77.88683
2019-08-04 19:00:00,77.73,77.874115
2019-08-04 20:00:00,77.74,77.87077
2019-08-04 21:00:00,77.76,77.87508
2019-08-04 22:00:00,77.76,77.88302
2019-08-04 23:00:00,77.77,77.88864
2019-08-05 00:00:00,77.78,77.88376
2019-08-05 01:00:00,77.79,77.8862
2019-08-05 02:00:00,77.79,77.88582
2019-08-05 03:00:00,77.79,77.88286
2019-08-05 04:00:00,77.8,77.883125
2019-08-05 05:00:00,77.8,77.87981
2019-08-05 06:00:00,77.8,77.87699
2019-08-05 07:00:00,77.81,77.87621
2019-08-05 08:00:00,77.81,77.87924
2019-08-05 09:00:00,77.81,77.87464
2019-08-05 10:00:00,77.82,77.87977
2019-08-05 11:00:00,77.82,77.8884
2019-08-05 12:00:00,77.83,77.8922
2019-08-05 13:00:00,77.83,77.90104
2019-08-05 14:00:00,77.83,77.905205
2019-08-05 15:00:00,77.83,77.90408
2019-08-05 16:00:00,77.84,77.89112
2019-08-05 17:00:00,77.84,77.89944
2019-08-05 18:00:00,77.84,77.89002
2019-08-05 19:00:00,77.84,77.88439
2019-08-05 20:00:00,77.84,77.87309
2019-08-05 21:00:00,77.84,77.87911
2019-08-05 22:00:00,77.84,77.88954
2019-08-05 23:00:00,77.84,77.89249
2019-08-06 00:00:00,77.85,77.8935
2019-08-06 01:00:00,77.85,77.892815
2019-08-06 02:00:00,77.85,77.89421
2019-08-06 03:00:00,77.86,77.90009
2019-08-06 04:00:00,77.86,77.904144
2019-08-06 05:00:00,77.86,77.90665
2019-08-06 06:00:00,77.86,77.90877
2019-08-06 07:00:00,77.87,77.91069
2019-08-06 08:00:00,77.87,77.90849
2019-08-06 09:00:00,77.87,77.903336
2019-08-06 10:00:00,77.87,77.90263
2019-08-06 11:00:00,77.87,77.904274
2019-08-06 12:00:00,77.88,77.902855
2019-08-06 13:00:00,77.88,77.89456
2019-08-06 14:00:00,77.88,77.89511
2019-08-06 15:00:00,77.88,77.895325
2019-08-06 16:00:00,77.88,77.8914
2019-08-06 17:00:00,77.88,77.892395
2019-08-06 18:00:00,77.88,77.87303
2019-08-06 19:00:00,77.88,77.8706
2019-08-06 20:00:00,77.88,77.86084
2019-08-06 21:00:00,77.88,77.86076
2019-08-06 22:00:00,77.88,77.86233
2019-08-06 23:00:00,77.88,77.862465
2019-08-07 00:00:00,77.88,77.8716
2019-08-07 01:00:00,77.88,77.87652
2019-08-07 02:00:00,77.87,77.87933
2019-08-07 03:00:00,77.87,77.88178
2019-08-07 04:00:00,77.87,77.88586
2019-08-07 05:00:00,77.87,77.89218
2019-08-07 06:00:00,77.87,77.89362
2019-08-07 07:00:00,77.87,77.89889
2019-08-07 08:00:00,77.86,77.90295
2019-08-07 09:00:00,77.86,77.906715
2019-08-07 10:00:00,77.86,77.90411
2019-08-07 11:00:00,77.86,77.913086
2019-08-07 12:00:00,77.86,77.90688
2019-08-07 13:00:00,77.86,77.90759
2019-08-07 14:00:00,77.86,77.90358
2019-08-07 15:00:00,77.86,77.91444
2019-08-07 16:00:00,77.86,77.92713
2019-08-07 17:00:00,77.86,77.922775
2019-08-07 18:00:00,77.86,77.91278
2019-08-07 19:00:00,77.86,77.904625
2019-08-07 20:00:00,77.86,77.904015
2019-08-07 21:00:00,77.86,77.9115
2019-08-07 22:00:00,77.86,77.91954
2019-08-07 23:00:00,77.86,77.920364
2019-08-08 00:00:00,77.86,77.91811
2019-08-08 01:00:00,77.86,77.90377
2019-08-08 02:00:00,77.86,77.91005
2019-08-08 03:00:00,77.86,77.90744
2019-08-08 04:00:00,77.86,77.905945
2019-08-08 05:00:00,77.86,77.90351
2019-08-08 06:00:00,77.86,77.89663
2019-08-08 07:00:00,77.86,77.89194
2019-08-08 08:00:00,77.86,77.890915
2019-08-08 09:00:00,77.86,77.888054
2019-08-08 10:00:00,77.86,77.8928
2019-08-08 11:00:00,77.86,77.897316
2019-08-08 12:00:00,77.86,77.894485
2019-08-08 13:00:00,77.86,77.90608
2019-08-08 14:00:00,77.87,77.9163
2019-08-08 16:00:00,77.86,77.90649
2019-08-08 17:00:00,77.87,77.90897
2019-08-08 18:00:00,77.87,77.89179
2019-08-08 19:00:00,77.87,77.8866
2019-08-08 20:00:00,77.86,77.864815
2019-08-08 21:00:00,77.87,77.87298
2019-08-08 22:00:00,77.87,77.88662
2019-08-08 23:00:00,77.87,77.88663
2019-08-09 00:00:00,77.87,77.89225
2019-08-09 01:00:00,77.88,77.88597
2019-08-09 02:00:00,77.88,77.88876
2019-08-09 03:00:00,77.88,77.88224
2019-08-09 04:00:00,77.89,77.87938
2019-08-09 05:00:00,77.89,77.881744
2019-08-09 06:00:00,77.89,77.878
2019-08-09 07:00:00,77.9,77.87424
2019-08-09 08:00:00,77.9,77.87724
2019-08-09 09:00:00,77.9,77.874565
2019-08-09 10:00:00,77.9,77.88046
2019-08-09 11:00:00,77.9,77.892654
2019-08-09 12:00:00,77.9,77.90535
2019-08-09 13:00:00,77.9,77.90131
2019-08-09 14:00:00,77.91,77.903595
2019-08-09 15:00:00,77.91,77.91439
2019-08-09 16:00:00,77.91,77.91072
2019-08-09 17:00:00,77.91,77.903015
2019-08-09 18:00:00,77.9,77.8925
2019-08-09 19:00:00,77.9,77.88702
2019-08-09 20:00:00,77.9,77.88061
2019-08-09 21:00:00,77.9,77.8858
2019-08-09 22:00:00,77.9,77.88488
2019-08-09 23:00:00,77.9,77.89062
2019-08-10 00:00:00,77.91,77.88865
2019-08-10 01:00:00,77.91,77.892365
2019-08-10 02:00:00,77.91,77.89024
2019-08-10 03:00:00,77.91,77.88957
2019-08-10 04:00:00,77.91,77.88758
2019-08-10 05:00:00,77.92,77.88394
2019-08-10 06:00:00,77.92,77.88063
2019-08-10 07:00:00,77.92,77.88309
2019-08-10 08:00:00,77.92,77.8813
2019-08-10 09:00:00,77.92,77.87199
2019-08-10 10:00:00,77.92,77.878174
2019-08-10 11:00:00,77.93,77.88253
2019-08-10 12:00:00,77.93,77.89656
2019-08-10 13:00:00,77.92,77.89395
2019-08-10 14:00:00,77.92,77.900375
2019-08-10 15:00:00,77.92,77.91046
2019-08-10 16:00:00,77.91,77.91391
2019-08-10 17:00:00,77.91,77.91575
2019-08-10 18:00:00,77.91,77.90704
2019-08-10 19:00:00,77.9,77.8983
2019-08-10 20:00:00,77.9,77.888824
2019-08-10 21:00:00,77.9,77.8678
2019-08-10 22:00:00,77.9,77.870186
2019-08-10 23:00:00,77.91,77.888054
2019-08-11 00:00:00,77.91,77.8839
2019-08-11 01:00:00,77.92,77.89632
2019-08-11 02:00:00,77.93,77.89562
2019-08-11 03:00:00,77.94,77.88891
2019-08-11 04:00:00,77.94,77.88437
2019-08-11 05:00:00,77.94,77.88987
2019-08-11 06:00:00,77.94,77.88586
2019-08-11 07:00:00,77.94,77.91101
2019-08-11 08:00:00,77.94,77.934166
2019-08-11 09:00:00,77.94,77.93385
2019-08-11 10:00:00,77.94,77.93089
2019-08-11 11:00:00,77.94,77.93204
2019-08-11 12:00:00,77.95,77.92103
2019-08-11 13:00:00,77.95,77.91512
2019-08-11 14:00:00,77.95,77.91062
2019-08-11 15:00:00,77.95,77.9099
2019-08-11 16:00:00,77.95,77.90862
2019-08-11 17:00:00,77.95,77.91311
2019-08-11 18:00:00,77.95,77.915565
2019-08-11 19:00:00,77.95,77.92597
2019-08-11 20:00:00,77.95,77.94744
2019-08-11 21:00:00,77.95,77.93968
2019-08-11 22:00:00,77.96,77.94623
2019-08-11 23:00:00,77.96,77.948906
2019-08-12 00:00:00,77.96,77.95336
2019-08-12 01:00:00,77.96,78.005875
2019-08-12 02:00:00,77.96,78.02915
2019-08-12 03:00:00,77.96,78.119675
2019-08-12 04:00:00,77.96,78.11089
2019-08-12 05:00:00,77.96,78.120834
2019-08-12 06:00:00,77.96,78.14993
2019-08-12 07:00:00,77.96,78.129776
2019-08-12 08:00:00,77.96,78.12485
2019-08-12 09:00:00,77.96,78.11954
2019-08-12 10:00:00,77.96,78.16086
2019-08-12 11:00:00,77.96,78.126724
2019-08-12 12:00:00,77.96,78.119316
2019-08-12 13:00:00,77.95,78.12578
2019-08-12 14:00:00,77.96,78.13328
2019-08-12 15:00:00,77.95,78.141335
2019-08-12 16:00:00,77.95,78.13826
2019-08-12 17:00:00,77.94,78.11722
2019-08-12 18:00:00,77.94,78.11547
2019-08-12 19:00:00,77.94,78.11166
2019-08-12 20:00:00,77.93,78.11257
2019-08-12 21:00:00,77.93,78.1169
2019-08-12 22:00:00,77.93,78.122116
2019-08-12 23:00:00,77.93,78.130745
2019-08-13 00:00:00,77.93,78.13395
2019-08-13 01:00:00,77.93,78.12982
2019-08-13 02:00:00,77.93,77.96858
2019-08-13 03:00:00,77.92,77.969154
2019-08-13 04:00:00,77.92,77.96375
2019-08-13 05:00:00,77.92,77.95107
2019-08-13 06:00:00,77.92,77.94831
2019-08-13 07:00:00,77.91,77.93818
2019-08-13 08:00:00,77.91,77.93434
2019-08-13 09:00:00,77.92,77.93348
2019-08-13 10:00:00,77.92,77.90944
2019-08-13 11:00:00,77.92,77.92346
2019-08-13 12:00:00,77.92,77.92283
2019-08-13 13:00:00,77.92,77.91636
2019-08-13 14:00:00,77.92,77.91995
2019-08-13 15:00:00,77.92,77.92423
2019-08-13 16:00:00,77.92,77.92833
2019-08-13 17:00:00,77.92,77.92462
2019-08-13 18:00:00,77.91,77.919586
2019-08-13 19:00:00,77.9,77.91176
2019-08-13 20:00:00,77.9,77.91461
2019-08-13 21:00:00,77.9,77.923386
2019-08-13 22:00:00,77.9,77.929756
2019-08-13 23:00:00,77.9,77.9294
2019-08-14 00:00:00,77.9,77.929016
2019-08-14 01:00:00,77.9,77.92953
2019-08-14 02:00:00,77.9,77.924835
2019-08-14 03:00:00,77.9,77.92292
2019-08-14 04:00:00,77.9,77.91983
2019-08-14 05:00:00,77.9,77.91441
2019-08-14 06:00:00,77.9,77.90989
2019-08-14 07:00:00,77.9,77.9109
2019-08-14 08:00:00,77.9,77.9183
2019-08-14 09:00:00,77.9,77.903076
2019-08-14 10:00:00,77.9,77.91164
2019-08-14 11:00:00,77.9,77.91824
2019-08-14 12:00:00,77.91,77.92257
2019-08-14 13:00:00,77.91,77.91505
2019-08-14 14:00:00,77.91,77.92858
2019-08-14 15:00:00,77.91,77.928215
2019-08-14 16:00:00,77.91,77.91835
2019-08-14 17:00:00,77.9,77.92368
2019-08-14 18:00:00,77.9,77.8997
2019-08-14 19:00:00,77.89,77.89716
2019-08-14 20:00:00,77.88,77.90093
2019-08-14 21:00:00,77.88,77.908905
2019-08-14 22:00:00,77.88,77.90715
2019-08-14 23:00:00,77.88,77.90446
2019-08-15 00:00:00,77.89,77.90142
2019-08-15 01:00:00,77.89,77.89849
2019-08-15 02:00:00,77.89,77.89821
2019-08-15 03:00:00,77.9,77.9212
2019-08-15 04:00:00,77.9,77.92004
2019-08-15 05:00:00,77.9,77.904686
2019-08-15 06:00:00,77.9,77.906906
2019-08-15 07:00:00,77.91,77.90489
2019-08-15 08:00:00,77.91,77.91038
2019-08-15 09:00:00,77.91,77.90626
2019-08-15 10:00:00,77.92,77.901886
2019-08-15 11:00:00,77.92,77.90551
2019-08-15 12:00:00,77.93,77.91348
2019-08-15 13:00:00,77.93,77.91061
2019-08-15 14:00:00,77.94,77.90839
2019-08-15 15:00:00,77.94,77.911705
2019-08-15 16:00:00,77.94,77.90212
2019-08-15 17:00:00,77.94,77.90194
2019-08-15 18:00:00,77.95,77.89635
2019-08-15 19:00:00,77.95,77.8942
2019-08-15 20:00:00,77.95,77.89398
2019-08-15 21:00:00,77.95,77.899635
2019-08-15 22:00:00,77.95,77.90371
2019-08-15 23:00:00,77.94,77.90789
2019-08-16 00:00:00,77.94,77.90963
2019-08-16 01:00:00,77.95,77.91155
2019-08-16 02:00:00,77.95,77.92044
2019-08-16 03:00:00,77.95,77.91839
2019-08-16 04:00:00,77.95,77.91954
2019-08-16 05:00:00,77.95,77.91901
2019-08-16 06:00:00,77.94,77.947624
2019-08-16 07:00:00,77.94,77.93109
2019-08-16 08:00:00,77.94,77.92188
2019-08-16 09:00:00,77.94,77.925285
2019-08-16 10:00:00,77.94,77.922226
2019-08-16 11:00:00,77.93,77.92101
2019-08-16 12:00:00,77.93,77.92861
2019-08-16 13:00:00,77.93,77.923615
2019-08-16 14:00:00,77.93,77.953545
2019-08-16 15:00:00,77.93,77.93306
2019-08-16 16:00:00,77.93,77.92613
2019-08-16 17:00:00,77.93,77.92826
2019-08-16 18:00:00,77.93,77.933365
2019-08-16 19:00:00,77.92,77.93084
2019-08-16 20:00:00,77.92,77.932785
2019-08-16 21:00:00,77.93,77.93906
2019-08-16 22:00:00,77.93,77.94961
2019-08-16 23:00:00,77.92,77.9484
2019-08-17 00:00:00,77.92,77.942894
2019-08-17 01:00:00,77.92,77.937454
2019-08-17 02:00:00,77.92,77.92517
2019-08-17 03:00:00,77.92,77.928825
2019-08-17 04:00:00,77.92,77.929825
2019-08-17 05:00:00,77.92,77.936966
2019-08-17 06:00:00,77.91,77.923615
2019-08-17 07:00:00,77.91,77.90385
2019-08-17 08:00:00,77.91,77.89396
2019-08-17 09:00:00,77.91,77.88069
2019-08-17 10:00:00,77.91,77.87336
2019-08-17 11:00:00,77.91,77.88283
2019-08-17 12:00:00,77.91,77.886116
2019-08-17 13:00:00,77.91,77.89264
2019-08-17 14:00:00,77.91,77.895874
2019-08-17 15:00:00,77.91,77.885345
2019-08-17 16:00:00,77.91,77.88326
2019-08-17 17:00:00,77.9,77.879295
2019-08-17 18:00:00,77.9,77.8821
2019-08-17 19:00:00,77.9,77.87971
2019-08-17 20:00:00,77.89,77.87399
2019-08-17 21:00:00,77.89,77.884995
2019-08-17 22:00:00,77.89,77.89342
2019-08-17 23:00:00,77.89,77.89747
2019-08-18 00:00:00,77.89,77.9013
2019-08-18 01:00:00,77.89,77.91116
2019-08-18 02:00:00,77.89,77.92068
2019-08-18 03:00:00,77.89,77.92254
2019-08-18 04:00:00,77.88,77.926155
2019-08-18 05:00:00,77.88,77.92114
2019-08-18 06:00:00,77.89,77.909966
2019-08-18 07:00:00,77.89,77.908226
2019-08-18 08:00:00,77.89,77.90693
2019-08-18 09:00:00,77.89,77.89729
2019-08-18 10:00:00,77.88,77.88628
2019-08-18 11:00:00,77.88,77.87688
2019-08-18 12:00:00,77.89,77.88019
2019-08-18 13:00:00,77.89,77.89089
2019-08-18 14:00:00,77.89,77.89419
2019-08-18 15:00:00,77.89,77.91178
2019-08-18 16:00:00,77.89,77.899826
2019-08-18 17:00:00,77.89,77.89777
2019-08-18 18:00:00,77.88,77.89222
2019-08-18 19:00:00,77.88,77.88669
2019-08-18 20:00:00,77.88,77.87329
2019-08-18 21:00:00,77.87,77.878456
2019-08-18 22:00:00,77.87,77.88145
2019-08-18 23:00:00,77.87,77.886055
2019-08-19 00:00:00,77.87,77.88675
2019-08-19 01:00:00,77.87,77.883766
2019-08-19 02:00:00,77.87,77.87661
2019-08-19 03:00:00,77.87,77.87229
2019-08-19 04:00:00,77.88,77.85892
2019-08-19 05:00:00,77.87,77.85484
2019-08-19 06:00:00,77.88,77.84896
2019-08-19 07:00:00,77.88,77.832825
2019-08-19 08:00:00,77.88,77.83193
2019-08-19 09:00:00,77.88,77.82931
2019-08-19 10:00:00,77.88,77.81926
2019-08-19 11:00:00,77.89,77.83344
2019-08-19 12:00:00,77.88,77.83368
2019-08-19 13:00:00,77.88,77.8331
2019-08-19 14:00:00,77.88,77.84078
2019-08-19 15:00:00,77.88,77.83878
2019-08-19 16:00:00,77.88,77.86387
2019-08-19 17:00:00,77.88,77.84107
2019-08-19 18:00:00,77.88,77.835396
2019-08-19 19:00:00,77.87,77.83547
2019-08-19 20:00:00,77.87,77.83457
2019-08-19 21:00:00,77.87,77.83863
2019-08-19 22:00:00,77.87,77.848404
2019-08-19 23:00:00,77.87,77.838486
2019-08-20 00:00:00,77.87,77.842
2019-08-20 01:00:00,77.87,77.84405
2019-08-20 02:00:00,77.87,77.849556
2019-08-20 03:00:00,77.87,77.848305
2019-08-20 04:00:00,77.87,77.84653
2019-08-20 05:00:00,77.87,77.85281
2019-08-20 06:00:00,77.87,77.847786
2019-08-20 07:00:00,77.87,77.84505
2019-08-20 08:00:00,77.87,77.83206
2019-08-20 09:00:00,77.86,77.85044
2019-08-20 10:00:00,77.86,77.85256
2019-08-20 11:00:00,77.87,77.84609
2019-08-20 12:00:00,77.87,77.84901
2019-08-20 13:00:00,77.87,77.85982
2019-08-20 14:00:00,77.86,77.869835
2019-08-20 15:00:00,77.86,77.87458
2019-08-20 16:00:00,77.86,77.8531
2019-08-20 17:00:00,77.86,77.856415
2019-08-20 18:00:00,77.86,77.864395
2019-08-20 19:00:00,77.86,77.864204
2019-08-20 20:00:00,77.85,77.8542
2019-08-20 21:00:00,77.85,77.85995
2019-08-20 22:00:00,77.85,77.85819
2019-08-20 23:00:00,77.85,77.86674
2019-08-21 00:00:00,77.85,77.86755
2019-08-21 01:00:00,77.85,77.86855
2019-08-21 02:00:00,77.85,77.872215
2019-08-21 03:00:00,77.85,77.88321
2019-08-21 04:00:00,77.85,77.88742
2019-08-21 05:00:00,77.85,77.90062
2019-08-21 06:00:00,77.85,77.910995
2019-08-21 07:00:00,77.85,77.915764
2019-08-21 08:00:00,77.85,77.94124
2019-08-21 09:00:00,77.84,77.933395
2019-08-21 10:00:00,77.84,77.93532
2019-08-21 11:00:00,77.84,77.931786
2019-08-21 12:00:00,77.84,77.920235
2019-08-21 13:00:00,77.84,77.91728
2019-08-21 14:00:00,77.84,77.92565
2019-08-21 15:00:00,77.84,77.931114
2019-08-21 16:00:00,77.84,77.9269
2019-08-21 17:00:00,77.86,77.92604
2019-08-21 18:00:00,77.88,77.9292
2019-08-21 19:00:00,77.9,77.928024
2019-08-21 20:00:00,77.92,77.93948
2019-08-21 21:00:00,77.95,77.94425
2019-08-21 22:00:00,77.97,77.950905
2019-08-21 23:00:00,77.98,77.95146
2019-08-22 00:00:00,78.0,77.996445
2019-08-22 01:00:00,78.02,77.99798
2019-08-22 02:00:00,78.02,78.00236
2019-08-22 03:00:00,78.03,78.04329
2019-08-22 04:00:00,78.04,78.01219
2019-08-22 05:00:00,78.04,78.03887
2019-08-22 06:00:00,78.05,78.02313
2019-08-22 07:00:00,78.05,78.08359
2019-08-22 08:00:00,78.06,78.083435
2019-08-22 09:00:00,78.07,78.03164
2019-08-22 10:00:00,78.08,78.11517
2019-08-22 11:00:00,78.1,78.11468
2019-08-22 12:00:00,78.11,78.11036
2019-08-22 13:00:00,78.13,78.13634
2019-08-22 14:00:00,78.15,78.08621
2019-08-22 15:00:00,78.15,78.07338
2019-08-22 16:00:00,78.16,78.075584
2019-08-22 17:00:00,78.16,78.07446
2019-08-22 18:00:00,78.16,78.083755
2019-08-22 19:00:00,78.17,78.085625
2019-08-22 20:00:00,78.17,78.11547
2019-08-22 21:00:00,78.17,78.11812
2019-08-22 22:00:00,78.16,78.10727
2019-08-22 23:00:00,78.14,78.09569
2019-08-23 00:00:00,78.14,78.090775
2019-08-23 01:00:00,78.13,78.08633
2019-08-23 02:00:00,78.13,78.0836
2019-08-23 03:00:00,78.12,78.10109
2019-08-23 04:00:00,78.11,78.10912
2019-08-23 05:00:00,78.11,78.09673
2019-08-23 06:00:00,78.11,78.047195
2019-08-23 07:00:00,78.1,78.036255
2019-08-23 08:00:00,78.1,78.10943
2019-08-23 09:00:00,78.1,77.9526
2019-08-23 10:00:00,78.09,77.894844
2019-08-23 11:00:00,78.08,77.88278
2019-08-23 12:00:00,78.08,77.87139
2019-08-23 13:00:00,78.06,77.86415
2019-08-23 14:00:00,78.06,77.868965
2019-08-23 15:00:00,78.05,77.86849
2019-08-23 16:00:00,78.05,77.87855
2019-08-23 17:00:00,78.04,77.866516
2019-08-23 18:00:00,78.05,77.85802
2019-08-23 19:00:00,78.04,77.86729
2019-08-23 20:00:00,78.04,77.880226
2019-08-23 21:00:00,78.03,77.88517
2019-08-23 22:00:00,78.02,77.88445
2019-08-23 23:00:00,78.02,77.88453
2019-08-24 00:00:00,78.01,77.88315
2019-08-24 01:00:00,78.01,77.87881
2019-08-24 02:00:00,78.0,77.87161
2019-08-24 03:00:00,78.0,77.85777
2019-08-24 04:00:00,78.0,77.857
2019-08-24 05:00:00,77.99,77.8585
2019-08-24 06:00:00,77.99,77.85156
2019-08-24 07:00:00,77.98,77.83642
2019-08-24 08:00:00,77.98,77.817215
2019-08-24 09:00:00,77.97,77.81767
2019-08-24 10:00:00,77.97,77.834175
2019-08-24 11:00:00,77.96,77.80875
2019-08-24 12:00:00,77.96,77.81656
2019-08-24 13:00:00,77.96,77.814545
2019-08-24 14:00:00,77.96,77.81975
2019-08-24 15:00:00,77.95,77.83753
2019-08-24 16:00:00,77.95,77.82577
2019-08-24 17:00:00,77.94,77.83064
2019-08-24 18:00:00,77.94,77.85273
2019-08-24 19:00:00,77.93,77.83425
2019-08-24 20:00:00,77.93,77.82137
2019-08-24 21:00:00,77.92,77.82767
2019-08-24 22:00:00,77.92,77.824196
2019-08-24 23:00:00,77.92,77.80973
2019-08-25 00:00:00,77.91,77.8245
2019-08-25 01:00:00,77.91,77.81839
2019-08-25 02:00:00,77.91,77.82973
2019-08-25 03:00:00,77.9,77.82044
2019-08-25 04:00:00,77.9,77.83152
2019-08-25 05:00:00,77.9,77.822495
2019-08-25 06:00:00,77.89,77.825806
2019-08-25 07:00:00,77.89,77.8312
2019-08-25 08:00:00,77.88,77.83666
2019-08-25 09:00:00,77.88,77.82215
2019-08-25 10:00:00,77.88,77.81328
2019-08-25 11:00:00,77.87,77.815506
2019-08-25 12:00:00,77.87,77.82205
2019-08-25 13:00:00,77.87,77.8084
2019-08-25 14:00:00,77.87,77.80452
2019-08-25 15:00:00,77.86,77.80978
2019-08-25 16:00:00,77.86,77.81216
2019-08-25 17:00:00,77.86,77.80848
2019-08-25 18:00:00,77.85,77.811295
2019-08-25 19:00:00,77.85,77.81304
2019-08-25 20:00:00,77.85,77.810135
2019-08-25 21:00:00,77.84,77.794716
2019-08-25 22:00:00,77.84,77.80004
2019-08-25 23:00:00,77.84,77.79712
2019-08-26 00:00:00,77.83,77.81626
2019-08-26 01:00:00,77.83,77.81249
2019-08-26 02:00:00,77.83,77.8221
2019-08-26 03:00:00,77.83,77.82124
2019-08-26 04:00:00,77.82,77.81683
2019-08-26 05:00:00,77.82,77.814095
2019-08-26 06:00:00,77.82,77.81406
2019-08-26 07:00:00,77.82,77.813614
2019-08-26 08:00:00,77.81,77.79745
2019-08-26 09:00:00,77.81,77.8018
2019-08-26 10:00:00,77.81,77.79838
2019-08-26 11:00:00,77.81,77.79325
2019-08-26 12:00:00,77.81,77.80856
2019-08-26 13:00:00,77.81,77.80434
2019-08-26 14:00:00,77.81,77.83123
2019-08-26 15:00:00,77.8,77.82648
2019-08-26 16:00:00,77.8,77.82692
2019-08-26 17:00:00,77.8,77.811516
2019-08-26 18:00:00,77.79,77.81942
2019-08-26 19:00:00,77.79,77.807526
2019-08-26 20:00:00,77.78,77.828156
2019-08-26 21:00:00,77.78,77.81952
2019-08-26 22:00:00,77.77,77.837746
2019-08-26 23:00:00,77.78,77.84131
2019-08-27 00:00:00,77.78,77.827354
2019-08-27 01:00:00,77.78,77.838844
2019-08-27 02:00:00,77.77,77.838455
2019-08-27 03:00:00,77.77,77.84745
2019-08-27 04:00:00,77.77,77.84958
2019-08-27 05:00:00,77.77,77.86022
2019-08-27 06:00:00,77.77,77.86506
2019-08-27 07:00:00,77.77,77.88205
2019-08-27 08:00:00,77.77,77.88637
2019-08-27 09:00:00,77.78,77.887665
2019-08-27 10:00:00,77.79,77.89239
2019-08-27 11:00:00,77.8,77.91041
2019-08-27 12:00:00,77.8,77.9091
2019-08-27 13:00:00,77.81,77.89516
2019-08-27 14:00:00,77.82,77.91582
2019-08-27 15:00:00,77.82,77.906006
2019-08-27 16:00:00,77.83,77.904526
2019-08-27 17:00:00,77.83,77.913765
2019-08-27 18:00:00,77.83,77.91555
2019-08-27 19:00:00,77.83,77.91677
2019-08-27 20:00:00,77.83,77.91074
2019-08-27 21:00:00,77.83,77.9036
2019-08-27 22:00:00,77.83,77.90736
2019-08-27 23:00:00,77.83,77.91789
2019-08-28 00:00:00,77.83,77.92845
2019-08-28 01:00:00,77.83,77.92663
2019-08-28 02:00:00,77.83,77.91693
2019-08-28 03:00:00,77.83,77.91114
2019-08-28 04:00:00,77.83,77.90944
2019-08-28 05:00:00,77.83,77.917885
2019-08-28 06:00:00,77.82,77.92566
2019-08-28 07:00:00,77.82,77.91636
2019-08-28 08:00:00,77.82,77.9032
2019-08-28 09:00:00,77.81,77.90588
2019-08-28 10:00:00,77.81,77.9129
2019-08-28 11:00:00,77.81,77.9107
2019-08-28 12:00:00,77.81,77.90975
2019-08-28 13:00:00,77.81,77.87965
2019-08-28 14:00:00,77.81,77.86994
2019-08-28 15:00:00,77.81,77.8706
2019-08-28 16:00:00,77.81,77.88157
2019-08-28 17:00:00,77.81,77.873085
2019-08-28 18:00:00,77.81,77.89125
2019-08-28 19:00:00,77.8,77.89142
2019-08-28 20:00:00,77.8,77.899956
2019-08-28 21:00:00,77.8,77.90106
2019-08-28 22:00:00,77.8,77.8962
2019-08-28 23:00:00,77.8,77.89256
2019-08-29 00:00:00,77.8,77.88206
2019-08-29 01:00:00,77.8,77.88957
2019-08-29 02:00:00,77.79,77.88373
2019-08-29 03:00:00,77.79,77.88547
2019-08-29 04:00:00,77.8,77.87837
2019-08-29 05:00:00,77.79,77.87936
2019-08-29 06:00:00,77.79,77.87488
2019-08-29 07:00:00,77.79,77.85222
2019-08-29 08:00:00,77.79,77.86156
2019-08-29 09:00:00,77.79,77.86942
2019-08-29 10:00:00,77.79,77.853966
2019-08-29 11:00:00,77.79,77.85682
2019-08-29 12:00:00,77.79,77.857086
2019-08-29 13:00:00,77.79,77.86124
2019-08-29 14:00:00,77.79,77.84556
2019-08-29 15:00:00,77.79,77.83096
2019-08-29 16:00:00,77.79,77.83194
2019-08-29 17:00:00,77.79,77.83063
2019-08-29 18:00:00,77.78,77.837875
2019-08-29 19:00:00,77.78,77.85305
2019-08-29 20:00:00,77.78,77.852264
2019-08-29 21:00:00,77.78,77.85375
2019-08-29 22:00:00,77.78,77.859055
2019-08-29 23:00:00,77.78,77.84166
2019-08-30 00:00:00,77.78,77.84335
2019-08-30 01:00:00,77.78,77.843445
2019-08-30 02:00:00,77.78,77.85128
2019-08-30 03:00:00,77.78,77.84845
2019-08-30 04:00:00,77.78,77.84913
2019-08-30 05:00:00,77.78,77.84268
2019-08-30 06:00:00,77.78,77.83662
2019-08-30 07:00:00,77.78,77.82098
2019-08-30 08:00:00,77.77,77.82759
2019-08-30 09:00:00,77.77,77.82831
2019-08-30 10:00:00,77.77,77.80683
2019-08-30 11:00:00,77.77,77.80889
2019-08-30 12:00:00,77.78,77.81611
2019-08-30 13:00:00,77.77,77.81868
2019-08-30 14:00:00,77.77,77.81773
2019-08-30 15:00:00,77.77,77.820435
2019-08-30 16:00:00,77.77,77.80949
2019-08-30 17:00:00,77.77,77.81189
2019-08-30 18:00:00,77.77,77.80416
2019-08-30 19:00:00,77.76,77.80231
2019-08-30 20:00:00,77.76,77.8019
2019-08-30 21:00:00,77.76,77.80684
2019-08-30 22:00:00,77.76,77.82385
2019-08-30 23:00:00,77.76,77.816
2019-08-31 00:00:00,77.76,77.81849
2019-08-31 01:00:00,77.76,77.81559
2019-08-31 02:00:00,77.76,77.82142
2019-08-31 03:00:00,77.76,77.82563
2019-08-31 04:00:00,77.76,77.8222
2019-08-31 05:00:00,77.76,77.81697
2019-08-31 06:00:00,77.76,77.81285
2019-08-31 07:00:00,77.76,77.79513
2019-08-31 08:00:00,77.76,77.793655
2019-08-31 09:00:00,77.75,77.78002
2019-08-31 10:00:00,77.75,77.78411
2019-08-31 11:00:00,77.75,77.761925
2019-08-31 12:00:00,77.76,77.76183
2019-08-31 13:00:00,77.76,77.78714
2019-08-31 14:00:00,77.76,77.78805
2019-08-31 15:00:00,77.76,77.79653
2019-08-31 16:00:00,77.76,77.7963
2019-08-31 17:00:00,77.76,77.80456
2019-08-31 18:00:00,77.76,77.79058
2019-08-31 19:00:00,77.75,77.77695
2019-08-31 20:00:00,77.75,77.787476
2019-08-31 21:00:00,77.75,77.78239
2019-08-31 22:00:00,77.75,77.784645
2019-08-31 23:00:00,77.75,77.781815
2019-09-01 00:00:00,77.75,77.78193
2019-09-01 01:00:00,77.75,77.77965
2019-09-01 02:00:00,77.75,77.77116
2019-09-01 03:00:00,77.75,77.78231
2019-09-01 04:00:00,77.76,77.790726
2019-09-01 05:00:00,77.76,77.7999
2019-09-01 06:00:00,77.76,77.80019
2019-09-01 07:00:00,77.76,77.805466
2019-09-01 08:00:00,77.76,77.79792
2019-09-01 09:00:00,77.76,77.77438
2019-09-01 10:00:00,77.76,77.7824
2019-09-01 11:00:00,77.76,77.77562
2019-09-01 12:00:00,77.76,77.76449
2019-09-01 13:00:00,77.76,77.78067
2019-09-01 14:00:00,77.76,77.796295
2019-09-01 15:00:00,77.76,77.785736
2019-09-01 16:00:00,77.76,77.76425
2019-09-01 17:00:00,77.76,77.78767
2019-09-01 18:00:00,77.76,77.778305
2019-09-01 19:00:00,77.76,77.78489
2019-09-01 20:00:00,77.76,77.76318
2019-09-01 21:00:00,77.76,77.76393
2019-09-01 22:00:00,77.76,77.788666
2019-09-01 23:00:00,77.76,77.76354
2019-09-02 00:00:00,77.76,77.77691
2019-09-02 01:00:00,77.76,77.768074
2019-09-02 02:00:00,77.76,77.787346
2019-09-02 03:00:00,77.76,77.77865
2019-09-02 04:00:00,77.76,77.78915
2019-09-02 05:00:00,77.76,77.79076
2019-09-02 06:00:00,77.76,77.81652
2019-09-02 07:00:00,77.76,77.79729
2019-09-02 08:00:00,77.76,77.79156
2019-09-02 09:00:00,77.75,77.8237
2019-09-02 10:00:00,77.75,77.80957
2019-09-02 11:00:00,77.75,77.83018
2019-09-02 12:00:00,77.75,77.86901
2019-09-02 13:00:00,77.75,77.83976
2019-09-02 14:00:00,77.75,77.85762
2019-09-02 15:00:00,77.75,77.82548
2019-09-02 16:00:00,77.76,77.83303
2019-09-02 17:00:00,77.76,77.84768
2019-09-02 18:00:00,77.76,77.843994
2019-09-02 19:00:00,77.76,77.83204
2019-09-02 20:00:00,77.76,77.81469
2019-09-02 21:00:00,77.76,77.84279
2019-09-02 22:00:00,77.76,77.84029
2019-09-02 23:00:00,77.75,77.84664
2019-09-03 00:00:00,77.75,77.87191
2019-09-03 01:00:00,77.75,77.86132
2019-09-03 02:00:00,77.75,77.86197
2019-09-03 03:00:00,77.75,77.856834
2019-09-03 04:00:00,77.75,77.86218
2019-09-03 05:00:00,77.75,77.86883
2019-09-03 06:00:00,77.75,77.863464
2019-09-03 07:00:00,77.76,77.848785
2019-09-03 08:00:00,77.76,77.86468
2019-09-03 09:00:00,77.76,77.85593
2019-09-03 10:00:00,77.76,77.92788
2019-09-03 11:00:00,77.76,77.94366
2019-09-03 12:00:00,77.77,77.87564
2019-09-03 13:00:00,77.77,77.96597
2019-09-03 14:00:00,77.77,77.92219
2019-09-03 15:00:00,77.78,77.97719
2019-09-03 16:00:00,77.77,78.048096
2019-09-03 17:00:00,77.77,78.07284
2019-09-03 18:00:00,77.77,78.0033
2019-09-03 19:00:00,77.77,78.000694
2019-09-03 20:00:00,77.78,77.9571
2019-09-03 21:00:00,77.78,77.97714
2019-09-03 22:00:00,77.78,78.03971
2019-09-03 23:00:00,77.79,78.03872
2019-09-04 00:00:00,77.79,78.10727
2019-09-04 01:00:00,77.79,78.07179
2019-09-04 02:00:00,77.79,78.0702
2019-09-04 03:00:00,77.8,78.055466
2019-09-04 04:00:00,77.8,78.06687
2019-09-04 05:00:00,77.8,78.02119
2019-09-04 06:00:00,77.8,78.058754
2019-09-04 07:00:00,77.8,78.058
2019-09-04 08:00:00,77.8,78.07339
2019-09-04 09:00:00,77.79,78.10105
2019-09-04 10:00:00,77.79,78.17474
2019-09-04 11:00:00,77.79,78.1451
2019-09-04 12:00:00,77.79,78.08035
2019-09-04 13:00:00,77.79,78.13761
2019-09-04 14:00:00,77.79,78.07704
2019-09-04 15:00:00,77.79,78.12631
2019-09-04 16:00:00,77.78,78.064026
2019-09-04 17:00:00,77.78,78.03031
2019-09-04 18:00:00,77.78,78.091606
2019-09-04 19:00:00,77.78,78.089264
2019-09-04 20:00:00,77.77,78.10151
2019-09-04 21:00:00,77.77,77.88514
2019-09-04 22:00:00,77.77,77.87298
2019-09-04 23:00:00,77.77,77.86846
2019-09-05 00:00:00,77.77,77.86467
2019-09-05 01:00:00,77.76,77.87263
2019-09-05 02:00:00,77.76,77.89872
2019-09-05 03:00:00,77.76,77.901054
2019-09-05 04:00:00,77.76,77.89279
2019-09-05 05:00:00,77.76,77.89556
2019-09-05 06:00:00,77.76,77.899345
2019-09-05 07:00:00,77.75,77.88769
2019-09-05 08:00:00,77.75,77.90444
2019-09-05 09:00:00,77.75,77.90573
2019-09-05 10:00:00,77.75,77.909134
2019-09-05 11:00:00,77.75,77.88681
2019-09-05 12:00:00,77.75,77.89849
2019-09-05 13:00:00,77.75,77.90291
2019-09-05 14:00:00,77.75,77.89455
2019-09-05 15:00:00,77.75,77.91323
2019-09-05 16:00:00,77.74,77.90517
2019-09-05 17:00:00,77.74,77.897804
2019-09-05 18:00:00,77.74,77.89544
2019-09-05 19:00:00,77.73,77.904366
2019-09-05 20:00:00,77.73,77.91734
2019-09-05 21:00:00,77.73,77.926
2019-09-05 22:00:00,77.73,77.927414
2019-09-05 23:00:00,77.73,77.925285
2019-09-06 00:00:00,77.73,77.926025
2019-09-06 01:00:00,77.73,77.92433
2019-09-06 02:00:00,77.73,77.92104
2019-09-06 03:00:00,77.73,77.91698
2019-09-06 04:00:00,77.72,77.90754
2019-09-06 05:00:00,77.72,77.897095
2019-09-06 06:00:00,77.72,77.89607
2019-09-06 07:00:00,77.72,77.89218
2019-09-06 08:00:00,77.72,77.89885
2019-09-06 09:00:00,77.72,77.91341
2019-09-06 10:00:00,77.72,77.916534
2019-09-06 11:00:00,77.71,77.90889
2019-09-06 12:00:00,77.71,77.91415
2019-09-06 13:00:00,77.71,77.91529
2019-09-06 14:00:00,77.71,77.89953
2019-09-06 15:00:00,77.71,77.908005
2019-09-06 16:00:00,77.71,77.8995
2019-09-06 17:00:00,77.71,77.897995
2019-09-06 18:00:00,77.7,77.89325
2019-09-06 19:00:00,77.7,77.88428
2019-09-06 20:00:00,77.7,77.877975
2019-09-06 21:00:00,77.7,77.88774
2019-09-06 22:00:00,77.7,77.88937
2019-09-06 23:00:00,77.7,77.900536
2019-09-07 00:00:00,77.7,77.96034
2019-09-07 01:00:00,77.7,77.95376
2019-09-07 02:00:00,77.7,77.965576
2019-09-07 03:00:00,77.71,77.9448
2019-09-07 04:00:00,77.71,77.913475
2019-09-07 05:00:00,77.72,77.883224
2019-09-07 06:00:00,77.74,78.059425
2019-09-07 07:00:00,77.75,78.018524
2019-09-07 08:00:00,77.77,77.95045
2019-09-07 09:00:00,77.79,78.05522
2019-09-07 10:00:00,77.81,78.10742
2019-09-07 11:00:00,77.83,78.15542
2019-09-07 12:00:00,77.85,78.13376
2019-09-07 13:00:00,77.87,78.17747
2019-09-07 14:00:00,77.88,78.14819
2019-09-07 15:00:00,77.9,78.153915
2019-09-07 16:00:00,77.9,78.16262
2019-09-07 17:00:00,77.91,78.16901
2019-09-07 18:00:00,77.92,78.16307
2019-09-07 19:00:00,77.92,78.16953
2019-09-07 20:00:00,77.92,78.19047
2019-09-07 21:00:00,77.92,78.12017
2019-09-07 22:00:00,77.92,78.05535
2019-09-07 23:00:00,77.92,78.062
2019-09-08 00:00:00,77.92,78.069
2019-09-08 01:00:00,77.92,78.05504
2019-09-08 02:00:00,77.92,78.05315
2019-09-08 03:00:00,77.92,78.05663
2019-09-08 04:00:00,77.92,78.05932
2019-09-08 05:00:00,77.91,78.07811
2019-09-08 06:00:00,77.91,78.070244
2019-09-08 07:00:00,77.91,78.03875
2019-09-08 08:00:00,77.9,78.024956
2019-09-08 09:00:00,77.9,78.01403
2019-09-08 10:00:00,77.89,77.996956
2019-09-08 11:00:00,77.89,77.92916
2019-09-08 12:00:00,77.89,77.90429
2019-09-08 13:00:00,77.89,77.89686
2019-09-08 14:00:00,77.88,77.89673
2019-09-08 15:00:00,77.88,77.88982
2019-09-08 16:00:00,77.87,77.89692
2019-09-08 17:00:00,77.87,77.9098
2019-09-08 18:00:00,77.87,77.900406
2019-09-08 19:00:00,77.86,77.90455
2019-09-08 20:00:00,77.86,77.91014
2019-09-08 21:00:00,77.85,77.91482
2019-09-08 22:00:00,77.85,77.90965
2019-09-08 23:00:00,77.84,77.90843
2019-09-09 00:00:00,77.84,77.912315
2019-09-09 01:00:00,77.84,77.9149
2019-09-09 02:00:00,77.83,77.92249
2019-09-09 03:00:00,77.83,77.92281
2019-09-09 04:00:00,77.82,77.9168
2019-09-09 05:00:00,77.82,77.91651
2019-09-09 06:00:00,77.82,77.92134
2019-09-09 07:00:00,77.82,77.916084
2019-09-09 08:00:00,77.82,77.919044
2019-09-09 09:00:00,77.81,77.91488
2019-09-09 10:00:00,77.82,77.93187
2019-09-09 11:00:00,77.81,77.93017
2019-09-09 12:00:00,77.82,77.92761
2019-09-09 13:00:00,77.81,77.92189
2019-09-09 14:00:00,77.81,77.94331
2019-09-09 15:00:00,77.81,77.93089
2019-09-09 16:00:00,77.81,77.93672
2019-09-09 17:00:00,77.81,77.94828
2019-09-09 18:00:00,77.8,77.93417
2019-09-09 19:00:00,77.8,77.94756
2019-09-09 20:00:00,77.8,78.100746
2019-09-09 21:00:00,77.79,77.94231
2019-09-09 22:00:00,77.79,78.15669
2019-09-09 23:00:00,77.79,78.156586
2019-09-10 00:00:00,77.79,78.183235
2019-09-10 01:00:00,77.79,78.146645
2019-09-10 02:00:00,77.78,78.10832
2019-09-10 03:00:00,77.78,78.11431
2019-09-10 04:00:00,77.78,78.11105
2019-09-10 05:00:00,77.78,78.10779
2019-09-10 06:00:00,77.78,78.076584
2019-09-10 07:00:00,77.78,78.09219
2019-09-10 08:00:00,77.77,78.1454
2019-09-10 09:00:00,77.76,78.17527
2019-09-10 10:00:00,77.76,78.15951
2019-09-10 11:00:00,77.76,78.17528
2019-09-10 12:00:00,77.76,78.12058
2019-09-10 13:00:00,77.75,78.10027
2019-09-10 14:00:00,77.75,78.12532
2019-09-10 15:00:00,77.75,78.14599
2019-09-10 16:00:00,77.75,78.1441
2019-09-10 17:00:00,77.74,78.12106
2019-09-10 18:00:00,77.74,78.168655
2019-09-10 19:00:00,77.73,78.15898
2019-09-10 20:00:00,77.73,78.161766
2019-09-10 21:00:00,77.72,77.96494
2019-09-10 22:00:00,77.72,77.95087
2019-09-10 23:00:00,77.72,77.94591
2019-09-11 00:00:00,77.72,77.95189
2019-09-11 01:00:00,77.71,77.947075
2019-09-11 02:00:00,77.71,77.93939
2019-09-11 03:00:00,77.71,77.93155
2019-09-11 04:00:00,77.71,77.92942
2019-09-11 05:00:00,77.7,77.92824
2019-09-11 06:00:00,77.7,77.9238
2019-09-11 07:00:00,77.7,77.91229
2019-09-11 08:00:00,77.69,77.89335
2019-09-11 09:00:00,77.69,77.875084
2019-09-11 10:00:00,77.69,77.89441
2019-09-11 11:00:00,77.69,77.88794
2019-09-11 12:00:00,77.68,77.88725
2019-09-11 13:00:00,77.68,77.89612
2019-09-11 14:00:00,77.68,77.90119
2019-09-11 15:00:00,77.68,77.90744
2019-09-11 16:00:00,77.67,77.90348
2019-09-11 17:00:00,77.67,77.90736
2019-09-11 18:00:00,77.67,77.900154
2019-09-11 19:00:00,77.66,77.90344
2019-09-11 20:00:00,77.66,77.88519
2019-09-11 21:00:00,77.65,77.87805
2019-09-11 22:00:00,77.65,77.86718
2019-09-11 23:00:00,77.65,77.8828
2019-09-12 00:00:00,77.64,77.86718
2019-09-12 01:00:00,77.64,77.86918
2019-09-12 02:00:00,77.64,77.8635
2019-09-12 03:00:00,77.64,77.85528
2019-09-12 04:00:00,77.64,77.868935
2019-09-12 05:00:00,77.63,77.86609
2019-09-12 06:00:00,77.63,77.877686
2019-09-12 07:00:00,77.63,77.86792
2019-09-12 08:00:00,77.62,77.8747
2019-09-12 09:00:00,77.62,77.88274
2019-09-12 10:00:00,77.62,77.874985
2019-09-12 11:00:00,77.61,77.84029
2019-09-12 12:00:00,77.61,77.844124
2019-09-12 13:00:00,77.61,77.83667
2019-09-12 14:00:00,77.61,77.837715
2019-09-12 15:00:00,77.61,77.83408
2019-09-12 16:00:00,77.6,77.82846
2019-09-12 17:00:00,77.6,77.82697
2019-09-12 18:00:00,77.6,77.82251
2019-09-12 19:00:00,77.59,77.83345
2019-09-12 20:00:00,77.59,77.82089
2019-09-12 21:00:00,77.59,77.83352
2019-09-12 22:00:00,77.59,77.8187
2019-09-12 23:00:00,77.58,77.83771
2019-09-13 00:00:00,77.58,77.8367
2019-09-13 01:00:00,77.58,77.83111
2019-09-13 02:00:00,77.58,77.81872
2019-09-13 03:00:00,77.58,77.83094
2019-09-13 04:00:00,77.58,77.805435
2019-09-13 05:00:00,77.57,77.7937
2019-09-13 06:00:00,77.57,77.80276
2019-09-13 07:00:00,77.57,77.77266
2019-09-13 08:00:00,77.56,77.7768
2019-09-13 09:00:00,77.56,77.80117
2019-09-13 10:00:00,77.56,77.79866
2019-09-13 11:00:00,77.56,77.80083
2019-09-13 12:00:00,77.56,77.812744
2019-09-13 13:00:00,77.56,77.79658
2019-09-13 14:00:00,77.55,77.803925
2019-09-13 15:00:00,77.55,77.794846
2019-09-13 16:00:00,77.55,77.79025
2019-09-13 17:00:00,77.55,77.79619
2019-09-13 18:00:00,77.54,77.792786
2019-09-13 19:00:00,77.54,77.81193
2019-09-13 20:00:00,77.53,77.81372
2019-09-13 21:00:00,77.53,77.80118
2019-09-13 22:00:00,77.53,77.80373
2019-09-13 23:00:00,77.53,77.792244
2019-09-14 00:00:00,77.52,77.78399
2019-09-14 01:00:00,77.52,77.80057
2019-09-14 02:00:00,77.52,77.781
2019-09-14 03:00:00,77.52,77.77544
2019-09-14 04:00:00,77.52,77.80194
2019-09-14 05:00:00,77.52,77.7932
2019-09-14 06:00:00,77.51,77.783646
2019-09-14 07:00:00,77.51,77.77452
2019-09-14 08:00:00,77.51,77.7812
2019-09-14 09:00:00,77.51,77.76228
2019-09-14 10:00:00,77.5,77.77108
2019-09-14 11:00:00,77.5,77.77594
2019-09-14 12:00:00,77.5,77.78281
2019-09-14 13:00:00,77.5,77.79042
2019-09-14 14:00:00,77.5,77.810875
2019-09-14 15:00:00,77.5,77.81314
2019-09-14 16:00:00,77.5,77.80756
2019-09-14 17:00:00,77.5,77.81822
2019-09-14 18:00:00,77.49,77.81817
2019-09-14 19:00:00,77.49,77.80822
2019-09-14 20:00:00,77.48,77.79
2019-09-14 21:00:00,77.48,77.80714
2019-09-14 22:00:00,77.48,77.78039
2019-09-14 23:00:00,77.48,77.8148
2019-09-15 00:00:00,77.48,77.81382
2019-09-15 01:00:00,77.48,77.80046
2019-09-15 02:00:00,77.48,77.795166
2019-09-15 03:00:00,77.47,77.82344
2019-09-15 04:00:00,77.47,77.82681
2019-09-15 05:00:00,77.47,77.83502
2019-09-15 06:00:00,77.47,77.85841
2019-09-15 07:00:00,77.47,77.862335
2019-09-15 08:00:00,77.47,77.86826
2019-09-15 09:00:00,77.46,77.8599
2019-09-15 10:00:00,77.46,77.88057
2019-09-15 11:00:00,77.46,77.87598
2019-09-15 12:00:00,77.46,77.88651
2019-09-15 13:00:00,77.46,77.8802
2019-09-15 14:00:00,77.46,77.888695
2019-09-15 15:00:00,77.46,77.88269
2019-09-15 16:00:00,77.46,77.87637
2019-09-15 17:00:00,77.46,77.860016
2019-09-15 18:00:00,77.45,77.85552
2019-09-15 19:00:00,77.45,77.85467
2019-09-15 20:00:00,77.44,77.87241
2019-09-15 21:00:00,77.44,77.87174
2019-09-15 22:00:00,77.44,77.881294
2019-09-15 23:00:00,77.44,77.8839
2019-09-16 00:00:00,77.44,77.8892
2019-09-16 01:00:00,77.44,77.891846
2019-09-16 02:00:00,77.44,77.899254
2019-09-16 03:00:00,77.44,77.88021
2019-09-16 04:00:00,77.44,77.88407
2019-09-16 05:00:00,77.43,77.88074
2019-09-16 06:00:00,77.43,77.88708
2019-09-16 07:00:00,77.43,77.8979
2019-09-16 08:00:00,77.43,77.899055
2019-09-16 09:00:00,77.43,77.89497
2019-09-16 10:00:00,77.43,77.88654
2019-09-16 11:00:00,77.43,77.88261
2019-09-16 12:00:00,77.43,77.88088
2019-09-16 13:00:00,77.43,77.879295
2019-09-16 14:00:00,77.43,77.88051
2019-09-16 15:00:00,77.43,77.880005
2019-09-16 16:00:00,77.43,77.88883
2019-09-16 17:00:00,77.43,77.86879
2019-09-16 18:00:00,77.42,77.88044
2019-09-16 19:00:00,77.42,77.88417
2019-09-16 20:00:00,77.42,77.89014
2019-09-16 21:00:00,77.41,77.890785
2019-09-16 22:00:00,77.41,77.8842
2019-09-16 23:00:00,77.41,77.887856
2019-09-17 00:00:00,77.41,77.88746
2019-09-17 01:00:00,77.41,77.88592
2019-09-17 02:00:00,77.41,77.88372
2019-09-17 03:00:00,77.41,77.87931
2019-09-17 04:00:00,77.41,77.84249
2019-09-17 05:00:00,77.41,77.843315
2019-09-17 06:00:00,77.41,77.842926
2019-09-17 07:00:00,77.41,77.838196
2019-09-17 08:00:00,77.4,77.832016
2019-09-17 09:00:00,77.4,77.79697
2019-09-17 10:00:00,77.4,77.79991
2019-09-17 11:00:00,77.4,77.815926
2019-09-17 12:00:00,77.4,77.815704
2019-09-17 13:00:00,77.4,77.82195
2019-09-17 14:00:00,77.41,77.821884
2019-09-17 15:00:00,77.41,77.8252
2019-09-17 16:00:00,77.41,77.82417
2019-09-17 17:00:00,77.4,77.84634
2019-09-17 18:00:00,77.4,77.837364
2019-09-17 19:00:00,77.4,77.80364
2019-09-17 20:00:00,77.4,77.78939
2019-09-17 21:00:00,77.39,77.800186
2019-09-17 22:00:00,77.39,77.79058
2019-09-17 23:00:00,77.39,77.771904
2019-09-18 00:00:00,77.39,77.77585
2019-09-18 01:00:00,77.39,77.77294
2019-09-18 02:00:00,77.39,77.75888
2019-09-18 03:00:00,77.39,77.77618
2019-09-18 04:00:00,77.39,77.78419
2019-09-18 05:00:00,77.39,77.77086
2019-09-18 06:00:00,77.39,77.77373
2019-09-18 07:00:00,77.39,77.762505
2019-09-18 08:00:00,77.38,77.73584
2019-09-18 09:00:00,77.38,77.74899
2019-09-18 10:00:00,77.38,77.73922
2019-09-18 11:00:00,77.39,77.73924
2019-09-18 12:00:00,77.38,77.748
2019-09-18 13:00:00,77.38,77.74712
2019-09-18 16:00:00,77.35,77.756035
2019-09-18 17:00:00,77.36,77.75306
2019-09-18 18:00:00,77.37,77.748
2019-09-18 19:00:00,77.37,77.75178
2019-09-18 20:00:00,77.37,77.75307
2019-09-18 21:00:00,77.37,77.741295
2019-09-18 22:00:00,77.37,77.76371
2019-09-18 23:00:00,77.37,77.777596
2019-09-19 00:00:00,77.37,77.78196
2019-09-19 01:00:00,77.37,77.79478
2019-09-19 02:00:00,77.36,77.78792
2019-09-19 03:00:00,77.36,77.7854
2019-09-19 04:00:00,77.36,77.800644
2019-09-19 05:00:00,77.36,77.79638
2019-09-19 06:00:00,77.36,77.79379
2019-09-19 07:00:00,77.36,77.78764
2019-09-19 08:00:00,77.36,77.79942
2019-09-19 09:00:00,77.36,77.80292
2019-09-19 10:00:00,77.36,77.766075
2019-09-19 11:00:00,77.36,77.72853
2019-09-19 12:00:00,77.36,77.7202
2019-09-19 13:00:00,77.36,77.71576
2019-09-19 14:00:00,77.36,77.72717
2019-09-19 15:00:00,77.36,77.7326
2019-09-19 16:00:00,77.36,77.750626
2019-09-19 17:00:00,77.35,77.7545
2019-09-19 18:00:00,77.35,77.74207
2019-09-19 19:00:00,77.35,77.757805
2019-09-19 20:00:00,77.34,77.73609
2019-09-19 21:00:00,77.35,77.74709
2019-09-19 22:00:00,77.34,77.73896
2019-09-19 23:00:00,77.34,77.74222
2019-09-20 00:00:00,77.34,77.73092
2019-09-20 01:00:00,77.34,77.73116
2019-09-20 02:00:00,77.34,77.71899
2019-09-20 03:00:00,77.34,77.738464
2019-09-20 04:00:00,77.34,77.72292
2019-09-20 05:00:00,77.34,77.73386
2019-09-20 06:00:00,77.34,77.70471
2019-09-20 07:00:00,77.34,77.73353
2019-09-20 08:00:00,77.34,77.71588
2019-09-20 09:00:00,77.33,77.70049
2019-09-20 10:00:00,77.33,77.712944
2019-09-20 11:00:00,77.33,77.67566
2019-09-20 12:00:00,77.33,77.7073
2019-09-20 13:00:00,77.33,77.70698
2019-09-20 14:00:00,77.33,77.709366
2019-09-20 15:00:00,77.33,77.70463
2019-09-20 16:00:00,77.33,77.709076
2019-09-20 17:00:00,77.33,77.716545
2019-09-20 18:00:00,77.32,77.7225
2019-09-20 19:00:00,77.32,77.726105
2019-09-20 20:00:00,77.32,77.72748
2019-09-20 21:00:00,77.32,77.74639
2019-09-20 22:00:00,77.32,77.74864
2019-09-20 23:00:00,77.32,77.74789
2019-09-21 00:00:00,77.32,77.744606
2019-09-21 01:00:00,77.32,77.74522
2019-09-21 02:00:00,77.32,77.756615
2019-09-21 03:00:00,77.32,77.74461
2019-09-21 04:00:00,77.31,77.722374
2019-09-21 05:00:00,77.31,77.72681
2019-09-21 06:00:00,77.31,77.73459
2019-09-21 07:00:00,77.31,77.76013
2019-09-21 08:00:00,77.31,77.783844
2019-09-21 09:00:00,77.31,77.78588
2019-09-21 10:00:00,77.31,77.80136
2019-09-21 11:00:00,77.31,77.79733
2019-09-21 12:00:00,77.31,77.77235
2019-09-21 13:00:00,77.31,77.79027
2019-09-21 14:00:00,77.32,77.82202
2019-09-21 15:00:00,77.33,77.837746
2019-09-21 16:00:00,77.34,77.83477
2019-09-21 17:00:00,77.36,77.84167
2019-09-21 18:00:00,77.38,77.84559
2019-09-21 19:00:00,77.4,77.84117
2019-09-21 20:00:00,77.42,77.8587
2019-09-21 21:00:00,77.45,77.88989
2019-09-21 22:00:00,77.47,77.893776
2019-09-21 23:00:00,77.5,77.889984
2019-09-22 00:00:00,77.52,77.89889
2019-09-22 01:00:00,77.54,77.884766
2019-09-22 02:00:00,77.57,77.90515
2019-09-22 03:00:00,77.59,77.895905
2019-09-22 04:00:00,77.61,77.916336
2019-09-22 05:00:00,77.64,77.90461
2019-09-22 06:00:00,77.66,77.89461
2019-09-22 07:00:00,77.69,77.899284
2019-09-22 08:00:00,77.71,77.92522
2019-09-22 09:00:00,77.75,77.88742
2019-09-22 10:00:00,77.79,77.91324
2019-09-22 11:00:00,77.83,78.002914
2019-09-22 12:00:00,77.88,78.06342
2019-09-22 13:00:00,77.93,78.10289
2019-09-22 14:00:00,77.97,78.051216
2019-09-22 15:00:00,78.0,78.0328
2019-09-22 16:00:00,78.04,77.99473
2019-09-22 17:00:00,78.06,78.01016
2019-09-22 18:00:00,78.08,78.026764
2019-09-22 19:00:00,78.1,78.04393
2019-09-22 20:00:00,78.11,78.06344
2019-09-22 21:00:00,78.12,78.09806
2019-09-22 22:00:00,78.12,78.07659
2019-09-22 23:00:00,78.13,78.08116
2019-09-23 00:00:00,78.13,78.07905
2019-09-23 01:00:00,78.13,78.10017
2019-09-23 02:00:00,78.12,78.14437
2019-09-23 03:00:00,78.12,78.15941
2019-09-23 04:00:00,78.12,78.16689
2019-09-23 05:00:00,78.11,78.08292
2019-09-23 06:00:00,78.11,78.178474
2019-09-23 07:00:00,78.1,78.17495
2019-09-23 08:00:00,78.1,78.13336
2019-09-23 09:00:00,78.09,78.07979
2019-09-23 10:00:00,78.08,78.0289
2019-09-23 11:00:00,78.08,77.97887
2019-09-23 12:00:00,78.08,77.92274
2019-09-23 13:00:00,78.07,77.888405
2019-09-23 14:00:00,78.06,77.87143
2019-09-23 15:00:00,78.06,77.8812
2019-09-23 16:00:00,78.05,77.92009
2019-09-23 17:00:00,78.04,77.92386
2019-09-23 18:00:00,78.03,77.92181
2019-09-23 19:00:00,78.02,77.89744
2019-09-23 20:00:00,78.02,77.90623
2019-09-23 21:00:00,78.01,77.90555
2019-09-23 22:00:00,78.0,77.89495
2019-09-23 23:00:00,78.0,77.88075
2019-09-24 00:00:00,77.99,77.87636
2019-09-24 01:00:00,77.99,77.86433
2019-09-24 02:00:00,77.98,77.851105
2019-09-24 03:00:00,77.97,77.83882
2019-09-24 04:00:00,77.97,77.8267
2019-09-24 05:00:00,77.96,77.81557
2019-09-24 06:00:00,77.96,77.79211
2019-09-24 07:00:00,77.95,77.767685
2019-09-24 08:00:00,77.94,77.75513
2019-09-24 09:00:00,77.93,77.7187
2019-09-24 10:00:00,77.93,77.67419
2019-09-24 11:00:00,77.92,77.68761
2019-09-24 12:00:00,77.92,77.69013
2019-09-24 13:00:00,77.91,77.683685
2019-09-24 14:00:00,77.91,77.69446
2019-09-24 15:00:00,77.9,77.695045
2019-09-24 16:00:00,77.9,77.69606
2019-09-24 17:00:00,77.89,77.69745
2019-09-24 18:00:00,77.88,77.68953
2019-09-24 19:00:00,77.87,77.6707
2019-09-24 20:00:00,77.87,77.675575
2019-09-24 21:00:00,77.86,77.66946
2019-09-24 22:00:00,77.86,77.6829
2019-09-24 23:00:00,77.85,77.678276
2019-09-25 00:00:00,77.85,77.68728
2019-09-25 01:00:00,77.84,77.688385
2019-09-25 02:00:00,77.84,77.699974
2019-09-25 03:00:00,77.83,77.71029
2019-09-25 04:00:00,77.83,77.70867
2019-09-25 05:00:00,77.82,77.722244
2019-09-25 06:00:00,77.82,77.71933
2019-09-25 07:00:00,77.81,77.706436
2019-09-25 08:00:00,77.81,77.691765
2019-09-25 09:00:00,77.8,77.68223
2019-09-25 10:00:00,77.8,77.69435
2019-09-25 11:00:00,77.79,77.67892
2019-09-25 12:00:00,77.79,77.659904
2019-09-25 13:00:00,77.79,77.66798
2019-09-25 14:00:00,77.78,77.65809
2019-09-25 15:00:00,77.78,77.67239
2019-09-25 16:00:00,77.77,77.68032
2019-09-25 17:00:00,77.77,77.683945
2019-09-25 18:00:00,77.76,77.688515
2019-09-25 19:00:00,77.76,77.67701
2019-09-25 20:00:00,77.75,77.6853
2019-09-25 21:00:00,77.75,77.673706
2019-09-25 22:00:00,77.74,77.66149
2019-09-25 23:00:00,77.74,77.66998
2019-09-26 00:00:00,77.74,77.67143
2019-09-26 01:00:00,77.73,77.68481
2019-09-26 02:00:00,77.73,77.67771
2019-09-26 03:00:00,77.73,77.68247
2019-09-26 04:00:00,77.72,77.6873
2019-09-26 05:00:00,77.72,77.71103
2019-09-26 06:00:00,77.72,77.70936
2019-09-26 07:00:00,77.71,77.70378
2019-09-26 08:00:00,77.71,77.70817
2019-09-26 09:00:00,77.7,77.72886
2019-09-26 10:00:00,77.7,77.71276
2019-09-26 11:00:00,77.7,77.68399
2019-09-26 12:00:00,77.7,77.6611
2019-09-26 13:00:00,77.7,77.664856
2019-09-26 14:00:00,77.69,77.67388
2019-09-26 15:00:00,77.69,77.6822
2019-09-26 16:00:00,77.69,77.693306
2019-09-26 17:00:00,77.68,77.69119
2019-09-26 18:00:00,77.68,77.69297
2019-09-26 19:00:00,77.67,77.70273
2019-09-26 20:00:00,77.67,77.693924
2019-09-26 21:00:00,77.66,77.68209
2019-09-26 22:00:00,77.66,77.6892
2019-09-26 23:00:00,77.66,77.65593
2019-09-27 00:00:00,77.66,77.66024
2019-09-27 01:00:00,77.65,77.66511
2019-09-27 02:00:00,77.65,77.70823
2019-09-27 03:00:00,77.65,77.71706
2019-09-27 04:00:00,77.65,77.723366
2019-09-27 05:00:00,77.64,77.726555
2019-09-27 06:00:00,77.64,77.7199
2019-09-27 07:00:00,77.63,77.7187
2019-09-27 08:00:00,77.63,77.70794
2019-09-27 09:00:00,77.63,77.718544
2019-09-27 10:00:00,77.62,77.72627
2019-09-27 11:00:00,77.62,77.70964
2019-09-27 12:00:00,77.62,77.727196
2019-09-27 13:00:00,77.62,77.709496
2019-09-27 14:00:00,77.62,77.70274
2019-09-27 15:00:00,77.62,77.715866
2019-09-27 16:00:00,77.61,77.724556
2019-09-27 17:00:00,77.61,77.70867
2019-09-27 18:00:00,77.61,77.677666
2019-09-27 19:00:00,77.6,77.69203
2019-09-27 20:00:00,77.6,77.66616
2019-09-27 21:00:00,77.6,77.68812
2019-09-27 22:00:00,77.59,77.679054
2019-09-27 23:00:00,77.59,77.68398
2019-09-28 00:00:00,77.59,77.67632
2019-09-28 01:00:00,77.59,77.6953
2019-09-28 02:00:00,77.58,77.67389
2019-09-28 03:00:00,77.58,77.69741
2019-09-28 04:00:00,77.58,77.74192
2019-09-28 05:00:00,77.58,77.73088
2019-09-28 06:00:00,77.58,77.756935
2019-09-28 07:00:00,77.57,77.76831
2019-09-28 08:00:00,77.57,77.78067
2019-09-28 09:00:00,77.57,77.788956
2019-09-28 10:00:00,77.56,77.78361
2019-09-28 11:00:00,77.56,77.79371
2019-09-28 12:00:00,77.56,77.81256
2019-09-28 13:00:00,77.56,77.813286
2019-09-28 14:00:00,77.56,77.831245
2019-09-28 15:00:00,77.56,77.8125
2019-09-28 16:00:00,77.56,77.83329
2019-09-28 17:00:00,77.55,77.80757
2019-09-28 18:00:00,77.55,77.79806
2019-09-28 19:00:00,77.54,77.77673
2019-09-28 20:00:00,77.55,77.77293
2019-09-28 21:00:00,77.55,77.79437
2019-09-28 22:00:00,77.55,77.79619
2019-09-28 23:00:00,77.56,77.8078
2019-09-29 00:00:00,77.56,77.8115
2019-09-29 01:00:00,77.57,77.8048
2019-09-29 02:00:00,77.57,77.82364
2019-09-29 03:00:00,77.57,77.83661
2019-09-29 04:00:00,77.57,77.8418
2019-09-29 05:00:00,77.58,77.842896
2019-09-29 06:00:00,77.57,77.828636
2019-09-29 07:00:00,77.57,77.8373
2019-09-29 08:00:00,77.57,77.808014
2019-09-29 09:00:00,77.57,77.85619
2019-09-29 10:00:00,77.57,77.83001
2019-09-29 11:00:00,77.56,77.83126
2019-09-29 12:00:00,77.56,77.83617
2019-09-29 13:00:00,77.56,77.84777
2019-09-29 14:00:00,77.56,77.84655
2019-09-29 15:00:00,77.56,77.84655
2019-09-29 16:00:00,77.56,77.860054
2019-09-29 17:00:00,77.55,77.84939
2019-09-29 18:00:00,77.55,77.85533
2019-09-29 19:00:00,77.55,77.81399
2019-09-29 20:00:00,77.54,77.83354
2019-09-29 21:00:00,77.54,77.82113
2019-09-29 22:00:00,77.54,77.83417
2019-09-29 23:00:00,77.54,77.8179
2019-09-30 00:00:00,77.53,77.81166
2019-09-30 01:00:00,77.53,77.80845
2019-09-30 02:00:00,77.53,77.812584
2019-09-30 03:00:00,77.53,77.82584
2019-09-30 04:00:00,77.53,77.81937
2019-09-30 05:00:00,77.53,77.7998
2019-09-30 06:00:00,77.52,77.82443
2019-09-30 07:00:00,77.52,77.81103
2019-09-30 08:00:00,77.52,77.80761
2019-09-30 09:00:00,77.52,77.81005
2019-09-30 10:00:00,77.51,77.81673
2019-09-30 11:00:00,77.51,77.81141
2019-09-30 12:00:00,77.51,77.79744
2019-09-30 13:00:00,77.51,77.82309
2019-09-30 14:00:00,77.51,77.83272
2019-09-30 15:00:00,77.5,77.82612
2019-09-30 16:00:00,77.5,77.83169
2019-09-30 17:00:00,77.5,77.823204
2019-09-30 18:00:00,77.5,77.82882
2019-09-30 19:00:00,77.49,77.81783
2019-09-30 20:00:00,77.49,77.84192
2019-09-30 21:00:00,77.49,77.82557
2019-09-30 22:00:00,77.49,77.82088
2019-09-30 23:00:00,77.49,77.82262
2019-10-01 00:00:00,77.48,77.82649
2019-10-01 01:00:00,77.48,77.84287
2019-10-01 02:00:00,77.48,77.821144
2019-10-01 03:00:00,77.48,77.83739
2019-10-01 04:00:00,77.48,77.843704
2019-10-01 05:00:00,77.48,77.84767
2019-10-01 06:00:00,77.48,77.8328
2019-10-01 07:00:00,77.47,77.83327
2019-10-01 08:00:00,77.47,77.82802
2019-10-01 09:00:00,77.48,77.81953
2019-10-01 10:00:00,77.51,77.813644
2019-10-01 11:00:00,77.54,77.80928
2019-10-01 12:00:00,77.59,77.80638
2019-10-01 13:00:00,77.64,77.80224
2019-10-01 14:00:00,77.7,77.79861
2019-10-01 15:00:00,77.75,77.79266
2019-10-01 16:00:00,77.8,77.81609
2019-10-01 17:00:00,77.85,77.81317
2019-10-01 18:00:00,77.89,77.75872
2019-10-01 19:00:00,77.92,77.788025
2019-10-01 20:00:00,77.96,77.781715
2019-10-01 21:00:00,77.98,77.77638
2019-10-01 22:00:00,78.0,77.7418
2019-10-01 23:00:00,78.02,77.766014
2019-10-02 00:00:00,78.03,77.75263
2019-10-02 01:00:00,78.05,77.7685
2019-10-02 02:00:00,78.06,77.745285
2019-10-02 03:00:00,78.06,77.75579
2019-10-02 04:00:00,78.07,77.75408
2019-10-02 05:00:00,78.08,77.74541
2019-10-02 06:00:00,78.08,77.7836
2019-10-02 07:00:00,78.09,77.790436
2019-10-02 08:00:00,78.1,77.802765
2019-10-02 09:00:00,78.11,77.83232
2019-10-02 10:00:00,78.14,77.814896
2019-10-02 11:00:00,78.17,77.93321
2019-10-02 12:00:00,78.2,78.03899
2019-10-02 13:00:00,78.23,78.03689
2019-10-02 14:00:00,78.93,77.9609
2019-10-03 18:00:00,78.8,77.984276
2019-10-03 19:00:00,78.52,77.986465
2019-10-03 20:00:00,78.47,78.12194
2019-10-03 21:00:00,78.45,77.990524
2019-10-03 22:00:00,78.43,78.17726
2019-10-03 23:00:00,78.41,78.126434
2019-10-04 00:00:00,78.39,78.0523
2019-10-04 01:00:00,78.38,78.058464
2019-10-04 02:00:00,78.37,78.02465
2019-10-04 03:00:00,78.36,78.01969
2019-10-04 04:00:00,78.35,78.05595
2019-10-04 05:00:00,78.33,78.074036
2019-10-04 06:00:00,78.32,78.13895
2019-10-04 07:00:00,78.31,78.14195
2019-10-04 08:00:00,78.3,78.036575
2019-10-04 09:00:00,78.29,78.018
2019-10-04 10:00:00,78.28,78.05579
2019-10-04 11:00:00,78.27,77.95066
2019-10-04 12:00:00,78.25,77.996025
2019-10-04 13:00:00,78.24,78.02808
2019-10-04 14:00:00,78.24,77.92755
2019-10-04 15:00:00,78.22,77.93399
2019-10-04 16:00:00,78.21,77.95932
2019-10-04 17:00:00,78.2,77.92309
2019-10-04 18:00:00,78.18,77.78328
2019-10-04 19:00:00,78.17,77.77265
2019-10-04 20:00:00,78.17,77.79802
2019-10-04 21:00:00,78.16,77.781204
2019-10-04 22:00:00,78.15,77.780235
2019-10-04 23:00:00,78.13,77.77269
2019-10-05 00:00:00,78.12,77.80086
2019-10-05 01:00:00,78.12,77.7656
2019-10-05 02:00:00,78.11,77.80589
2019-10-05 03:00:00,78.1,77.808174
2019-10-05 04:00:00,78.09,77.811134
2019-10-05 05:00:00,78.08,77.766914
2019-10-05 06:00:00,78.07,77.763245
2019-10-05 07:00:00,78.07,77.75526
2019-10-05 08:00:00,78.06,77.75467
2019-10-05 09:00:00,78.05,77.74983
2019-10-05 10:00:00,78.04,77.74254
2019-10-05 11:00:00,78.03,77.77066
2019-10-05 12:00:00,78.03,77.76724
2019-10-05 13:00:00,78.02,77.74776
2019-10-05 14:00:00,78.01,77.757195
2019-10-05 15:00:00,78.0,77.755684
2019-10-05 16:00:00,77.99,77.744156
2019-10-05 17:00:00,77.99,77.7446
2019-10-05 18:00:00,77.98,77.75305
2019-10-05 19:00:00,77.97,77.76854
2019-10-05 20:00:00,77.96,77.77368
2019-10-05 21:00:00,77.95,77.780075
2019-10-05 22:00:00,77.95,77.789604
2019-10-05 23:00:00,77.94,77.79354
2019-10-06 00:00:00,77.93,77.80182
2019-10-06 01:00:00,77.93,77.808655
2019-10-06 02:00:00,77.92,77.8191
2019-10-06 03:00:00,77.91,77.8148
2019-10-06 04:00:00,77.91,77.824295
2019-10-06 05:00:00,77.9,77.80382
2019-10-06 06:00:00,77.9,77.7901
2019-10-06 07:00:00,77.89,77.79778
2019-10-06 08:00:00,77.88,77.79662
2019-10-06 09:00:00,77.87,77.78773
2019-10-06 10:00:00,77.87,77.769005
2019-10-06 11:00:00,77.86,77.72099
2019-10-06 12:00:00,77.86,77.73123
2019-10-06 13:00:00,77.85,77.70708
2019-10-06 14:00:00,77.85,77.70332
2019-10-06 15:00:00,77.84,77.71959
2019-10-06 16:00:00,77.84,77.72414
2019-10-06 17:00:00,77.83,77.71333
2019-10-06 18:00:00,77.82,77.737015
2019-10-06 19:00:00,77.82,77.752426
2019-10-06 20:00:00,77.81,77.78188
2019-10-06 21:00:00,77.81,77.79599
2019-10-06 22:00:00,77.8,77.78957
2019-10-06 23:00:00,77.8,77.75196
2019-10-07 00:00:00,77.79,77.7487
2019-10-07 01:00:00,77.79,77.74648
2019-10-07 02:00:00,77.79,77.74237
2019-10-07 03:00:00,77.78,77.71356
2019-10-07 04:00:00,77.78,77.758606
2019-10-07 05:00:00,77.77,77.758736
2019-10-07 06:00:00,77.77,77.70287
2019-10-07 07:00:00,77.76,77.69235
2019-10-07 08:00:00,77.76,77.69754
2019-10-07 09:00:00,77.75,77.6867
2019-10-07 10:00:00,77.75,77.66886
2019-10-07 11:00:00,77.75,77.67496
2019-10-07 12:00:00,77.74,77.66712
2019-10-07 13:00:00,77.74,77.673515
2019-10-07 14:00:00,77.74,77.656975
2019-10-07 15:00:00,77.74,77.66205
2019-10-07 16:00:00,77.74,77.63606
2019-10-07 17:00:00,77.74,77.67606
2019-10-07 18:00:00,77.74,77.680214
2019-10-07 19:00:00,77.74,77.66124
2019-10-07 20:00:00,77.74,77.66917
2019-10-07 21:00:00,77.74,77.686966
2019-10-07 22:00:00,77.73,77.69268
2019-10-07 23:00:00,77.73,77.69229
2019-10-08 00:00:00,77.73,77.72157
2019-10-08 01:00:00,77.73,77.7222
2019-10-08 02:00:00,77.72,77.74074
2019-10-08 03:00:00,77.72,77.74207
2019-10-08 04:00:00,77.72,77.725334
2019-10-08 05:00:00,77.71,77.72827
2019-10-08 06:00:00,77.71,77.727844
2019-10-08 07:00:00,77.7,77.752205
2019-10-08 08:00:00,77.7,77.77192
2019-10-08 09:00:00,77.7,77.77967
2019-10-08 10:00:00,77.7,77.79461
2019-10-08 11:00:00,77.7,77.79827
2019-10-08 12:00:00,77.69,77.76994
2019-10-08 13:00:00,77.69,77.80188
2019-10-08 14:00:00,77.69,77.81686
2019-10-08 15:00:00,77.68,77.81751
2019-10-08 16:00:00,77.68,77.83581
2019-10-08 17:00:00,77.67,77.74595
2019-10-08 18:00:00,77.67,77.72981
2019-10-08 19:00:00,77.66,77.77721
2019-10-08 20:00:00,77.66,77.75416
2019-10-08 21:00:00,77.65,77.81612
2019-10-08 22:00:00,77.65,77.83106
2019-10-08 23:00:00,77.64,77.8293
2019-10-09 00:00:00,77.64,77.711914
2019-10-09 01:00:00,77.64,77.81955
2019-10-09 02:00:00,77.64,77.781166
2019-10-09 03:00:00,77.63,77.76456
2019-10-09 04:00:00,77.63,77.73628
2019-10-09 05:00:00,77.63,77.82775
2019-10-09 06:00:00,77.62,77.842285
2019-10-09 07:00:00,77.62,77.86746
2019-10-09 08:00:00,77.62,77.83351
2019-10-09 09:00:00,77.61,77.82453
2019-10-09 10:00:00,77.61,77.66565
2019-10-09 11:00:00,77.61,77.62319
2019-10-09 12:00:00,77.61,77.608284
2019-10-09 13:00:00,77.61,77.58893
2019-10-09 14:00:00,77.61,77.57221
2019-10-09 15:00:00,77.61,77.58946
2019-10-09 16:00:00,77.6,77.616035
2019-10-09 17:00:00,77.6,77.63648
2019-10-09 18:00:00,77.6,77.664276
2019-10-09 19:00:00,77.59,77.7007
2019-10-09 20:00:00,77.59,77.76776
2019-10-09 21:00:00,77.59,77.78803
2019-10-09 22:00:00,77.58,77.78057
2019-10-09 23:00:00,77.58,77.75175
2019-10-10 00:00:00,77.58,77.733665
2019-10-10 01:00:00,77.58,77.734665
2019-10-10 02:00:00,77.58,77.72634
2019-10-10 03:00:00,77.57,77.712364
2019-10-10 04:00:00,77.57,77.66562
2019-10-10 05:00:00,77.57,77.628586
2019-10-10 06:00:00,77.57,77.62107
2019-10-10 07:00:00,77.56,77.551796
2019-10-10 08:00:00,77.56,77.57959
2019-10-10 09:00:00,77.56,77.60148
2019-10-10 10:00:00,77.56,77.6149
2019-10-10 11:00:00,77.56,77.54783
2019-10-10 12:00:00,77.55,77.5428
2019-10-10 13:00:00,77.56,77.50815
2019-10-10 14:00:00,77.55,77.52611
2019-10-10 15:00:00,77.55,77.53843
2019-10-10 16:00:00,77.55,77.53344
2019-10-10 17:00:00,77.55,77.537735
2019-10-10 18:00:00,77.55,77.55598
2019-10-10 19:00:00,77.54,77.565125
2019-10-10 20:00:00,77.54,77.60767
2019-10-10 21:00:00,77.54,77.619896
2019-10-10 22:00:00,77.53,77.59547
2019-10-10 23:00:00,77.53,77.625015
2019-10-11 00:00:00,77.53,77.61768
2019-10-11 01:00:00,77.53,77.64335
2019-10-11 02:00:00,77.53,77.6463
2019-10-11 03:00:00,77.53,77.64852
2019-10-11 04:00:00,77.52,77.64123
2019-10-11 05:00:00,77.52,77.62697
2019-10-11 06:00:00,77.52,77.639465
2019-10-11 07:00:00,77.52,77.66549
2019-10-11 08:00:00,77.52,77.65632
2019-10-11 09:00:00,77.51,77.6992
2019-10-11 10:00:00,77.51,77.69243
2019-10-11 11:00:00,77.51,77.616295
2019-10-11 12:00:00,77.51,77.625404
2019-10-11 13:00:00,77.51,77.62296
2019-10-11 14:00:00,77.51,77.64791
2019-10-11 15:00:00,77.51,77.65452
2019-10-11 16:00:00,77.5,77.66013
2019-10-11 17:00:00,77.5,77.673294
2019-10-11 18:00:00,77.5,77.66918
2019-10-11 19:00:00,77.5,77.68778
2019-10-11 20:00:00,77.49,77.70989
2019-10-11 21:00:00,77.49,77.70988
2019-10-11 22:00:00,77.49,77.708885
2019-10-11 23:00:00,77.49,77.69916
2019-10-12 00:00:00,77.49,77.67247
2019-10-12 01:00:00,77.49,77.67467
2019-10-12 02:00:00,77.49,77.699
2019-10-12 03:00:00,77.49,77.69316
2019-10-12 04:00:00,77.49,77.69594
2019-10-12 05:00:00,77.49,77.70357
2019-10-12 06:00:00,77.48,77.70017
2019-10-12 07:00:00,77.48,77.68942
2019-10-12 08:00:00,77.48,77.66571
2019-10-12 09:00:00,77.48,77.699875
2019-10-12 10:00:00,77.48,77.68351
2019-10-12 11:00:00,77.48,77.631004
2019-10-12 12:00:00,77.47,77.643745
2019-10-12 13:00:00,77.47,77.64288
2019-10-12 14:00:00,77.47,77.63231
2019-10-12 15:00:00,77.47,77.66436
2019-10-12 16:00:00,77.47,77.63934
2019-10-12 17:00:00,77.47,77.640724
2019-10-12 18:00:00,77.47,77.65202
2019-10-12 19:00:00,77.46,77.684364
2019-10-12 20:00:00,77.46,77.70152
2019-10-12 21:00:00,77.46,77.72611
2019-10-12 22:00:00,77.46,77.72141
2019-10-12 23:00:00,77.45,77.69747
2019-10-13 00:00:00,77.45,77.71959
2019-10-13 01:00:00,77.45,77.72001
2019-10-13 02:00:00,77.45,77.72293
2019-10-13 03:00:00,77.45,77.73674
2019-10-13 04:00:00,77.45,77.741196
2019-10-13 05:00:00,77.45,77.73505
2019-10-13 06:00:00,77.45,77.74698
2019-10-13 07:00:00,77.44,77.749664
2019-10-13 08:00:00,77.44,77.74599
2019-10-13 09:00:00,77.44,77.745674
2019-10-13 10:00:00,77.44,77.729836
2019-10-13 11:00:00,77.44,77.61954
2019-10-13 12:00:00,77.44,77.603096
2019-10-13 13:00:00,77.44,77.59264
2019-10-13 14:00:00,77.44,77.58532
2019-10-13 15:00:00,77.44,77.59333
2019-10-13 16:00:00,77.44,77.611206
2019-10-13 17:00:00,77.44,77.62042
2019-10-13 18:00:00,77.43,77.65206
2019-10-13 19:00:00,77.43,77.71877
2019-10-13 20:00:00,77.43,77.72277
2019-10-13 21:00:00,77.43,77.72208
2019-10-13 22:00:00,77.43,77.70155
2019-10-13 23:00:00,77.42,77.704605
2019-10-14 00:00:00,77.42,77.70446
2019-10-14 01:00:00,77.42,77.68137
2019-10-14 02:00:00,77.42,77.693
2019-10-14 03:00:00,77.42,77.68653
2019-10-14 04:00:00,77.42,77.69946
2019-10-14 05:00:00,77.42,77.69844
2019-10-14 06:00:00,77.42,77.69741
2019-10-14 08:00:00,77.42,77.69708
2019-10-14 09:00:00,77.42,77.70765
2019-10-14 10:00:00,77.42,77.699936
2019-10-14 11:00:00,77.42,77.5485
2019-10-14 12:00:00,77.42,77.53032
2019-10-14 13:00:00,77.42,77.52653
2019-10-14 14:00:00,77.42,77.53655
2019-10-14 15:00:00,77.42,77.54939
2019-10-14 16:00:00,77.42,77.58788
2019-10-14 17:00:00,77.42,77.588776
2019-10-14 18:00:00,77.42,77.609474
2019-10-14 19:00:00,77.42,77.63119
2019-10-14 20:00:00,77.41,77.61053
2019-10-14 21:00:00,77.41,77.61516
2019-10-14 22:00:00,77.41,77.687126
2019-10-14 23:00:00,77.41,77.700035
2019-10-15 00:00:00,77.41,77.638115
2019-10-15 01:00:00,77.41,77.63829
2019-10-15 02:00:00,77.41,77.65793
2019-10-15 03:00:00,77.41,77.57248
2019-10-15 04:00:00,77.41,77.62507
2019-10-15 05:00:00,77.41,77.70381
2019-10-15 06:00:00,77.41,77.70855
2019-10-15 07:00:00,77.41,77.72914
2019-10-15 08:00:00,77.41,77.73912
2019-10-15 09:00:00,77.4,77.8145
2019-10-15 10:00:00,77.4,77.741646
2019-10-15 11:00:00,77.4,77.6553
2019-10-15 12:00:00,77.4,77.64712
2019-10-15 13:00:00,77.4,77.62517
2019-10-15 14:00:00,77.4,77.6437
2019-10-15 15:00:00,77.4,77.66378
2019-10-15 16:00:00,77.4,77.65473
2019-10-15 17:00:00,77.4,77.68973
2019-10-15 18:00:00,77.4,77.69238
2019-10-15 19:00:00,77.4,77.73941
2019-10-15 20:00:00,77.4,77.735756
2019-10-15 21:00:00,77.39,77.729164
2019-10-15 22:00:00,77.39,77.67959
2019-10-15 23:00:00,77.39,77.7027
2019-10-16 00:00:00,77.39,77.69114
2019-10-16 01:00:00,77.39,77.708305
2019-10-16 02:00:00,77.39,77.69596
2019-10-16 03:00:00,77.39,77.70419
2019-10-16 04:00:00,77.39,77.679756
2019-10-16 05:00:00,77.39,77.67015
2019-10-16 06:00:00,77.39,77.67104
2019-10-16 07:00:00,77.39,77.64953
2019-10-16 08:00:00,77.39,77.6574
2019-10-16 09:00:00,77.39,77.638245
2019-10-16 10:00:00,77.39,77.63455
2019-10-16 11:00:00,77.38,77.57803
2019-10-16 12:00:00,77.38,77.54826
2019-10-16 13:00:00,77.39,77.55523
2019-10-16 14:00:00,77.39,77.513275
2019-10-16 15:00:00,77.39,77.5224
2019-10-16 16:00:00,77.39,77.539764
2019-10-16 17:00:00,77.39,77.54557
2019-10-16 18:00:00,77.38,77.58973
2019-10-16 19:00:00,77.38,77.64911
2019-10-16 20:00:00,77.38,77.64327
2019-10-16 21:00:00,77.38,77.578064
2019-10-16 22:00:00,77.38,77.59302
2019-10-16 23:00:00,77.37,77.59424
2019-10-17 00:00:00,77.37,77.57432
2019-10-17 01:00:00,77.37,77.56266
2019-10-17 02:00:00,77.37,77.5835
2019-10-17 03:00:00,77.37,77.5886
2019-10-17 04:00:00,77.37,77.57522
2019-10-17 05:00:00,77.37,77.57324
2019-10-17 06:00:00,77.37,77.57101
2019-10-17 07:00:00,77.37,77.541885
2019-10-17 08:00:00,77.37,77.56718
2019-10-17 09:00:00,77.37,77.52811
2019-10-17 10:00:00,77.37,77.52645
2019-10-17 11:00:00,77.37,77.53169
2019-10-17 12:00:00,77.37,77.50075
2019-10-17 13:00:00,77.36,77.497284
2019-10-17 14:00:00,77.36,77.521515
2019-10-17 15:00:00,77.36,77.55596
2019-10-17 16:00:00,77.36,77.55419
2019-10-17 17:00:00,77.36,77.56792
2019-10-17 18:00:00,77.36,77.56318
2019-10-17 19:00:00,77.36,77.58882
2019-10-17 20:00:00,77.36,77.58668
2019-10-17 21:00:00,77.36,77.585106
2019-10-17 22:00:00,77.36,77.565506
2019-10-17 23:00:00,77.36,77.53345
2019-10-18 00:00:00,77.36,77.550674
2019-10-18 01:00:00,77.36,77.56869
2019-10-18 02:00:00,77.36,77.5547
2019-10-18 03:00:00,77.35,77.52419
2019-10-18 04:00:00,77.36,77.563416
2019-10-18 05:00:00,77.36,77.562744
2019-10-18 06:00:00,77.36,77.58425
2019-10-18 07:00:00,77.36,77.572624
2019-10-18 08:00:00,77.35,77.54159
2019-10-18 09:00:00,77.35,77.58506
2019-10-18 10:00:00,77.35,77.576866
2019-10-18 11:00:00,77.36,77.56646
2019-10-18 12:00:00,77.35,77.57695
2019-10-18 13:00:00,77.35,77.5746
2019-10-18 14:00:00,77.36,77.55599
2019-10-18 15:00:00,77.35,77.56423
2019-10-18 16:00:00,77.35,77.564865
2019-10-18 17:00:00,77.35,77.56419
2019-10-18 18:00:00,77.35,77.550766
2019-10-18 19:00:00,77.35,77.5551
2019-10-18 20:00:00,77.34,77.57103
2019-10-18 21:00:00,77.34,77.59568
2019-10-18 22:00:00,77.34,77.570595
2019-10-18 23:00:00,77.34,77.56028
2019-10-19 00:00:00,77.34,77.56509
2019-10-19 01:00:00,77.34,77.54037
2019-10-19 02:00:00,77.34,77.59735
2019-10-19 03:00:00,77.34,77.57452
2019-10-19 04:00:00,77.34,77.60072
2019-10-19 05:00:00,77.34,77.59822
2019-10-19 06:00:00,77.34,77.632545
2019-10-19 07:00:00,77.34,77.65821
2019-10-19 08:00:00,77.34,77.60613
2019-10-19 09:00:00,77.34,77.6751
2019-10-19 10:00:00,77.33,77.66577
2019-10-19 11:00:00,77.33,77.608406
2019-10-19 12:00:00,77.34,77.61281
2019-10-19 13:00:00,77.34,77.58965
2019-10-19 14:00:00,77.34,77.5668
2019-10-19 15:00:00,77.34,77.58334
2019-10-19 16:00:00,77.34,77.58686
2019-10-19 17:00:00,77.33,77.6387
2019-10-19 18:00:00,77.33,77.66451
2019-10-19 19:00:00,77.33,77.68598
2019-10-19 20:00:00,77.33,77.69397
2019-10-19 21:00:00,77.33,77.69733
2019-10-19 22:00:00,77.33,77.6869
2019-10-19 23:00:00,77.33,77.67217
2019-10-20 00:00:00,77.33,77.67734
2019-10-20 01:00:00,77.33,77.68181
2019-10-20 02:00:00,77.32,77.67337
2019-10-20 03:00:00,77.32,77.67331
2019-10-20 04:00:00,77.32,77.68169
2019-10-20 05:00:00,77.32,77.63829
2019-10-20 06:00:00,77.32,77.647194
2019-10-20 07:00:00,77.32,77.65926
2019-10-20 08:00:00,77.32,77.63088
2019-10-20 09:00:00,77.32,77.620544
2019-10-20 10:00:00,77.32,77.53257
2019-10-20 11:00:00,77.32,77.54597
2019-10-20 12:00:00,77.32,77.524574
2019-10-20 13:00:00,77.32,77.56394
2019-10-20 14:00:00,77.32,77.523026
2019-10-20 15:00:00,77.32,77.52637
2019-10-20 16:00:00,77.32,77.552666
2019-10-20 17:00:00,77.32,77.54872
2019-10-20 18:00:00,77.32,77.552284
2019-10-20 19:00:00,77.32,77.57387
2019-10-20 20:00:00,77.32,77.592354
2019-10-20 21:00:00,77.32,77.59192
2019-10-20 22:00:00,77.32,77.560616
2019-10-20 23:00:00,77.32,77.556984
2019-10-21 00:00:00,77.32,77.56196
2019-10-21 01:00:00,77.32,77.53956
2019-10-21 02:00:00,77.32,77.57639
2019-10-21 03:00:00,77.32,77.52782
2019-10-21 04:00:00,77.32,77.52525
2019-10-21 05:00:00,77.31,77.50995
2019-10-21 06:00:00,77.31,77.50492
2019-10-21 07:00:00,77.31,77.50359
2019-10-21 08:00:00,77.31,77.46039
2019-10-21 09:00:00,77.31,77.4724
2019-10-21 10:00:00,77.31,77.48411
2019-10-21 11:00:00,77.31,77.434265
2019-10-21 12:00:00,77.31,77.45711
2019-10-21 13:00:00,77.31,77.45398
2019-10-21 14:00:00,77.32,77.42626
2019-10-21 15:00:00,77.32,77.44898
2019-10-21 16:00:00,77.31,77.456894
2019-10-21 17:00:00,77.31,77.44776
2019-10-21 18:00:00,77.31,77.43953
2019-10-21 19:00:00,77.31,77.48024
2019-10-21 20:00:00,77.31,77.501274
2019-10-21 21:00:00,77.31,77.474304
2019-10-21 22:00:00,77.3,77.46685
2019-10-21 23:00:00,77.31,77.479416
2019-10-22 00:00:00,77.3,77.479126
2019-10-22 01:00:00,77.3,77.471436
2019-10-22 02:00:00,77.3,77.4448
2019-10-22 03:00:00,77.3,77.49247
2019-10-22 04:00:00,77.3,77.48957
2019-10-22 05:00:00,77.3,77.466545
2019-10-22 06:00:00,77.3,77.44356
2019-10-22 07:00:00,77.3,77.42049
2019-10-22 08:00:00,77.3,77.446304
2019-10-22 09:00:00,77.3,77.46546
2019-10-22 10:00:00,77.3,77.49592
2019-10-22 11:00:00,77.3,77.46455
2019-10-22 12:00:00,77.3,77.39911
2019-10-22 13:00:00,77.3,77.44245
2019-10-22 14:00:00,77.31,77.43562
2019-10-22 15:00:00,77.3,77.44708
2019-10-22 16:00:00,77.3,77.45763
2019-10-22 17:00:00,77.3,77.44719
2019-10-22 18:00:00,77.3,77.4209
2019-10-22 19:00:00,77.29,77.45745
2019-10-22 20:00:00,77.29,77.51321
2019-10-22 21:00:00,77.29,77.48604
2019-10-22 22:00:00,77.29,77.49417
2019-10-22 23:00:00,77.29,77.48121
2019-10-23 00:00:00,77.29,77.4593
2019-10-23 01:00:00,77.29,77.47701
2019-10-23 02:00:00,77.29,77.48212
2019-10-23 03:00:00,77.29,77.49456
2019-10-23 04:00:00,77.29,77.51074
2019-10-23 05:00:00,77.29,77.49549
2019-10-23 06:00:00,77.29,77.50858
2019-10-23 07:00:00,77.29,77.52659
2019-10-23 08:00:00,77.29,77.50089
2019-10-23 09:00:00,77.29,77.56497
2019-10-23 10:00:00,77.29,77.54973
2019-10-23 11:00:00,77.29,77.52733
2019-10-23 12:00:00,77.28,77.515114
2019-10-23 13:00:00,77.29,77.49989
2019-10-23 14:00:00,77.29,77.50689
2019-10-23 15:00:00,77.29,77.500046
2019-10-23 16:00:00,77.29,77.500946
2019-10-23 17:00:00,77.29,77.540924
2019-10-23 18:00:00,77.28,77.545555
2019-10-23 19:00:00,77.28,77.55359
2019-10-23 20:00:00,77.28,77.583336
2019-10-23 21:00:00,77.28,77.564064
2019-10-23 22:00:00,77.28,77.53221
2019-10-23 23:00:00,77.28,77.54656
2019-10-24 00:00:00,77.28,77.53168
2019-10-24 01:00:00,77.28,77.53132
2019-10-24 02:00:00,77.28,77.52802
2019-10-24 03:00:00,77.28,77.49627
2019-10-24 04:00:00,77.28,77.499435
2019-10-24 05:00:00,77.28,77.51125
2019-10-24 06:00:00,77.28,77.518196
2019-10-24 07:00:00,77.28,77.483246
2019-10-24 08:00:00,77.28,77.43603
2019-10-24 09:00:00,77.28,77.487656
2019-10-24 10:00:00,77.28,77.50208
2019-10-24 11:00:00,77.28,77.44473
2019-10-24 12:00:00,77.28,77.43945
2019-10-24 13:00:00,77.28,77.447655
2019-10-24 14:00:00,77.28,77.441414
2019-10-24 15:00:00,77.28,77.45489
2019-10-24 16:00:00,77.28,77.48276
2019-10-24 17:00:00,77.28,77.48034
2019-10-24 18:00:00,77.28,77.538536
2019-10-24 19:00:00,77.28,77.51924
2019-10-24 20:00:00,77.28,77.50715
2019-10-24 21:00:00,77.28,77.50841
2019-10-24 22:00:00,77.28,77.48576
2019-10-24 23:00:00,77.28,77.45468
2019-10-25 00:00:00,77.28,77.50193
2019-10-25 01:00:00,77.28,77.45579
2019-10-25 02:00:00,77.28,77.49633
2019-10-25 03:00:00,77.28,77.47798
2019-10-25 04:00:00,77.28,77.50354
2019-10-25 05:00:00,77.28,77.47896
2019-10-25 06:00:00,77.28,77.442986
2019-10-25 07:00:00,77.28,77.44488
2019-10-25 08:00:00,77.28,77.461006
2019-10-25 09:00:00,77.27,77.47839
2019-10-25 10:00:00,77.28,77.48044
2019-10-25 11:00:00,77.27,77.44332
2019-10-25 12:00:00,77.27,77.43398
2019-10-25 13:00:00,77.28,77.45698
2019-10-25 14:00:00,77.28,77.45461
2019-10-25 15:00:00,77.28,77.48328
2019-10-25 16:00:00,77.28,77.486946
2019-10-25 17:00:00,77.28,77.47855
2019-10-25 18:00:00,77.27,77.462555
2019-10-25 19:00:00,77.27,77.46277
2019-10-25 20:00:00,77.27,77.45472
2019-10-25 21:00:00,77.27,77.453415
2019-10-25 22:00:00,77.27,77.44548
2019-10-25 23:00:00,77.27,77.48626
2019-10-26 00:00:00,77.27,77.46547
2019-10-26 01:00:00,77.27,77.45771
2019-10-26 02:00:00,77.27,77.45738
2019-10-26 03:00:00,77.27,77.48867
2019-10-26 04:00:00,77.27,77.50137
2019-10-26 05:00:00,77.27,77.47423
2019-10-26 06:00:00,77.27,77.44269
2019-10-26 07:00:00,77.27,77.46411
2019-10-26 08:00:00,77.27,77.47245
2019-10-26 09:00:00,77.27,77.494606
2019-10-26 10:00:00,77.27,77.477486
2019-10-26 11:00:00,77.27,77.45856
2019-10-26 12:00:00,77.27,77.457085
2019-10-26 13:00:00,77.27,77.46127
2019-10-26 14:00:00,77.27,77.449394
2019-10-26 15:00:00,77.27,77.44528
2019-10-26 16:00:00,77.27,77.44585
2019-10-26 17:00:00,77.27,77.4611
2019-10-26 18:00:00,77.27,77.46094
2019-10-26 19:00:00,77.27,77.4912
2019-10-26 20:00:00,77.27,77.52569
2019-10-26 21:00:00,77.27,77.53315
2019-10-26 22:00:00,77.27,77.50844
2019-10-26 23:00:00,77.27,77.594315
2019-10-27 00:00:00,77.27,77.52203
2019-10-27 01:00:00,77.27,77.52667
2019-10-27 02:00:00,77.27,77.50979
2019-10-27 03:00:00,77.27,77.47616
2019-10-27 04:00:00,77.27,77.46966
2019-10-27 05:00:00,77.27,77.44602
2019-10-27 06:00:00,77.27,77.42985
2019-10-27 07:00:00,77.26,77.40239
2019-10-27 08:00:00,77.26,77.46222
2019-10-27 09:00:00,77.26,77.46796
2019-10-27 10:00:00,77.26,77.466896
2019-10-27 11:00:00,77.26,77.40378
2019-10-27 12:00:00,77.26,77.379524
2019-10-27 13:00:00,77.26,77.37115
2019-10-27 14:00:00,77.27,77.374115
2019-10-27 15:00:00,77.27,77.3641
2019-10-27 16:00:00,77.26,77.37363
2019-10-27 17:00:00,77.26,77.379234
2019-10-27 18:00:00,77.26,77.36588
2019-10-27 19:00:00,77.26,77.43377
2019-10-27 20:00:00,77.26,77.46861
2019-10-27 21:00:00,77.26,77.476685
2019-10-27 22:00:00,77.26,77.44974
2019-10-27 23:00:00,77.26,77.415855
2019-10-28 00:00:00,77.26,77.400375
2019-10-28 01:00:00,77.26,77.38073
2019-10-28 02:00:00,77.26,77.38434
2019-10-28 03:00:00,77.26,77.374916
2019-10-28 04:00:00,77.26,77.36692
2019-10-28 05:00:00,77.26,77.340935
2019-10-28 06:00:00,77.26,77.34412
2019-10-28 07:00:00,77.26,77.332405
2019-10-28 08:00:00,77.26,77.32497
2019-10-28 09:00:00,77.26,77.32824
2019-10-28 10:00:00,77.26,77.3408
2019-10-28 11:00:00,77.26,77.29433
2019-10-28 12:00:00,77.26,77.28193
2019-10-28 13:00:00,77.26,77.267624
2019-10-28 14:00:00,77.26,77.26903
2019-10-28 15:00:00,77.26,77.272964
2019-10-28 16:00:00,77.26,77.28008
2019-10-28 17:00:00,77.26,77.28478
2019-10-28 18:00:00,77.26,77.29381
2019-10-28 19:00:00,77.25,77.324585
2019-10-28 20:00:00,77.25,77.344444
2019-10-28 21:00:00,77.25,77.34494
2019-10-28 22:00:00,77.25,77.343315
2019-10-28 23:00:00,77.25,77.32167
2019-10-29 00:00:00,77.25,77.336266
2019-10-29 01:00:00,77.25,77.33638
2019-10-29 02:00:00,77.25,77.325294
2019-10-29 03:00:00,77.25,77.32967
2019-10-29 04:00:00,77.25,77.33837
2019-10-29 05:00:00,77.25,77.34946
2019-10-29 06:00:00,77.25,77.34445
2019-10-29 07:00:00,77.25,77.343285
2019-10-29 08:00:00,77.25,77.36682
2019-10-29 09:00:00,77.25,77.360016
2019-10-29 10:00:00,77.25,77.34882
2019-10-29 11:00:00,77.25,77.338486
2019-10-29 12:00:00,77.25,77.32605
2019-10-29 13:00:00,77.25,77.332634
2019-10-29 14:00:00,77.25,77.346085
2019-10-29 15:00:00,77.25,77.345726
2019-10-29 16:00:00,77.25,77.3647
2019-10-29 17:00:00,77.25,77.340996
2019-10-29 18:00:00,77.25,77.33576
2019-10-29 19:00:00,77.24,77.33799
2019-10-29 20:00:00,77.24,77.35117
2019-10-29 21:00:00,77.24,77.40506
2019-10-29 22:00:00,77.24,77.3989
2019-10-29 23:00:00,77.24,77.36228
2019-10-30 00:00:00,77.24,77.36643
2019-10-30 01:00:00,77.24,77.36324
2019-10-30 02:00:00,77.24,77.380424
2019-10-30 03:00:00,77.24,77.36852
2019-10-30 04:00:00,77.24,77.364235
2019-10-30 05:00:00,77.24,77.38555
2019-10-30 06:00:00,77.24,77.37851
2019-10-30 07:00:00,77.24,77.382
2019-10-30 08:00:00,77.24,77.39955
2019-10-30 09:00:00,77.24,77.44144
2019-10-30 10:00:00,77.24,77.38564
2019-10-30 11:00:00,77.24,77.3512
2019-10-30 12:00:00,77.24,77.33585
2019-10-30 13:00:00,77.24,77.32273
2019-10-30 14:00:00,77.24,77.31539
2019-10-30 15:00:00,77.24,77.30529
2019-10-30 16:00:00,77.24,77.30466
2019-10-30 17:00:00,77.24,77.32571
2019-10-30 18:00:00,77.24,77.32687
2019-10-30 19:00:00,77.24,77.34129
2019-10-30 20:00:00,77.24,77.35445
2019-10-30 21:00:00,77.24,77.37666
2019-10-30 22:00:00,77.24,77.38174
2019-10-30 23:00:00,77.24,77.36622
2019-10-31 00:00:00,77.24,77.38054
2019-10-31 01:00:00,77.24,77.38333
2019-10-31 02:00:00,77.24,77.38278
2019-10-31 03:00:00,77.24,77.34398
2019-10-31 04:00:00,77.24,77.35079
2019-10-31 05:00:00,77.24,77.34054
2019-10-31 06:00:00,77.24,77.35703
2019-10-31 07:00:00,77.24,77.34388
2019-10-31 08:00:00,77.24,77.36206
2019-10-31 09:00:00,77.24,77.36076
2019-10-31 10:00:00,77.24,77.36225
2019-10-31 11:00:00,77.24,77.33029
2019-10-31 12:00:00,77.24,77.3249
2019-10-31 13:00:00,77.23,77.31475
2019-10-31 14:00:00,77.23,77.31427
2019-10-31 15:00:00,77.23,77.314316
2019-10-31 16:00:00,77.23,77.31747
2019-10-31 17:00:00,77.23,77.32291
2019-10-31 18:00:00,77.23,77.33014
2019-10-31 19:00:00,77.23,77.36073
2019-10-31 20:00:00,77.23,77.34432
2019-10-31 21:00:00,77.23,77.352295
2019-10-31 22:00:00,77.23,77.35188
2019-10-31 23:00:00,77.23,77.334526
2019-11-01 00:00:00,77.23,77.33929
2019-11-01 01:00:00,77.23,77.34197
2019-11-01 02:00:00,77.23,77.34643
2019-11-01 03:00:00,77.23,77.34912
2019-11-01 04:00:00,77.23,77.34507
2019-11-01 05:00:00,77.23,77.340065
2019-11-01 06:00:00,77.23,77.30291
2019-11-01 07:00:00,77.23,77.31579
2019-11-01 08:00:00,77.23,77.33153
2019-11-01 09:00:00,77.23,77.34561
2019-11-01 10:00:00,77.23,77.33936
2019-11-01 11:00:00,77.23,77.33991
2019-11-01 12:00:00,77.23,77.32642
2019-11-01 13:00:00,77.23,77.34205
2019-11-01 14:00:00,77.23,77.34527
2019-11-01 15:00:00,77.23,77.35118
2019-11-01 16:00:00,77.23,77.35488
2019-11-01 17:00:00,77.23,77.3505
2019-11-01 18:00:00,77.23,77.359406
2019-11-01 19:00:00,77.23,77.35946
2019-11-01 20:00:00,77.23,77.35503
2019-11-01 21:00:00,77.23,77.36181
2019-11-01 22:00:00,77.23,77.36992
2019-11-01 23:00:00,77.23,77.36623
2019-11-02 00:00:00,77.23,77.34709
2019-11-02 01:00:00,77.23,77.3502
2019-11-02 02:00:00,77.23,77.35576
2019-11-02 03:00:00,77.23,77.360054
2019-11-02 04:00:00,77.23,77.358116
2019-11-02 05:00:00,77.23,77.355606
2019-11-02 06:00:00,77.23,77.35427
2019-11-02 07:00:00,77.23,77.35154
2019-11-02 08:00:00,77.23,77.35288
2019-11-02 09:00:00,77.23,77.35203
2019-11-02 10:00:00,77.23,77.366035
2019-11-02 11:00:00,77.23,77.36512
2019-11-02 12:00:00,77.23,77.34108
2019-11-02 13:00:00,77.23,77.33686
2019-11-02 14:00:00,77.23,77.32223
2019-11-02 15:00:00,77.23,77.32305
2019-11-02 16:00:00,77.23,77.32392
2019-11-02 17:00:00,77.23,77.337494
2019-11-02 18:00:00,77.23,77.35281
2019-11-02 19:00:00,77.22,77.35934
2019-11-02 20:00:00,77.22,77.34357
2019-11-02 21:00:00,77.22,77.336296
2019-11-02 22:00:00,77.22,77.3318
2019-11-02 23:00:00,77.23,77.336174
2019-11-03 00:00:00,77.22,77.331055
2019-11-03 01:00:00,77.22,77.34235
2019-11-03 02:00:00,77.23,77.3395
2019-11-03 03:00:00,77.23,77.33791
2019-11-03 04:00:00,77.23,77.354614
2019-11-03 05:00:00,77.23,77.35404
2019-11-03 06:00:00,77.23,77.35059
2019-11-03 07:00:00,77.22,77.35211
2019-11-03 08:00:00,77.22,77.35243
2019-11-03 09:00:00,77.22,77.35336
2019-11-03 10:00:00,77.22,77.37054
2019-11-03 11:00:00,77.22,77.32756
2019-11-03 12:00:00,77.22,77.338326
2019-11-03 13:00:00,77.23,77.34362
2019-11-03 14:00:00,77.23,77.34547
2019-11-03 15:00:00,77.23,77.35876
2019-11-03 16:00:00,77.23,77.36373
2019-11-03 17:00:00,77.22,77.36905
2019-11-03 18:00:00,77.22,77.34269
2019-11-03 19:00:00,77.22,77.351814
2019-11-03 20:00:00,77.22,77.38734
2019-11-03 21:00:00,77.22,77.37893
2019-11-03 22:00:00,77.22,77.37326
2019-11-03 23:00:00,77.22,77.40077
2019-11-04 00:00:00,77.22,77.382324
2019-11-04 01:00:00,77.22,77.404434
2019-11-04 02:00:00,77.22,77.39788
2019-11-04 03:00:00,77.22,77.40291
2019-11-04 04:00:00,77.22,77.39918
2019-11-04 05:00:00,77.22,77.38715
2019-11-04 06:00:00,77.22,77.39019
2019-11-04 07:00:00,77.22,77.38767
2019-11-04 08:00:00,77.22,77.36365
2019-11-04 09:00:00,77.22,77.36536
2019-11-04 10:00:00,77.22,77.366425
2019-11-04 11:00:00,77.22,77.34718
2019-11-04 12:00:00,77.22,77.33106
2019-11-04 13:00:00,77.22,77.32324
2019-11-04 14:00:00,77.22,77.31379
2019-11-04 15:00:00,77.22,77.31256
2019-11-04 16:00:00,77.22,77.30471
2019-11-04 17:00:00,77.22,77.32552
2019-11-04 18:00:00,77.22,77.344635
2019-11-04 19:00:00,77.21,77.38051
2019-11-04 20:00:00,77.21,77.32274
2019-11-04 21:00:00,77.21,77.34033
2019-11-04 22:00:00,77.21,77.337204
2019-11-04 23:00:00,77.22,77.33608
2019-11-05 00:00:00,77.22,77.32323
2019-11-05 01:00:00,77.22,77.34516
2019-11-05 02:00:00,77.22,77.34511
2019-11-05 03:00:00,77.22,77.342094
2019-11-05 04:00:00,77.22,77.33388
2019-11-05 05:00:00,77.22,77.31879
2019-11-05 06:00:00,77.22,77.33352
2019-11-05 07:00:00,77.22,77.31956
2019-11-05 08:00:00,77.22,77.33147
2019-11-05 09:00:00,77.22,77.36479
2019-11-05 10:00:00,77.21,77.36645
2019-11-05 11:00:00,77.22,77.339935
2019-11-05 12:00:00,77.21,77.34431
2019-11-05 13:00:00,77.22,77.33639
2019-11-05 14:00:00,77.22,77.34203
2019-11-05 15:00:00,77.22,77.342766
2019-11-05 16:00:00,77.22,77.33887
2019-11-05 17:00:00,77.22,77.33302
2019-11-05 18:00:00,77.21,77.34049
2019-11-05 19:00:00,77.21,77.35466
2019-11-05 20:00:00,77.21,77.37439
2019-11-05 21:00:00,77.21,77.35015
2019-11-05 22:00:00,77.21,77.34808
2019-11-05 23:00:00,77.21,77.37628
2019-11-06 00:00:00,77.21,77.37687
2019-11-06 01:00:00,77.21,77.37374
2019-11-06 02:00:00,77.21,77.33185
2019-11-06 03:00:00,77.21,77.35157
2019-11-06 04:00:00,77.21,77.31123
2019-11-06 05:00:00,77.21,77.33294
2019-11-06 06:00:00,77.21,77.31238
2019-11-06 07:00:00,77.21,77.30708
2019-11-06 08:00:00,77.21,77.3159
2019-11-06 09:00:00,77.21,77.30653
2019-11-06 10:00:00,77.21,77.33162
2019-11-06 11:00:00,77.21,77.30568
2019-11-06 12:00:00,77.22,77.30103
2019-11-06 13:00:00,77.22,77.3042
2019-11-06 14:00:00,77.22,77.30375
2019-11-06 15:00:00,77.22,77.308586
2019-11-06 16:00:00,77.22,77.30383
2019-11-06 17:00:00,77.22,77.29885
2019-11-06 18:00:00,77.21,77.29974
2019-11-06 19:00:00,77.21,77.310974
2019-11-06 20:00:00,77.21,77.30674
2019-11-06 21:00:00,77.21,77.31091
2019-11-06 22:00:00,77.21,77.3424
2019-11-06 23:00:00,77.21,77.339645
2019-11-07 00:00:00,77.21,77.29768
2019-11-07 01:00:00,77.21,77.30645
2019-11-07 02:00:00,77.21,77.337135
2019-11-07 03:00:00,77.21,77.3246
2019-11-07 04:00:00,77.21,77.34388
2019-11-07 05:00:00,77.21,77.32534
2019-11-07 06:00:00,77.21,77.335075
2019-11-07 07:00:00,77.21,77.31065
2019-11-07 08:00:00,77.21,77.32735
2019-11-07 09:00:00,77.21,77.341805
2019-11-07 10:00:00,77.21,77.32017
2019-11-07 11:00:00,77.21,77.320564
2019-11-07 12:00:00,77.21,77.32608
2019-11-07 13:00:00,77.21,77.31782
2019-11-07 14:00:00,77.21,77.32406
2019-11-07 15:00:00,77.21,77.3273
2019-11-07 16:00:00,77.21,77.33012
2019-11-07 17:00:00,77.21,77.327324
2019-11-07 18:00:00,77.21,77.321686
2019-11-07 19:00:00,77.2,77.32001
2019-11-07 20:00:00,77.2,77.33018
2019-11-07 21:00:00,77.21,77.3417
2019-11-07 22:00:00,77.2,77.31357
2019-11-07 23:00:00,77.2,77.32461
2019-11-08 00:00:00,77.2,77.3293
2019-11-08 01:00:00,77.2,77.33757
2019-11-08 02:00:00,77.2,77.34321
2019-11-08 03:00:00,77.2,77.3551
2019-11-08 04:00:00,77.2,77.32476
2019-11-08 05:00:00,77.2,77.322235
2019-11-08 06:00:00,77.2,77.33313
2019-11-08 07:00:00,77.2,77.333336
2019-11-08 08:00:00,77.2,77.30752
2019-11-08 09:00:00,77.2,77.307144
2019-11-08 10:00:00,77.2,77.2945
2019-11-08 11:00:00,77.2,77.28729
2019-11-08 12:00:00,77.2,77.28615
2019-11-08 13:00:00,77.2,77.28393
2019-11-08 14:00:00,77.21,77.27804
2019-11-08 15:00:00,77.21,77.28584
2019-11-08 16:00:00,77.2,77.276634
2019-11-08 17:00:00,77.2,77.27019
2019-11-08 18:00:00,77.2,77.26084
2019-11-08 19:00:00,77.2,77.256744
2019-11-08 20:00:00,77.2,77.26324
2019-11-08 21:00:00,77.2,77.26504
2019-11-08 22:00:00,77.2,77.26841
2019-11-08 23:00:00,77.2,77.29624
2019-11-09 00:00:00,77.2,77.30225
2019-11-09 01:00:00,77.2,77.293846
2019-11-09 02:00:00,77.2,77.31119
2019-11-09 03:00:00,77.2,77.306946
2019-11-09 04:00:00,77.2,77.28937
2019-11-09 05:00:00,77.2,77.280815
2019-11-09 06:00:00,77.2,77.28367
2019-11-09 07:00:00,77.2,77.28374
2019-11-09 08:00:00,77.2,77.2832
2019-11-09 09:00:00,77.2,77.28417
2019-11-09 10:00:00,77.2,77.27181
2019-11-09 11:00:00,77.2,77.2409
2019-11-09 12:00:00,77.2,77.24718
2019-11-09 13:00:00,77.2,77.25567
2019-11-09 14:00:00,77.2,77.25811
2019-11-09 15:00:00,77.2,77.25396
2019-11-09 16:00:00,77.2,77.2639
2019-11-09 17:00:00,77.2,77.25631
2019-11-09 18:00:00,77.2,77.24881
2019-11-09 19:00:00,77.19,77.245125
2019-11-09 20:00:00,77.19,77.26121
2019-11-09 21:00:00,77.19,77.26763
2019-11-09 22:00:00,77.19,77.28017
2019-11-09 23:00:00,77.19,77.28657
2019-11-10 00:00:00,77.19,77.28001
2019-11-10 01:00:00,77.2,77.277374
2019-11-10 02:00:00,77.2,77.27896
2019-11-10 03:00:00,77.2,77.27663
2019-11-10 04:00:00,77.2,77.274895
2019-11-10 05:00:00,77.2,77.27799
2019-11-10 06:00:00,77.2,77.27742
2019-11-10 07:00:00,77.2,77.27498
2019-11-10 08:00:00,77.2,77.273285
2019-11-10 09:00:00,77.2,77.27927
2019-11-10 10:00:00,77.19,77.292946
2019-11-10 11:00:00,77.2,77.29156
2019-11-10 12:00:00,77.2,77.26485
2019-11-10 13:00:00,77.2,77.25325
2019-11-10 14:00:00,77.2,77.25771
2019-11-10 15:00:00,77.2,77.26434
2019-11-10 16:00:00,77.2,77.26833
2019-11-10 17:00:00,77.2,77.28123
2019-11-10 18:00:00,77.2,77.28635
2019-11-10 19:00:00,77.2,77.30542
2019-11-10 20:00:00,77.2,77.2904
2019-11-10 21:00:00,77.2,77.287575
2019-11-10 22:00:00,77.2,77.37489
2019-11-10 23:00:00,77.21,77.29263
2019-11-11 00:00:00,77.21,77.29894
2019-11-11 01:00:00,77.21,77.305336
2019-11-11 02:00:00,77.22,77.28948
2019-11-11 03:00:00,77.22,77.29686
2019-11-11 04:00:00,77.22,77.30124
2019-11-11 05:00:00,77.22,77.30147
2019-11-11 06:00:00,77.22,77.298256
2019-11-11 07:00:00,77.22,77.30615
2019-11-11 08:00:00,77.22,77.335846
2019-11-11 09:00:00,77.22,77.37489
2019-11-11 10:00:00,77.23,77.32914
2019-11-11 11:00:00,77.22,77.32992
2019-11-11 12:00:00,77.22,77.33746
2019-11-11 13:00:00,77.22,77.34646
2019-11-11 14:00:00,77.22,77.344475
2019-11-11 15:00:00,77.22,77.34783
2019-11-11 16:00:00,77.22,77.348404
2019-11-11 17:00:00,77.22,77.34052
2019-11-11 18:00:00,77.22,77.36787
2019-11-11 19:00:00,77.21,77.33814
2019-11-11 20:00:00,77.21,77.344124
2019-11-11 21:00:00,77.21,77.34498
2019-11-11 22:00:00,77.21,77.33611
2019-11-11 23:00:00,77.21,77.3499
2019-11-12 00:00:00,77.21,77.35849
2019-11-12 01:00:00,77.21,77.38751
2019-11-12 02:00:00,77.21,77.37896
2019-11-12 03:00:00,77.21,77.36114
2019-11-12 04:00:00,77.21,77.33165
2019-11-12 05:00:00,77.21,77.314995
2019-11-12 06:00:00,77.21,77.33095
2019-11-12 07:00:00,77.21,77.31989
2019-11-12 08:00:00,77.21,77.337395
2019-11-12 09:00:00,77.21,77.33215
2019-11-12 10:00:00,77.21,77.32315
2019-11-12 11:00:00,77.21,77.309006
2019-11-12 12:00:00,77.21,77.30729
2019-11-12 13:00:00,77.21,77.30737
2019-11-12 14:00:00,77.21,77.30413
2019-11-12 15:00:00,77.22,77.297516
2019-11-12 16:00:00,77.21,77.290146
2019-11-12 17:00:00,77.21,77.28953
2019-11-12 18:00:00,77.21,77.28817
2019-11-12 19:00:00,77.21,77.323814
2019-11-12 20:00:00,77.21,77.35131
2019-11-12 21:00:00,77.21,77.35857
2019-11-12 22:00:00,77.21,77.35022
2019-11-12 23:00:00,77.21,77.33969
2019-11-13 00:00:00,77.21,77.33072
2019-11-13 01:00:00,77.2,77.3208
2019-11-13 02:00:00,77.2,77.320946
2019-11-13 03:00:00,77.21,77.31823
2019-11-13 04:00:00,77.21,77.31672
2019-11-13 05:00:00,77.21,77.31113
2019-11-13 06:00:00,77.21,77.29983
2019-11-13 07:00:00,77.21,77.29452
2019-11-13 08:00:00,77.2,77.29649
2019-11-13 09:00:00,77.2,77.290825
2019-11-13 10:00:00,77.2,77.2963
2019-11-13 11:00:00,77.2,77.29154
2019-11-13 12:00:00,77.2,77.28878
2019-11-13 13:00:00,77.2,77.255844
2019-11-13 14:00:00,77.2,77.25282
2019-11-13 15:00:00,77.2,77.25061
2019-11-13 16:00:00,77.21,77.25399
2019-11-13 17:00:00,77.2,77.26133
2019-11-13 18:00:00,77.2,77.29806
2019-11-13 19:00:00,77.2,77.299614
2019-11-13 20:00:00,77.2,77.29634
2019-11-13 21:00:00,77.19,77.27418
2019-11-13 22:00:00,77.19,77.273964
2019-11-13 23:00:00,77.19,77.267876
2019-11-14 00:00:00,77.19,77.28624
2019-11-14 01:00:00,77.19,77.27518
2019-11-14 02:00:00,77.19,77.27613
2019-11-14 03:00:00,77.19,77.27685
2019-11-14 04:00:00,77.19,77.27677
2019-11-14 05:00:00,77.19,77.279564
2019-11-14 06:00:00,77.19,77.27668
2019-11-14 07:00:00,77.19,77.28476
2019-11-14 08:00:00,77.19,77.28509
2019-11-14 09:00:00,77.19,77.27541
2019-11-14 10:00:00,77.19,77.28086
2019-11-14 11:00:00,77.19,77.286606
2019-11-14 12:00:00,77.19,77.283806
2019-11-14 13:00:00,77.19,77.27791
2019-11-14 14:00:00,77.19,77.28606
2019-11-14 15:00:00,77.19,77.27772
2019-11-14 16:00:00,77.19,77.27327
2019-11-14 17:00:00,77.19,77.26784
2019-11-14 18:00:00,77.18,77.26263
2019-11-14 19:00:00,77.18,77.27523
2019-11-14 20:00:00,77.18,77.281
2019-11-14 21:00:00,77.18,77.2783
2019-11-14 22:00:00,77.18,77.276955
2019-11-14 23:00:00,77.18,77.27128
2019-11-15 00:00:00,77.18,77.273575
2019-11-15 01:00:00,77.18,77.27087
2019-11-15 02:00:00,77.18,77.26919
2019-11-15 03:00:00,77.18,77.26509
2019-11-15 04:00:00,77.18,77.26164
2019-11-15 05:00:00,77.18,77.25848
2019-11-15 06:00:00,77.18,77.25541
2019-11-15 07:00:00,77.18,77.25322
2019-11-15 08:00:00,77.18,77.25226
2019-11-15 09:00:00,77.18,77.250046
2019-11-15 10:00:00,77.18,77.24386
2019-11-15 11:00:00,77.18,77.24386
2019-11-15 12:00:00,77.18,77.2415
2019-11-15 13:00:00,77.18,77.23422
2019-11-15 14:00:00,77.18,77.23535
2019-11-15 15:00:00,77.18,77.23616
2019-11-15 16:00:00,77.18,77.24388
2019-11-15 17:00:00,77.18,77.24845
2019-11-15 18:00:00,77.18,77.25871
2019-11-15 19:00:00,77.17,77.26321
2019-11-15 20:00:00,77.17,77.279976
2019-11-15 21:00:00,77.17,77.275734
2019-11-15 22:00:00,77.17,77.26934
2019-11-15 23:00:00,77.17,77.26687
2019-11-16 00:00:00,77.17,77.26315
2019-11-16 01:00:00,77.17,77.264656
2019-11-16 02:00:00,77.17,77.26326
2019-11-16 03:00:00,77.17,77.2582
2019-11-16 04:00:00,77.17,77.25767
2019-11-16 05:00:00,77.17,77.265785
2019-11-16 06:00:00,77.17,77.26236
2019-11-16 07:00:00,77.17,77.27174
2019-11-16 08:00:00,77.17,77.28573
2019-11-16 09:00:00,77.17,77.28603
2019-11-16 10:00:00,77.17,77.287186
2019-11-16 11:00:00,77.17,77.29196
2019-11-16 12:00:00,77.17,77.28634
2019-11-16 13:00:00,77.17,77.27301
2019-11-16 14:00:00,77.17,77.26874
2019-11-16 15:00:00,77.17,77.279755
2019-11-16 16:00:00,77.17,77.28531
2019-11-16 17:00:00,77.17,77.28109
2019-11-16 18:00:00,77.17,77.292984
2019-11-16 19:00:00,77.16,77.297455
2019-11-16 20:00:00,77.16,77.2946
2019-11-16 21:00:00,77.16,77.28307
2019-11-16 22:00:00,77.16,77.282906
2019-11-16 23:00:00,77.16,77.27188
2019-11-17 00:00:00,77.16,77.28029
2019-11-17 01:00:00,77.16,77.2735
2019-11-17 02:00:00,77.16,77.27459
2019-11-17 03:00:00,77.16,77.27801
2019-11-17 04:00:00,77.16,77.2916
2019-11-17 05:00:00,77.16,77.27926
2019-11-17 06:00:00,77.16,77.28335
2019-11-17 07:00:00,77.16,77.294464
2019-11-17 08:00:00,77.16,77.27544
2019-11-17 09:00:00,77.16,77.28986
2019-11-17 10:00:00,77.16,77.29052
2019-11-17 11:00:00,77.17,77.28592
2019-11-17 12:00:00,77.17,77.2702
2019-11-17 13:00:00,77.17,77.28638
2019-11-17 14:00:00,77.17,77.28491
2019-11-17 15:00:00,77.17,77.293625
2019-11-17 16:00:00,77.17,77.28654
2019-11-17 17:00:00,77.17,77.289276
2019-11-17 18:00:00,77.17,77.29396
2019-11-17 19:00:00,77.16,77.28605
2019-11-17 20:00:00,77.17,77.2894
2019-11-17 21:00:00,77.17,77.274895
2019-11-17 22:00:00,77.17,77.309006
2019-11-17 23:00:00,77.17,77.289185
2019-11-18 00:00:00,77.17,77.28745
2019-11-18 01:00:00,77.17,77.29912
2019-11-18 02:00:00,77.18,77.30247
2019-11-18 03:00:00,77.18,77.30445
2019-11-18 04:00:00,77.18,77.50563
2019-11-18 05:00:00,77.19,77.313354
2019-11-18 06:00:00,77.2,77.321526
2019-11-18 07:00:00,77.2,77.32179
2019-11-18 08:00:00,77.21,77.35369
2019-11-18 09:00:00,77.21,77.318855
2019-11-18 10:00:00,77.22,77.316124
2019-11-18 11:00:00,77.22,77.31579
2019-11-18 12:00:00,77.22,77.30864
2019-11-18 13:00:00,77.22,77.33126
2019-11-18 14:00:00,77.23,77.31401
2019-11-18 15:00:00,77.23,77.326096
2019-11-18 16:00:00,77.23,77.323586
2019-11-18 17:00:00,77.23,77.3045
2019-11-18 18:00:00,77.23,77.300934
2019-11-18 19:00:00,77.22,77.29567
2019-11-18 20:00:00,77.22,77.29037
2019-11-18 21:00:00,77.22,77.2898
2019-11-18 22:00:00,77.22,77.2822
2019-11-18 23:00:00,77.22,77.27983
2019-11-19 00:00:00,77.22,77.28638
2019-11-19 01:00:00,77.22,77.30489
2019-11-19 02:00:00,77.22,77.2846
2019-11-19 03:00:00,77.22,77.29872
2019-11-19 04:00:00,77.22,77.2982
2019-11-19 05:00:00,77.22,77.275505
2019-11-19 06:00:00,77.22,77.275085
2019-11-19 07:00:00,77.22,77.27773
2019-11-19 08:00:00,77.22,77.27641
2019-11-19 09:00:00,77.22,77.25523
2019-11-19 10:00:00,77.22,77.25312
2019-11-19 11:00:00,77.22,77.26721
2019-11-19 12:00:00,77.22,77.257904
2019-11-19 13:00:00,77.22,77.25444
2019-11-19 14:00:00,77.21,77.2531
2019-11-19 15:00:00,77.21,77.26188
2019-11-19 16:00:00,77.21,77.26167
2019-11-19 17:00:00,77.21,77.258934
2019-11-19 18:00:00,77.21,77.25679
2019-11-19 19:00:00,77.21,77.25508
2019-11-19 20:00:00,77.21,77.269356
2019-11-19 21:00:00,77.21,77.26255
2019-11-19 22:00:00,77.21,77.26449
2019-11-19 23:00:00,77.2,77.27466
2019-11-20 00:00:00,77.2,77.27574
2019-11-20 01:00:00,77.2,77.27068
2019-11-20 02:00:00,77.2,77.27117
2019-11-20 03:00:00,77.2,77.26937
2019-11-20 04:00:00,77.2,77.257675
2019-11-20 05:00:00,77.2,77.263336
2019-11-20 06:00:00,77.2,77.25245
2019-11-20 07:00:00,77.2,77.2566
2019-11-20 08:00:00,77.2,77.25611
2019-11-20 09:00:00,77.2,77.26158
2019-11-20 10:00:00,77.19,77.253006
2019-11-20 11:00:00,77.19,77.25279
2019-11-20 12:00:00,77.19,77.25266
2019-11-20 13:00:00,77.19,77.24957
2019-11-20 14:00:00,77.19,77.24592
2019-11-20 15:00:00,77.19,77.24278
2019-11-20 16:00:00,77.19,77.238495
2019-11-20 17:00:00,77.19,77.23937
2019-11-20 18:00:00,77.18,77.23336
2019-11-20 19:00:00,77.18,77.24187
2019-11-20 20:00:00,77.18,77.25837
2019-11-20 21:00:00,77.18,77.258316
2019-11-20 22:00:00,77.18,77.25839
2019-11-20 23:00:00,77.18,77.258606
2019-11-21 00:00:00,77.18,77.26108
2019-11-21 01:00:00,77.18,77.2629
2019-11-21 02:00:00,77.18,77.26256
2019-11-21 03:00:00,77.18,77.26043
2019-11-21 04:00:00,77.18,77.256805
2019-11-21 05:00:00,77.18,77.252464
2019-11-21 06:00:00,77.17,77.250885
2019-11-21 07:00:00,77.17,77.25034
2019-11-21 08:00:00,77.17,77.24883
2019-11-21 09:00:00,77.17,77.25072
2019-11-21 10:00:00,77.17,77.24369
2019-11-21 11:00:00,77.17,77.236404
2019-11-21 12:00:00,77.17,77.23235
2019-11-21 13:00:00,77.17,77.22312
2019-11-21 14:00:00,77.17,77.21633
2019-11-21 15:00:00,77.17,77.215904
2019-11-21 16:00:00,77.17,77.22069
2019-11-21 17:00:00,77.17,77.22419
2019-11-21 18:00:00,77.17,77.23116
2019-11-21 19:00:00,77.17,77.24033
2019-11-21 20:00:00,77.16,77.24379
2019-11-21 21:00:00,77.16,77.24575
2019-11-21 22:00:00,77.16,77.25142
2019-11-21 23:00:00,77.16,77.248955
2019-11-22 00:00:00,77.16,77.24717
2019-11-22 01:00:00,77.16,77.24811
2019-11-22 02:00:00,77.16,77.24974
2019-11-22 03:00:00,77.17,77.247826
2019-11-22 04:00:00,77.17,77.24524
2019-11-22 05:00:00,77.16,77.23382
2019-11-22 06:00:00,77.16,77.24559
2019-11-22 07:00:00,77.16,77.24467
2019-11-22 08:00:00,77.16,77.25223
2019-11-22 09:00:00,77.16,77.26519
2019-11-22 10:00:00,77.16,77.275696
2019-11-22 11:00:00,77.16,77.26615
2019-11-22 12:00:00,77.16,77.25128
2019-11-22 13:00:00,77.16,77.24502
2019-11-22 14:00:00,77.16,77.24491
2019-11-22 15:00:00,77.17,77.24725
2019-11-22 16:00:00,77.16,77.24916
2019-11-22 17:00:00,77.16,77.258064
2019-11-22 18:00:00,77.16,77.27193
2019-11-22 19:00:00,77.16,77.28387
2019-11-22 20:00:00,77.16,77.28185
2019-11-22 21:00:00,77.16,77.27836
2019-11-22 22:00:00,77.16,77.272766
2019-11-22 23:00:00,77.16,77.26598
2019-11-23 00:00:00,77.16,77.2647
2019-11-23 01:00:00,77.16,77.26259
2019-11-23 02:00:00,77.16,77.25992
2019-11-23 03:00:00,77.16,77.260925
2019-11-23 04:00:00,77.16,77.26064
2019-11-23 05:00:00,77.16,77.25977
2019-11-23 06:00:00,77.16,77.257095
2019-11-23 07:00:00,77.16,77.25686
2019-11-23 08:00:00,77.16,77.25578
2019-11-23 09:00:00,77.15,77.25812
2019-11-23 10:00:00,77.16,77.269226
2019-11-23 11:00:00,77.16,77.26939
2019-11-23 12:00:00,77.16,77.25708
2019-11-23 13:00:00,77.16,77.24928
2019-11-23 14:00:00,77.16,77.25034
2019-11-23 15:00:00,77.16,77.247795
2019-11-23 16:00:00,77.16,77.254005
2019-11-23 17:00:00,77.16,77.2631
2019-11-23 18:00:00,77.16,77.261925
2019-11-23 19:00:00,77.16,77.285065
2019-11-23 20:00:00,77.16,77.28184
2019-11-23 21:00:00,77.16,77.252556
2019-11-23 22:00:00,77.16,77.27373
2019-11-23 23:00:00,77.15,77.251686
2019-11-24 00:00:00,77.15,77.275185
2019-11-24 01:00:00,77.15,77.27293
2019-11-24 02:00:00,77.16,77.252594
2019-11-24 03:00:00,77.16,77.26285
2019-11-24 04:00:00,77.16,77.254684
2019-11-24 05:00:00,77.16,77.2574
2019-11-24 06:00:00,77.16,77.26867
2019-11-24 07:00:00,77.15,77.26619
2019-11-24 08:00:00,77.15,77.25891
2019-11-24 09:00:00,77.15,77.271065
2019-11-24 10:00:00,77.15,77.288284
2019-11-24 11:00:00,77.15,77.294914
2019-11-24 12:00:00,77.15,77.29367
2019-11-24 13:00:00,77.15,77.29257
2019-11-24 14:00:00,77.15,77.304016
2019-11-24 15:00:00,77.15,77.31378
2019-11-24 16:00:00,77.15,77.32689
2019-11-24 17:00:00,77.15,77.32983
2019-11-24 18:00:00,77.15,77.31974
2019-11-24 19:00:00,77.15,77.31078
2019-11-24 20:00:00,77.15,77.3156
2019-11-24 21:00:00,77.15,77.292915
2019-11-24 22:00:00,77.14,77.28045
2019-11-24 23:00:00,77.14,77.29781
2019-11-25 00:00:00,77.14,77.28052
2019-11-25 01:00:00,77.14,77.290146
2019-11-25 02:00:00,77.14,77.28357
2019-11-25 03:00:00,77.15,77.280334
2019-11-25 04:00:00,77.15,77.27213
2019-11-25 05:00:00,77.15,77.28193
2019-11-25 06:00:00,77.15,77.27287
2019-11-25 07:00:00,77.15,77.27175
2019-11-25 08:00:00,77.14,77.26534
2019-11-25 09:00:00,77.14,77.27512
2019-11-25 10:00:00,77.14,77.29223
2019-11-25 11:00:00,77.14,77.28048
2019-11-25 12:00:00,77.14,77.305374
2019-11-25 13:00:00,77.14,77.27609
2019-11-25 14:00:00,77.15,77.26316
2019-11-25 15:00:00,77.14,77.26836
2019-11-25 16:00:00,77.14,77.26013
2019-11-25 17:00:00,77.14,77.273575
2019-11-25 18:00:00,77.14,77.27619
2019-11-25 19:00:00,77.14,77.26766
2019-11-25 20:00:00,77.14,77.28309
2019-11-25 21:00:00,77.14,77.268974
2019-11-25 22:00:00,77.14,77.28486
2019-11-25 23:00:00,77.14,77.28197
2019-11-26 00:00:00,77.14,77.26941
2019-11-26 01:00:00,77.14,77.249985
2019-11-26 02:00:00,77.14,77.241936
2019-11-26 03:00:00,77.14,77.23948
2019-11-26 04:00:00,77.14,77.238
2019-11-26 05:00:00,77.14,77.24054
2019-11-26 06:00:00,77.14,77.24051
2019-11-26 07:00:00,77.14,77.23945
2019-11-26 08:00:00,77.14,77.23929
2019-11-26 09:00:00,77.14,77.24814
2019-11-26 10:00:00,77.14,77.25572
2019-11-26 11:00:00,77.14,77.24699
2019-11-26 12:00:00,77.14,77.243965
2019-11-26 13:00:00,77.14,77.23998
2019-11-26 14:00:00,77.14,77.22592
2019-11-26 15:00:00,77.14,77.22432
2019-11-26 16:00:00,77.14,77.22724
2019-11-26 17:00:00,77.14,77.23623
2019-11-26 18:00:00,77.14,77.24371
2019-11-26 19:00:00,77.14,77.25915
2019-11-26 20:00:00,77.14,77.25191
2019-11-26 21:00:00,77.14,77.26124
2019-11-26 22:00:00,77.14,77.2615
2019-11-26 23:00:00,77.14,77.26185
2019-11-27 00:00:00,77.14,77.26075
2019-11-27 01:00:00,77.14,77.25661
2019-11-27 02:00:00,77.14,77.25317
2019-11-27 03:00:00,77.14,77.25832
2019-11-27 04:00:00,77.14,77.24433
2019-11-27 05:00:00,77.14,77.241554
2019-11-27 06:00:00,77.14,77.24657
2019-11-27 07:00:00,77.14,77.25418
2019-11-27 08:00:00,77.14,77.25759
2019-11-27 09:00:00,77.14,77.27108
2019-11-27 10:00:00,77.14,77.277534
2019-11-27 11:00:00,77.14,77.27556
2019-11-27 12:00:00,77.14,77.27412
2019-11-27 13:00:00,77.14,77.26945
2019-11-27 14:00:00,77.14,77.26786
2019-11-27 15:00:00,77.14,77.24794
2019-11-27 16:00:00,77.14,77.24783
2019-11-27 17:00:00,77.14,77.256836
2019-11-27 18:00:00,77.14,77.24735
2019-11-27 19:00:00,77.14,77.261665
2019-11-27 20:00:00,77.14,77.24734
2019-11-27 21:00:00,77.14,77.24718
2019-11-27 22:00:00,77.14,77.24474
2019-11-27 23:00:00,77.14,77.25184
2019-11-28 00:00:00,77.14,77.23827
2019-11-28 01:00:00,77.14,77.23762
2019-11-28 02:00:00,77.14,77.23512
2019-11-28 03:00:00,77.14,77.24074
2019-11-28 04:00:00,77.15,77.23242
2019-11-28 05:00:00,77.15,77.23977
2019-11-28 06:00:00,77.15,77.233154
2019-11-28 07:00:00,77.15,77.23603
2019-11-28 08:00:00,77.15,77.235
2019-11-28 09:00:00,77.15,77.25588
2019-11-28 10:00:00,77.15,77.2458
2019-11-28 11:00:00,77.15,77.24714
2019-11-28 12:00:00,77.15,77.24292
2019-11-28 13:00:00,77.15,77.23631
2019-11-28 14:00:00,77.15,77.24139
2019-11-28 15:00:00,77.15,77.242615
2019-11-28 16:00:00,77.15,77.24223
2019-11-28 17:00:00,77.15,77.250984
2019-11-28 18:00:00,77.14,77.25635
2019-11-28 19:00:00,77.14,77.25032
2019-11-28 20:00:00,77.14,77.250725
2019-11-28 21:00:00,77.14,77.251785
2019-11-28 22:00:00,77.14,77.256714
2019-11-28 23:00:00,77.14,77.25179
2019-11-29 00:00:00,77.14,77.247
2019-11-29 01:00:00,77.13,77.223236
2019-11-29 02:00:00,77.13,77.24152
2019-11-29 03:00:00,77.13,77.219185
2019-11-29 04:00:00,77.13,77.22706
2019-11-29 05:00:00,77.13,77.222595
2019-11-29 06:00:00,77.13,77.22773
2019-11-29 07:00:00,77.13,77.233894
2019-11-29 08:00:00,77.13,77.236824
2019-11-29 09:00:00,77.13,77.24683
2019-11-29 10:00:00,77.13,77.24145
2019-11-29 11:00:00,77.13,77.23568
2019-11-29 12:00:00,77.13,77.23858
2019-11-29 13:00:00,77.13,77.22541
2019-11-29 14:00:00,77.13,77.22017
2019-11-29 15:00:00,77.13,77.225105
2019-11-29 16:00:00,77.13,77.223114
2019-11-29 17:00:00,77.13,77.221466
2019-11-29 18:00:00,77.13,77.221344
2019-11-29 19:00:00,77.13,77.218094
2019-11-29 20:00:00,77.13,77.21588
2019-11-29 21:00:00,77.12,77.219475
2019-11-29 22:00:00,77.12,77.22169
2019-11-29 23:00:00,77.12,77.222244
2019-11-30 00:00:00,77.12,77.22466
2019-11-30 01:00:00,77.12,77.22933
2019-11-30 02:00:00,77.12,77.23415
2019-11-30 03:00:00,77.12,77.234856
2019-11-30 04:00:00,77.12,77.23593
2019-11-30 05:00:00,77.12,77.234856
2019-11-30 06:00:00,77.12,77.23488
2019-11-30 07:00:00,77.12,77.236916
2019-11-30 08:00:00,77.12,77.23744
2019-11-30 09:00:00,77.12,77.240036
2019-11-30 10:00:00,77.12,77.23425
2019-11-30 11:00:00,77.12,77.22747
2019-11-30 12:00:00,77.12,77.2287
2019-11-30 13:00:00,77.12,77.218445
2019-11-30 14:00:00,77.12,77.210526
2019-11-30 15:00:00,77.12,77.22374
2019-11-30 16:00:00,77.12,77.22562
2019-11-30 17:00:00,77.12,77.23308
2019-11-30 18:00:00,77.12,77.23848
2019-11-30 19:00:00,77.12,77.24279
2019-11-30 20:00:00,77.12,77.24979
2019-11-30 21:00:00,77.12,77.2494
2019-11-30 22:00:00,77.12,77.25389
2019-11-30 23:00:00,77.12,77.245
2019-12-01 00:00:00,77.12,77.246475
2019-12-01 01:00:00,77.12,77.230316
2019-12-01 02:00:00,77.12,77.23137
2019-12-01 03:00:00,77.11,77.233376
2019-12-01 04:00:00,77.11,77.23827
2019-12-01 05:00:00,77.11,77.23454
2019-12-01 06:00:00,77.12,77.2424
2019-12-01 07:00:00,77.12,77.256836
2019-12-01 08:00:00,77.12,77.26999
2019-12-01 09:00:00,77.12,77.26727
2019-12-01 10:00:00,77.12,77.288574
2019-12-01 11:00:00,77.12,77.2742
2019-12-01 12:00:00,77.12,77.27442
2019-12-01 13:00:00,77.13,77.29098
2019-12-01 14:00:00,77.13,77.2754
2019-12-01 15:00:00,77.13,77.29333
2019-12-01 16:00:00,77.14,77.2934
2019-12-01 17:00:00,77.15,77.242584
2019-12-01 18:00:00,77.15,77.264626
2019-12-01 19:00:00,77.16,77.31519
2019-12-01 20:00:00,77.17,77.23165
2019-12-01 21:00:00,77.18,77.23155
2019-12-01 22:00:00,77.19,77.26959
2019-12-01 23:00:00,77.2,77.23158
2019-12-02 00:00:00,77.2,77.239044
2019-12-02 01:00:00,77.21,77.2644
2019-12-02 02:00:00,77.21,77.238396
2019-12-02 03:00:00,77.22,77.241936
2019-12-02 04:00:00,77.22,77.24407
2019-12-02 05:00:00,77.22,77.25888
2019-12-02 06:00:00,77.22,77.25743
2019-12-02 07:00:00,77.22,77.24549
2019-12-02 08:00:00,77.22,77.24613
2019-12-02 09:00:00,77.23,77.24469
2019-12-02 10:00:00,77.23,77.26344
2019-12-02 11:00:00,77.23,77.24713
2019-12-02 12:00:00,77.23,77.25653
2019-12-02 13:00:00,77.23,77.25937
2019-12-02 14:00:00,77.23,77.262405
2019-12-02 15:00:00,77.22,77.25601
2019-12-02 16:00:00,77.22,77.27453
2019-12-02 17:00:00,77.22,77.26509
2019-12-02 18:00:00,77.22,77.268326
2019-12-02 19:00:00,77.22,77.26883
2019-12-02 20:00:00,77.22,77.261765
2019-12-02 21:00:00,77.22,77.24286
2019-12-02 22:00:00,77.22,77.24677
2019-12-02 23:00:00,77.22,77.247826
2019-12-03 00:00:00,77.21,77.24889
2019-12-03 01:00:00,77.21,77.24474
2019-12-03 02:00:00,77.21,77.25047
2019-12-03 03:00:00,77.21,77.258354
2019-12-03 04:00:00,77.21,77.251335
2019-12-03 05:00:00,77.21,77.25333
2019-12-03 06:00:00,77.21,77.2498
2019-12-03 07:00:00,77.21,77.260864
2019-12-03 08:00:00,77.21,77.24838
2019-12-03 09:00:00,77.21,77.245384
2019-12-03 10:00:00,77.21,77.25289
2019-12-03 11:00:00,77.21,77.24605
2019-12-03 12:00:00,77.2,77.25059
2019-12-03 13:00:00,77.2,77.24988
2019-12-03 14:00:00,77.2,77.25438
2019-12-03 15:00:00,77.2,77.250916
2019-12-03 16:00:00,77.19,77.25289
2019-12-03 17:00:00,77.2,77.25398
2019-12-03 18:00:00,77.19,77.2595
2019-12-03 19:00:00,77.19,77.25921
2019-12-03 20:00:00,77.19,77.266
2019-12-03 21:00:00,77.19,77.25172
2019-12-03 22:00:00,77.19,77.25117
2019-12-03 23:00:00,77.19,77.243805
2019-12-04 00:00:00,77.18,77.244194
2019-12-04 01:00:00,77.18,77.23929
2019-12-04 02:00:00,77.18,77.24393
2019-12-04 03:00:00,77.18,77.241905
2019-12-04 04:00:00,77.18,77.23637
2019-12-04 05:00:00,77.18,77.23718
2019-12-04 06:00:00,77.18,77.24263
2019-12-04 07:00:00,77.18,77.23922
2019-12-04 08:00:00,77.18,77.23442
2019-12-04 09:00:00,77.18,77.23941
2019-12-04 10:00:00,77.18,77.24598
2019-12-04 11:00:00,77.18,77.23924
2019-12-04 12:00:00,77.17,77.238625
2019-12-04 13:00:00,77.18,77.24102
2019-12-04 14:00:00,77.17,77.23694
2019-12-04 15:00:00,77.17,77.23677
2019-12-04 16:00:00,77.17,77.237625
2019-12-04 17:00:00,77.17,77.23705
2019-12-04 18:00:00,77.17,77.24402
2019-12-04 19:00:00,77.16,77.24456
2019-12-04 20:00:00,77.16,77.251465
2019-12-04 21:00:00,77.16,77.257034
2019-12-04 22:00:00,77.16,77.25294
2019-12-04 23:00:00,77.16,77.240265
2019-12-05 00:00:00,77.16,77.24633
2019-12-05 01:00:00,77.16,77.24264
2019-12-05 02:00:00,77.16,77.243065
2019-12-05 03:00:00,77.16,77.23998
2019-12-05 04:00:00,77.16,77.23766
2019-12-05 05:00:00,77.16,77.232445
2019-12-05 06:00:00,77.16,77.23073
2019-12-05 07:00:00,77.16,77.239105
2019-12-05 08:00:00,77.15,77.23939
2019-12-05 09:00:00,77.15,77.253075
2019-12-05 10:00:00,77.16,77.251305
2019-12-05 11:00:00,77.16,77.23226
2019-12-05 12:00:00,77.15,77.23622
2019-12-05 13:00:00,77.15,77.24265
2019-12-05 14:00:00,77.15,77.23302
2019-12-05 15:00:00,77.15,77.2287
2019-12-05 16:00:00,77.15,77.245735
2019-12-05 17:00:00,77.15,77.23048
2019-12-05 18:00:00,77.15,77.22899
2019-12-05 19:00:00,77.14,77.2297
2019-12-05 20:00:00,77.15,77.22509
2019-12-05 21:00:00,77.15,77.22472
2019-12-05 22:00:00,77.14,77.21498
2019-12-05 23:00:00,77.14,77.22852
2019-12-06 00:00:00,77.14,77.22446
2019-12-06 01:00:00,77.14,77.2325
2019-12-06 02:00:00,77.14,77.228134
2019-12-06 03:00:00,77.14,77.22693
2019-12-06 04:00:00,77.14,77.22523
2019-12-06 05:00:00,77.14,77.216835
2019-12-06 06:00:00,77.14,77.210976
2019-12-06 07:00:00,77.14,77.209625
2019-12-06 08:00:00,77.14,77.2096
2019-12-06 09:00:00,77.14,77.21448
2019-12-06 10:00:00,77.14,77.222694
2019-12-06 11:00:00,77.14,77.22354
2019-12-06 12:00:00,77.14,77.2222
2019-12-06 13:00:00,77.14,77.21918
2019-12-06 14:00:00,77.14,77.21368
2019-12-06 15:00:00,77.14,77.209854
2019-12-06 16:00:00,77.14,77.20652
2019-12-06 17:00:00,77.13,77.204506
2019-12-06 18:00:00,77.13,77.19782
2019-12-06 19:00:00,77.13,77.197395
2019-12-06 20:00:00,77.13,77.19606
2019-12-06 21:00:00,77.13,77.20292
2019-12-06 22:00:00,77.13,77.19748
2019-12-06 23:00:00,77.13,77.19741
2019-12-07 00:00:00,77.13,77.2004
2019-12-07 01:00:00,77.13,77.19962
2019-12-07 02:00:00,77.13,77.20123
2019-12-07 03:00:00,77.13,77.20234
2019-12-07 04:00:00,77.13,77.20237
2019-12-07 05:00:00,77.13,77.2002
2019-12-07 06:00:00,77.13,77.20452
2019-12-07 07:00:00,77.13,77.20743
2019-12-07 08:00:00,77.13,77.21238
2019-12-07 09:00:00,77.13,77.217804
2019-12-07 10:00:00,77.13,77.21814
2019-12-07 11:00:00,77.13,77.22477
2019-12-07 12:00:00,77.12,77.223526
2019-12-07 13:00:00,77.12,77.2241
2019-12-07 14:00:00,77.12,77.22795
2019-12-07 15:00:00,77.12,77.228745
2019-12-07 16:00:00,77.12,77.231155
2019-12-07 17:00:00,77.12,77.23362
2019-12-07 18:00:00,77.12,77.232735
2019-12-07 19:00:00,77.12,77.23642
2019-12-07 20:00:00,77.12,77.23634
2019-12-07 21:00:00,77.12,77.2425
2019-12-07 22:00:00,77.11,77.23912
2019-12-07 23:00:00,77.11,77.24001
2019-12-08 00:00:00,77.11,77.23058
2019-12-08 01:00:00,77.11,77.24319
2019-12-08 02:00:00,77.11,77.24424
2019-12-08 03:00:00,77.11,77.23842
2019-12-08 04:00:00,77.11,77.226494
2019-12-08 05:00:00,77.11,77.23833
2019-12-08 06:00:00,77.11,77.24089
2019-12-08 07:00:00,77.11,77.236496
2019-12-08 08:00:00,77.11,77.23349
2019-12-08 09:00:00,77.11,77.23391
2019-12-08 10:00:00,77.11,77.24191
2019-12-08 11:00:00,77.11,77.24354
2019-12-08 12:00:00,77.11,77.24153
2019-12-08 13:00:00,77.11,77.24085
2019-12-08 14:00:00,77.11,77.243996
2019-12-08 15:00:00,77.11,77.2429
2019-12-08 16:00:00,77.11,77.23985
2019-12-08 17:00:00,77.11,77.236305
2019-12-08 18:00:00,77.11,77.2433
2019-12-08 19:00:00,77.11,77.24607
2019-12-08 20:00:00,77.11,77.25439
2019-12-08 21:00:00,77.11,77.255325
2019-12-08 22:00:00,77.1,77.25995
2019-12-08 23:00:00,77.1,77.25682
2019-12-09 00:00:00,77.11,77.25453
2019-12-09 01:00:00,77.11,77.240036
2019-12-09 02:00:00,77.11,77.24171
2019-12-09 03:00:00,77.11,77.24411
2019-12-09 04:00:00,77.11,77.23633
2019-12-09 05:00:00,77.11,77.23194
2019-12-09 06:00:00,77.11,77.22764
2019-12-09 07:00:00,77.11,77.22382
2019-12-09 08:00:00,77.11,77.23282
2019-12-09 09:00:00,77.11,77.23342
2019-12-09 10:00:00,77.11,77.236855
2019-12-09 11:00:00,77.11,77.23237
2019-12-09 12:00:00,77.11,77.22804
2019-12-09 13:00:00,77.1,77.22934
2019-12-09 14:00:00,77.11,77.232475
2019-12-09 15:00:00,77.1,77.23036
2019-12-09 16:00:00,77.11,77.23082
2019-12-09 17:00:00,77.11,77.23755
2019-12-09 18:00:00,77.1,77.24076
2019-12-09 19:00:00,77.1,77.24479
2019-12-09 20:00:00,77.1,77.245834
2019-12-09 21:00:00,77.1,77.24344
2019-12-09 22:00:00,77.1,77.24356
2019-12-09 23:00:00,77.1,77.238396
2019-12-10 00:00:00,77.1,77.23595
2019-12-10 01:00:00,77.1,77.23616
2019-12-10 02:00:00,77.1,77.23194
2019-12-10 03:00:00,77.1,77.22926
2019-12-10 04:00:00,77.1,77.23129
2019-12-10 05:00:00,77.1,77.23018
2019-12-10 06:00:00,77.1,77.22989
2019-12-10 07:00:00,77.1,77.23699
2019-12-10 08:00:00,77.1,77.243835
2019-12-10 09:00:00,77.1,77.245544
2019-12-10 10:00:00,77.1,77.24688
2019-12-10 11:00:00,77.1,77.24719
2019-12-10 12:00:00,77.1,77.250465
2019-12-10 13:00:00,77.1,77.24618
2019-12-10 14:00:00,77.1,77.24086
2019-12-10 15:00:00,77.1,77.239044
2019-12-10 16:00:00,77.1,77.24174
2019-12-10 17:00:00,77.1,77.24895
2019-12-10 18:00:00,77.1,77.253334
2019-12-10 19:00:00,77.1,77.26963
2019-12-10 20:00:00,77.1,77.26534
2019-12-10 21:00:00,77.1,77.265594
2019-12-10 22:00:00,77.1,77.256615
2019-12-10 23:00:00,77.09,77.25121
2019-12-11 00:00:00,77.1,77.25451
2019-12-11 01:00:00,77.1,77.24862
2019-12-11 02:00:00,77.09,77.249176
2019-12-11 03:00:00,77.1,77.25296
2019-12-11 04:00:00,77.1,77.24915
2019-12-11 05:00:00,77.1,77.25551
2019-12-11 06:00:00,77.1,77.24314
2019-12-11 07:00:00,77.1,77.24858
2019-12-11 08:00:00,77.1,77.254135
2019-12-11 09:00:00,77.11,77.255196
2019-12-11 10:00:00,77.1,77.275764
2019-12-11 11:00:00,77.1,77.272194
2019-12-11 12:00:00,77.1,77.291046
2019-12-11 13:00:00,77.1,77.260796
2019-12-11 14:00:00,77.09,77.2705
2019-12-11 15:00:00,77.09,77.26641
2019-12-11 16:00:00,77.09,77.268684
2019-12-11 17:00:00,77.09,77.26375
2019-12-11 18:00:00,77.09,77.28496
2019-12-11 19:00:00,77.09,77.27392
2019-12-11 20:00:00,77.09,77.273766
2019-12-11 21:00:00,77.09,77.26228
2019-12-11 22:00:00,77.08,77.260155
2019-12-11 23:00:00,77.08,77.26012
2019-12-12 00:00:00,77.09,77.261505
2019-12-12 01:00:00,77.09,77.26056
2019-12-12 02:00:00,77.09,77.25593
2019-12-12 03:00:00,77.09,77.26132
2019-12-12 04:00:00,77.09,77.25417
2019-12-12 05:00:00,77.09,77.25895
2019-12-12 06:00:00,77.09,77.25841
2019-12-12 07:00:00,77.09,77.27324
2019-12-12 08:00:00,77.09,77.27329
2019-12-12 09:00:00,77.09,77.27871
2019-12-12 10:00:00,77.09,77.27222
2019-12-12 11:00:00,77.09,77.264946
2019-12-12 12:00:00,77.09,77.26007
2019-12-12 13:00:00,77.09,77.254944
2019-12-12 14:00:00,77.09,77.252
2019-12-12 15:00:00,77.09,77.24924
2019-12-12 16:00:00,77.09,77.24794
2019-12-12 17:00:00,77.09,77.234985
2019-12-12 18:00:00,77.08,77.233406
2019-12-12 19:00:00,77.08,77.2432
2019-12-12 20:00:00,77.09,77.24546
2019-12-12 21:00:00,77.09,77.25213
2019-12-12 22:00:00,77.09,77.25023
2019-12-12 23:00:00,77.09,77.252815
2019-12-13 00:00:00,77.09,77.24967
2019-12-13 01:00:00,77.09,77.247
2019-12-13 02:00:00,77.09,77.24674
2019-12-13 03:00:00,77.09,77.242455
2019-12-13 04:00:00,77.09,77.24491
2019-12-13 05:00:00,77.09,77.24491
2019-12-13 06:00:00,77.09,77.24712
2019-12-13 07:00:00,77.09,77.24108
2019-12-13 08:00:00,77.09,77.23786
2019-12-13 09:00:00,77.09,77.23858
2019-12-13 10:00:00,77.09,77.23876
2019-12-13 12:00:00,77.14,77.22517
2019-12-13 13:00:00,77.14,77.197044
2019-12-13 14:00:00,77.14,77.19467
2019-12-13 15:00:00,77.15,77.194176
2019-12-13 16:00:00,77.14,77.186424
2019-12-13 17:00:00,77.14,77.18838
2019-12-13 18:00:00,77.14,77.19482
2019-12-13 19:00:00,77.14,77.19417
2019-12-13 20:00:00,77.14,77.20428
2019-12-13 21:00:00,77.14,77.19706
2019-12-13 22:00:00,77.14,77.199196
2019-12-13 23:00:00,77.14,77.208
2019-12-14 00:00:00,77.14,77.209
2019-12-14 01:00:00,77.14,77.20905
2019-12-14 02:00:00,77.14,77.211105
2019-12-14 03:00:00,77.14,77.210785
2019-12-14 04:00:00,77.14,77.21437
2019-12-14 05:00:00,77.14,77.21548
2019-12-14 06:00:00,77.14,77.21441
2019-12-14 07:00:00,77.14,77.19949
2019-12-14 08:00:00,77.14,77.2079
2019-12-14 09:00:00,77.14,77.22668
2019-12-14 10:00:00,77.14,77.23536
2019-12-14 11:00:00,77.14,77.2448
2019-12-14 12:00:00,77.14,77.2431
2019-12-14 13:00:00,77.14,77.23463
2019-12-14 14:00:00,77.14,77.23407
2019-12-14 15:00:00,77.14,77.23533
2019-12-14 16:00:00,77.14,77.2353
2019-12-14 17:00:00,77.14,77.23095
2019-12-14 18:00:00,77.14,77.2337
2019-12-14 19:00:00,77.14,77.23824
2019-12-14 20:00:00,77.14,77.243744
2019-12-14 21:00:00,77.14,77.24968
2019-12-14 22:00:00,77.14,77.25008
2019-12-14 23:00:00,77.14,77.2493
2019-12-15 00:00:00,77.14,77.255135
2019-12-15 01:00:00,77.14,77.25734
2019-12-15 02:00:00,77.14,77.257996
2019-12-15 03:00:00,77.14,77.259674
2019-12-15 04:00:00,77.13,77.24461
2019-12-15 05:00:00,77.14,77.24616
2019-12-15 06:00:00,77.14,77.22968
2019-12-15 07:00:00,77.14,77.23506
2019-12-15 08:00:00,77.14,77.22997
2019-12-15 09:00:00,77.14,77.24338
2019-12-15 10:00:00,77.14,77.2467
2019-12-15 11:00:00,77.14,77.239365
2019-12-15 12:00:00,77.14,77.2386
2019-12-15 13:00:00,77.14,77.24041
2019-12-15 14:00:00,77.14,77.24045
2019-12-15 15:00:00,77.14,77.2212
2019-12-15 16:00:00,77.14,77.23256
2019-12-15 17:00:00,77.14,77.2422
2019-12-15 18:00:00,77.14,77.25012
2019-12-15 19:00:00,77.14,77.255684
2019-12-15 20:00:00,77.14,77.255905
2019-12-15 21:00:00,77.14,77.25833
2019-12-15 22:00:00,77.14,77.25188
2019-12-15 23:00:00,77.14,77.25521
2019-12-16 00:00:00,77.14,77.24655
2019-12-16 01:00:00,77.14,77.24315
2019-12-16 02:00:00,77.14,77.24386
2019-12-16 03:00:00,77.14,77.232605
2019-12-16 04:00:00,77.14,77.23231
2019-12-16 05:00:00,77.14,77.23002
2019-12-16 06:00:00,77.14,77.231964
2019-12-16 07:00:00,77.14,77.234276
2019-12-16 08:00:00,77.14,77.23837
2019-12-16 09:00:00,77.14,77.24998
2019-12-16 10:00:00,77.14,77.24551
2019-12-16 11:00:00,77.14,77.26502
2019-12-16 12:00:00,77.14,77.26284
2019-12-16 13:00:00,77.14,77.25284
2019-12-16 14:00:00,77.14,77.243416
2019-12-16 15:00:00,77.14,77.24434
2019-12-16 16:00:00,77.14,77.25004
2019-12-16 17:00:00,77.14,77.25746
2019-12-16 18:00:00,77.14,77.26316
2019-12-16 19:00:00,77.14,77.26616
2019-12-16 20:00:00,77.14,77.266685
2019-12-16 21:00:00,77.14,77.25986
2019-12-16 22:00:00,77.14,77.25606
2019-12-16 23:00:00,77.14,77.234604
2019-12-17 00:00:00,77.14,77.24491
2019-12-17 01:00:00,77.14,77.24786
2019-12-17 02:00:00,77.14,77.23321
2019-12-17 03:00:00,77.14,77.24033
2019-12-17 04:00:00,77.15,77.238266
2019-12-17 05:00:00,77.15,77.25066
2019-12-17 06:00:00,77.15,77.25704
2019-12-17 07:00:00,77.15,77.26527
2019-12-17 08:00:00,77.15,77.27054
2019-12-17 09:00:00,77.15,77.26988
2019-12-17 10:00:00,77.15,77.280174
2019-12-17 11:00:00,77.15,77.281
2019-12-17 12:00:00,77.15,77.28391
2019-12-17 13:00:00,77.15,77.28926
2019-12-17 14:00:00,77.15,77.27576
2019-12-17 15:00:00,77.15,77.273155
2019-12-17 16:00:00,77.15,77.2721
2019-12-17 17:00:00,77.15,77.23325
2019-12-17 18:00:00,77.15,77.23053
2019-12-17 19:00:00,77.15,77.24671
2019-12-17 20:00:00,77.15,77.24916
2019-12-17 21:00:00,77.15,77.2339
2019-12-17 22:00:00,77.15,77.237854
2019-12-17 23:00:00,77.15,77.26238
2019-12-18 00:00:00,77.15,77.26142
2019-12-18 01:00:00,77.15,77.265015
2019-12-18 02:00:00,77.15,77.24367
2019-12-18 03:00:00,77.15,77.25334
2019-12-18 04:00:00,77.15,77.24988
2019-12-18 05:00:00,77.15,77.28301
2019-12-18 06:00:00,77.15,77.26264
2019-12-18 07:00:00,77.15,77.26782
2019-12-18 08:00:00,77.15,77.26966
2019-12-18 09:00:00,77.15,77.25122
2019-12-18 10:00:00,77.15,77.26859
2019-12-18 11:00:00,77.15,77.2508
2019-12-18 12:00:00,77.15,77.24535
2019-12-18 13:00:00,77.15,77.27111
2019-12-18 14:00:00,77.15,77.2761
2019-12-18 15:00:00,77.15,77.26657
2019-12-18 16:00:00,77.15,77.27206
2019-12-18 17:00:00,77.15,77.26557
2019-12-18 18:00:00,77.15,77.262314
2019-12-18 19:00:00,77.15,77.27058
2019-12-18 20:00:00,77.15,77.263985
2019-12-18 21:00:00,77.15,77.24496
2019-12-18 22:00:00,77.15,77.252106
2019-12-18 23:00:00,77.15,77.259346
2019-12-19 00:00:00,77.15,77.24661
2019-12-19 01:00:00,77.15,77.23627
2019-12-19 02:00:00,77.15,77.23092
2019-12-19 03:00:00,77.15,77.246346
2019-12-19 04:00:00,77.15,77.23218
2019-12-19 05:00:00,77.15,77.231766
2019-12-19 06:00:00,77.15,77.24878
2019-12-19 07:00:00,77.15,77.24112
2019-12-19 08:00:00,77.15,77.240425
2019-12-19 09:00:00,77.15,77.23417
2019-12-19 10:00:00,77.15,77.23708
2019-12-19 11:00:00,77.15,77.240715
2019-12-19 12:00:00,77.15,77.23706
2019-12-19 13:00:00,77.15,77.23154
2019-12-19 14:00:00,77.15,77.231735
2019-12-19 15:00:00,77.15,77.23561
2019-12-19 16:00:00,77.15,77.22456
2019-12-19 17:00:00,77.14,77.2233
2019-12-19 18:00:00,77.14,77.22277
2019-12-19 19:00:00,77.14,77.22413
2019-12-19 20:00:00,77.14,77.231476
2019-12-19 21:00:00,77.14,77.22929
2019-12-19 22:00:00,77.14,77.22691
2019-12-19 23:00:00,77.14,77.2287
2019-12-20 00:00:00,77.14,77.22983
2019-12-20 01:00:00,77.14,77.23116
2019-12-20 02:00:00,77.14,77.23622
2019-12-20 03:00:00,77.14,77.23204
2019-12-20 04:00:00,77.14,77.231415
2019-12-20 05:00:00,77.14,77.234
2019-12-20 06:00:00,77.14,77.23272
2019-12-20 07:00:00,77.14,77.23397
2019-12-20 08:00:00,77.13,77.23559
2019-12-20 09:00:00,77.14,77.241425
2019-12-20 10:00:00,77.14,77.2378
2019-12-20 11:00:00,77.14,77.225655
2019-12-20 12:00:00,77.14,77.23733
2019-12-20 13:00:00,77.14,77.230965
2019-12-20 14:00:00,77.14,77.23564
2019-12-20 15:00:00,77.14,77.22581
2019-12-20 16:00:00,77.14,77.22412
2019-12-20 17:00:00,77.13,77.236176
2019-12-20 18:00:00,77.13,77.23623
2019-12-20 19:00:00,77.12,77.24141
2019-12-20 20:00:00,77.12,77.243965
2019-12-20 21:00:00,77.12,77.229935
2019-12-20 22:00:00,77.12,77.23189
2019-12-20 23:00:00,77.12,77.233604
2019-12-21 00:00:00,77.13,77.23936
2019-12-21 01:00:00,77.13,77.227234
2019-12-21 02:00:00,77.13,77.23614
2019-12-21 03:00:00,77.13,77.23235
2019-12-21 04:00:00,77.13,77.23802
2019-12-21 05:00:00,77.13,77.21577
2019-12-21 06:00:00,77.13,77.2205
2019-12-21 07:00:00,77.13,77.22891
2019-12-21 08:00:00,77.13,77.22485
2019-12-21 09:00:00,77.13,77.22698
2019-12-21 10:00:00,77.13,77.22907
2019-12-21 11:00:00,77.13,77.237206
2019-12-21 12:00:00,77.13,77.23164
2019-12-21 13:00:00,77.13,77.23036
2019-12-21 14:00:00,77.13,77.226814
2019-12-21 15:00:00,77.13,77.22672
2019-12-21 16:00:00,77.13,77.220116
2019-12-21 17:00:00,77.13,77.22375
2019-12-21 18:00:00,77.13,77.222374
2019-12-21 19:00:00,77.12,77.22564
2019-12-21 20:00:00,77.12,77.229454
2019-12-21 21:00:00,77.12,77.236435
2019-12-21 22:00:00,77.13,77.22977
2019-12-21 23:00:00,77.13,77.22608
2019-12-22 00:00:00,77.13,77.22068
2019-12-22 01:00:00,77.13,77.21979
2019-12-22 02:00:00,77.13,77.22091
2019-12-22 03:00:00,77.13,77.218475
2019-12-22 04:00:00,77.13,77.22186
2019-12-22 05:00:00,77.13,77.21979
2019-12-22 06:00:00,77.13,77.22771
2019-12-22 07:00:00,77.13,77.228264
2019-12-22 08:00:00,77.13,77.23058
2019-12-22 09:00:00,77.13,77.230644
2019-12-22 10:00:00,77.13,77.231606
2019-12-22 11:00:00,77.13,77.23249
2019-12-22 12:00:00,77.13,77.22252
2019-12-22 13:00:00,77.13,77.21003
2019-12-22 14:00:00,77.13,77.19928
2019-12-22 15:00:00,77.13,77.197784
2019-12-22 16:00:00,77.13,77.214096
2019-12-22 17:00:00,77.13,77.21852
2019-12-22 18:00:00,77.13,77.22356
2019-12-22 19:00:00,77.12,77.22912
2019-12-22 20:00:00,77.12,77.232506
2019-12-22 21:00:00,77.12,77.2329
2019-12-22 22:00:00,77.12,77.23219
2019-12-22 23:00:00,77.13,77.22599
2019-12-23 00:00:00,77.13,77.22106
2019-12-23 01:00:00,77.13,77.22043
2019-12-23 02:00:00,77.13,77.2231
2019-12-23 03:00:00,77.13,77.225464
2019-12-23 04:00:00,77.13,77.22316
2019-12-23 05:00:00,77.13,77.22854
2019-12-23 06:00:00,77.13,77.223274
2019-12-23 07:00:00,77.13,77.22242
2019-12-23 08:00:00,77.13,77.22539
2019-12-23 09:00:00,77.13,77.22065
2019-12-23 10:00:00,77.13,77.22346
2019-12-23 11:00:00,77.13,77.22118
2019-12-23 12:00:00,77.12,77.216324
2019-12-23 13:00:00,77.13,77.22196
2019-12-23 14:00:00,77.13,77.229256
2019-12-23 15:00:00,77.13,77.228516
2019-12-23 16:00:00,77.13,77.2289
2019-12-23 17:00:00,77.13,77.23329
2019-12-23 18:00:00,77.13,77.23193
2019-12-23 19:00:00,77.12,77.23272
2019-12-23 20:00:00,77.12,77.231895
2019-12-23 21:00:00,77.11,77.236046
2019-12-23 22:00:00,77.11,77.236885
2019-12-23 23:00:00,77.11,77.23347
2019-12-24 00:00:00,77.11,77.23582
2019-12-24 01:00:00,77.11,77.23898
2019-12-24 02:00:00,77.11,77.23971
2019-12-24 03:00:00,77.12,77.23238
2019-12-24 04:00:00,77.12,77.242615
2019-12-24 05:00:00,77.12,77.2488
2019-12-24 06:00:00,77.12,77.23936
2019-12-24 07:00:00,77.12,77.2389
2019-12-24 08:00:00,77.12,77.24446
2019-12-24 09:00:00,77.12,77.24841
2019-12-24 10:00:00,77.12,77.245
2019-12-24 11:00:00,77.12,77.23655
2019-12-24 12:00:00,77.12,77.22992
2019-12-24 13:00:00,77.12,77.22335
2019-12-24 14:00:00,77.12,77.21065
2019-12-24 15:00:00,77.12,77.20235
2019-12-24 16:00:00,77.12,77.19504
2019-12-24 17:00:00,77.12,77.192924
2019-12-24 18:00:00,77.11,77.19903
2019-12-24 19:00:00,77.11,77.192795
2019-12-24 20:00:00,77.11,77.192154
2019-12-24 21:00:00,77.11,77.20369
2019-12-24 22:00:00,77.11,77.21189
2019-12-24 23:00:00,77.11,77.213196
2019-12-25 00:00:00,77.11,77.21556
2019-12-25 01:00:00,77.11,77.211815
2019-12-25 02:00:00,77.11,77.208534
2019-12-25 03:00:00,77.11,77.206116
2019-12-25 04:00:00,77.11,77.20054
2019-12-25 05:00:00,77.11,77.20507
2019-12-25 06:00:00,77.11,77.20585
2019-12-25 07:00:00,77.11,77.206825
2019-12-25 08:00:00,77.11,77.20556
2019-12-25 09:00:00,77.11,77.20361
2019-12-25 10:00:00,77.11,77.21172
2019-12-25 11:00:00,77.11,77.211685
2019-12-25 12:00:00,77.11,77.19582
2019-12-25 13:00:00,77.11,77.204765
2019-12-25 14:00:00,77.11,77.19714
2019-12-25 15:00:00,77.12,77.19803
2019-12-25 16:00:00,77.12,77.19384
2019-12-25 17:00:00,77.12,77.19394
2019-12-25 18:00:00,77.11,77.19184
2019-12-25 19:00:00,77.11,77.175446
2019-12-25 20:00:00,77.12,77.18538
2019-12-25 21:00:00,77.12,77.18371
2019-12-25 22:00:00,77.12,77.195786
2019-12-25 23:00:00,77.12,77.18729
2019-12-26 00:00:00,77.12,77.19749
2019-12-26 01:00:00,77.12,77.20077
2019-12-26 02:00:00,77.12,77.20754
2019-12-26 03:00:00,77.13,77.20516
2019-12-26 04:00:00,77.13,77.20823
2019-12-26 05:00:00,77.13,77.20706
2019-12-26 06:00:00,77.13,77.19369
2019-12-26 07:00:00,77.13,77.21113
2019-12-26 08:00:00,77.13,77.20862
2019-12-26 09:00:00,77.13,77.21506
2019-12-26 10:00:00,77.12,77.22976
2019-12-26 11:00:00,77.12,77.23868
2019-12-26 12:00:00,77.12,77.23385
2019-12-26 13:00:00,77.12,77.2435
2019-12-26 14:00:00,77.12,77.22876
2019-12-26 15:00:00,77.12,77.21256
2019-12-26 16:00:00,77.12,77.228806
2019-12-26 17:00:00,77.11,77.20443
2019-12-26 18:00:00,77.11,77.20518
2019-12-26 19:00:00,77.11,77.207756
2019-12-26 20:00:00,77.11,77.207405
2019-12-26 21:00:00,77.11,77.207436
2019-12-26 22:00:00,77.1,77.2104
2019-12-26 23:00:00,77.1,77.21836
2019-12-27 00:00:00,77.1,77.22563
2019-12-27 01:00:00,77.1,77.2226
2019-12-27 02:00:00,77.1,77.20764
2019-12-27 03:00:00,77.1,77.19531
2019-12-27 04:00:00,77.1,77.20899
2019-12-27 05:00:00,77.1,77.207695
2019-12-27 06:00:00,77.1,77.19831
2019-12-27 07:00:00,77.1,77.21559
2019-12-27 08:00:00,77.1,77.22345
2019-12-27 09:00:00,77.1,77.22068
2019-12-27 10:00:00,77.1,77.23648
2019-12-27 11:00:00,77.1,77.2335
2019-12-27 12:00:00,77.1,77.22444
2019-12-27 13:00:00,77.1,77.23081
2019-12-27 14:00:00,77.1,77.23852
2019-12-27 15:00:00,77.1,77.23527
2019-12-27 16:00:00,77.1,77.23423
2019-12-27 17:00:00,77.1,77.22747
2019-12-27 18:00:00,77.1,77.22836
2019-12-27 19:00:00,77.1,77.226524
2019-12-27 20:00:00,77.09,77.23182
2019-12-27 21:00:00,77.09,77.229034
2019-12-27 22:00:00,77.09,77.22773
2019-12-27 23:00:00,77.09,77.22453
2019-12-28 00:00:00,77.09,77.220665
2019-12-28 01:00:00,77.09,77.20823
2019-12-28 02:00:00,77.09,77.21611
2019-12-28 03:00:00,77.09,77.216385
2019-12-28 04:00:00,77.09,77.21846
2019-12-28 05:00:00,77.09,77.21914
2019-12-28 06:00:00,77.09,77.219505
2019-12-28 07:00:00,77.09,77.21492
2019-12-28 08:00:00,77.09,77.21059
2019-12-28 09:00:00,77.09,77.210175
2019-12-28 10:00:00,77.09,77.219
2019-12-28 11:00:00,77.09,77.216225
2019-12-28 12:00:00,77.09,77.21457
2019-12-28 13:00:00,77.09,77.20957
2019-12-28 14:00:00,77.09,77.20749
2019-12-28 15:00:00,77.1,77.198685
2019-12-28 16:00:00,77.1,77.20772
2019-12-28 17:00:00,77.09,77.205414
2019-12-28 18:00:00,77.09,77.207565
2019-12-28 19:00:00,77.09,77.20845
2019-12-28 20:00:00,77.09,77.21741
2019-12-28 21:00:00,77.09,77.219086
2019-12-28 22:00:00,77.09,77.21933
2019-12-28 23:00:00,77.09,77.213806
2019-12-29 00:00:00,77.09,77.21525
2019-12-29 01:00:00,77.09,77.21211
2019-12-29 02:00:00,77.09,77.212105
2019-12-29 03:00:00,77.09,77.20635
2019-12-29 04:00:00,77.09,77.20813
2019-12-29 05:00:00,77.09,77.20432
2019-12-29 06:00:00,77.09,77.21065
2019-12-29 07:00:00,77.09,77.20961
2019-12-29 08:00:00,77.09,77.20602
2019-12-29 09:00:00,77.09,77.21624
2019-12-29 10:00:00,77.09,77.215805
2019-12-29 11:00:00,77.09,77.21354
2019-12-29 12:00:00,77.09,77.21276
2019-12-29 13:00:00,77.09,77.21898
2019-12-29 14:00:00,77.09,77.22377
2019-12-29 15:00:00,77.09,77.22555
2019-12-29 16:00:00,77.09,77.22856
2019-12-29 17:00:00,77.09,77.20211
2019-12-29 18:00:00,77.09,77.20886
2019-12-29 19:00:00,77.1,77.22016
2019-12-29 20:00:00,77.1,77.188965
2019-12-29 21:00:00,77.1,77.17522
2019-12-29 22:00:00,77.11,77.251526
2019-12-29 23:00:00,77.11,77.181725
2019-12-30 00:00:00,77.11,77.18934
2019-12-30 01:00:00,77.12,77.20728
2019-12-30 02:00:00,77.12,77.19862
2019-12-30 03:00:00,77.12,77.20156
2019-12-30 04:00:00,77.12,77.20107
2019-12-30 05:00:00,77.12,77.206345
2019-12-30 06:00:00,77.12,77.20995
2019-12-30 07:00:00,77.13,77.20933
2019-12-30 08:00:00,77.13,77.21153
2019-12-30 09:00:00,77.13,77.21141
2019-12-30 10:00:00,77.13,77.21195
2019-12-30 11:00:00,77.13,77.18754
2019-12-30 12:00:00,77.13,77.2249
2019-12-30 13:00:00,77.13,77.22219
2019-12-30 14:00:00,77.13,77.21011
2019-12-30 15:00:00,77.13,77.23423
2019-12-30 16:00:00,77.13,77.22169
2019-12-30 17:00:00,77.13,77.22325
2019-12-30 18:00:00,77.13,77.21779
2019-12-30 19:00:00,77.13,77.20902
2019-12-30 20:00:00,77.13,77.21943
2019-12-30 21:00:00,77.13,77.264366
2019-12-30 22:00:00,77.13,77.2576
2019-12-30 23:00:00,77.13,77.20915
2019-12-31 00:00:00,77.12,77.22277
2019-12-31 01:00:00,77.13,77.23011
2019-12-31 02:00:00,77.12,77.20753
2019-12-31 03:00:00,77.12,77.199066
2019-12-31 04:00:00,77.12,77.198456
2019-12-31 05:00:00,77.12,77.19
2019-12-31 06:00:00,77.12,77.18868
2019-12-31 07:00:00,77.12,77.194534
2019-12-31 08:00:00,77.12,77.20127
2019-12-31 09:00:00,77.12,77.212456
2019-12-31 10:00:00,77.12,77.20065
2019-12-31 11:00:00,77.12,77.20784
2019-12-31 12:00:00,77.12,77.20373
2019-12-31 13:00:00,77.12,77.20783
2019-12-31 14:00:00,77.12,77.21086
2019-12-31 15:00:00,77.12,77.21699
2019-12-31 16:00:00,77.12,77.217445
2019-12-31 17:00:00,77.12,77.21284
2019-12-31 18:00:00,77.12,77.20979
2019-12-31 19:00:00,77.12,77.20688
2019-12-31 20:00:00,77.12,77.19981
2019-12-31 21:00:00,77.12,77.200195
2019-12-31 22:00:00,77.12,77.191185
2019-12-31 23:00:00,77.11,77.19218
2020-01-01 00:00:00,77.11,77.19435
2020-01-01 01:00:00,77.11,77.196625
2020-01-01 02:00:00,77.11,77.198296
2020-01-01 03:00:00,77.11,77.20107
2020-01-01 04:00:00,77.11,77.19996
2020-01-01 05:00:00,77.11,77.20361
2020-01-01 06:00:00,77.12,77.202065
2020-01-01 07:00:00,77.11,77.18635
2020-01-01 08:00:00,77.11,77.18495
2020-01-01 09:00:00,77.11,77.17747
2020-01-01 10:00:00,77.11,77.18311
2020-01-01 11:00:00,77.11,77.18611
2020-01-01 12:00:00,77.11,77.18847
2020-01-01 13:00:00,77.11,77.188736
2020-01-01 14:00:00,77.11,77.19281
2020-01-01 15:00:00,77.11,77.189354
2020-01-01 16:00:00,77.11,77.19196
2020-01-01 17:00:00,77.11,77.19041
2020-01-01 18:00:00,77.1,77.19008
2020-01-01 19:00:00,77.1,77.191765
2020-01-01 20:00:00,77.1,77.19329
2020-01-01 21:00:00,77.1,77.1812
2020-01-01 22:00:00,77.1,77.19171
2020-01-01 23:00:00,77.1,77.19152
2020-01-02 00:00:00,77.1,77.1951
2020-01-02 01:00:00,77.1,77.192795
2020-01-02 02:00:00,77.1,77.189064
2020-01-02 03:00:00,77.1,77.19442
2020-01-02 04:00:00,77.1,77.195755
2020-01-02 05:00:00,77.1,77.19228
2020-01-02 06:00:00,77.1,77.1955
2020-01-02 07:00:00,77.1,77.19457
2020-01-02 08:00:00,77.1,77.193565
2020-01-02 09:00:00,77.1,77.196335
2020-01-02 10:00:00,77.1,77.20377
2020-01-02 11:00:00,77.1,77.20451
2020-01-02 12:00:00,77.1,77.20079
2020-01-02 13:00:00,77.1,77.19797
2020-01-02 14:00:00,77.1,77.204834
2020-01-02 15:00:00,77.1,77.21416
2020-01-02 16:00:00,77.1,77.210495
2020-01-02 17:00:00,77.1,77.2053
2020-01-02 18:00:00,77.1,77.20603
2020-01-02 19:00:00,77.09,77.209625
2020-01-02 20:00:00,77.09,77.208855
2020-01-02 21:00:00,77.09,77.20224
2020-01-02 22:00:00,77.09,77.19175
2020-01-02 23:00:00,77.09,77.193306
2020-01-03 00:00:00,77.09,77.18172
2020-01-03 01:00:00,77.09,77.185135
2020-01-03 02:00:00,77.09,77.198364
2020-01-03 03:00:00,77.09,77.2009
2020-01-03 04:00:00,77.09,77.2063
2020-01-03 05:00:00,77.09,77.20195
2020-01-03 06:00:00,77.09,77.2019
2020-01-03 07:00:00,77.09,77.189705
2020-01-03 08:00:00,77.09,77.19731
2020-01-03 09:00:00,77.09,77.192924
2020-01-03 10:00:00,77.09,77.19853
2020-01-03 11:00:00,77.1,77.19578
2020-01-03 12:00:00,77.09,77.19644
2020-01-03 13:00:00,77.09,77.1978
2020-01-03 14:00:00,77.09,77.20446
2020-01-03 15:00:00,77.1,77.20937
2020-01-03 16:00:00,77.1,77.21065
2020-01-03 17:00:00,77.09,77.21158
2020-01-03 18:00:00,77.09,77.21404
2020-01-03 19:00:00,77.09,77.20925
2020-01-03 20:00:00,77.09,77.2096
2020-01-03 21:00:00,77.09,77.202034
2020-01-03 22:00:00,77.09,77.21275
2020-01-03 23:00:00,77.09,77.20854
2020-01-04 00:00:00,77.09,77.208084
2020-01-04 01:00:00,77.09,77.223885
2020-01-04 02:00:00,77.09,77.22855
2020-01-04 03:00:00,77.09,77.206924
2020-01-04 04:00:00,77.09,77.20875
2020-01-04 05:00:00,77.09,77.20436
2020-01-04 06:00:00,77.09,77.19666
2020-01-04 07:00:00,77.09,77.18566
2020-01-04 08:00:00,77.09,77.20172
2020-01-04 09:00:00,77.09,77.21861
2020-01-04 10:00:00,77.09,77.217155
2020-01-04 11:00:00,77.09,77.220314
2020-01-04 12:00:00,77.09,77.209885
2020-01-04 13:00:00,77.09,77.1999
2020-01-04 14:00:00,77.09,77.205345
2020-01-04 15:00:00,77.1,77.21633
2020-01-04 16:00:00,77.1,77.21953
2020-01-04 17:00:00,77.09,77.21153
2020-01-04 18:00:00,77.09,77.2187
2020-01-04 19:00:00,77.09,77.22027
2020-01-04 20:00:00,77.09,77.217995
2020-01-04 21:00:00,77.09,77.214134
2020-01-04 22:00:00,77.09,77.21155
2020-01-04 23:00:00,77.09,77.21202
2020-01-05 00:00:00,77.09,77.21887
2020-01-05 01:00:00,77.09,77.20302
2020-01-05 02:00:00,77.09,77.2055
2020-01-05 03:00:00,77.09,77.19613
2020-01-05 04:00:00,77.09,77.194405
2020-01-05 05:00:00,77.09,77.18974
2020-01-05 06:00:00,77.09,77.196655
2020-01-05 07:00:00,77.09,77.20302
2020-01-05 08:00:00,77.09,77.201355
2020-01-05 09:00:00,77.09,77.20509
2020-01-05 10:00:00,77.09,77.2086
2020-01-05 11:00:00,77.09,77.21381
2020-01-05 12:00:00,77.09,77.205605
2020-01-05 13:00:00,77.09,77.19371
2020-01-05 14:00:00,77.09,77.18365
2020-01-05 15:00:00,77.09,77.18146
2020-01-05 16:00:00,77.09,77.18102
2020-01-05 17:00:00,77.09,77.175
2020-01-05 18:00:00,77.09,77.18304
2020-01-05 19:00:00,77.09,77.174995
2020-01-05 20:00:00,77.09,77.18402
2020-01-05 21:00:00,77.09,77.185455
2020-01-05 22:00:00,77.09,77.18766
2020-01-05 23:00:00,77.09,77.19231
2020-01-06 00:00:00,77.09,77.18978
2020-01-06 01:00:00,77.09,77.19165
2020-01-06 02:00:00,77.09,77.18994
2020-01-06 03:00:00,77.09,77.19142
2020-01-06 04:00:00,77.09,77.190765
2020-01-06 05:00:00,77.09,77.19011
2020-01-06 06:00:00,77.09,77.19481
2020-01-06 07:00:00,77.09,77.1984
2020-01-06 08:00:00,77.09,77.19833
2020-01-06 09:00:00,77.09,77.20817
2020-01-06 10:00:00,77.09,77.21503
2020-01-06 11:00:00,77.09,77.20567
2020-01-06 12:00:00,77.09,77.19615
2020-01-06 13:00:00,77.09,77.19814
2020-01-06 14:00:00,77.09,77.165306
2020-01-06 15:00:00,77.1,77.17434
2020-01-06 16:00:00,77.1,77.23698
2020-01-06 17:00:00,77.1,77.18242
2020-01-06 18:00:00,77.1,77.176315
2020-01-06 19:00:00,77.1,77.22743
2020-01-06 20:00:00,77.11,77.17309
2020-01-06 21:00:00,77.11,77.17998
2020-01-06 22:00:00,77.12,77.21855
2020-01-06 23:00:00,77.12,77.18319
2020-01-07 00:00:00,77.13,77.17842
2020-01-07 01:00:00,77.14,77.30922
2020-01-07 02:00:00,77.14,77.18426
2020-01-07 03:00:00,77.15,77.18077
2020-01-07 04:00:00,77.16,77.30416
2020-01-07 05:00:00,77.17,77.18229
2020-01-07 06:00:00,77.18,77.181816
2020-01-07 07:00:00,77.19,77.21091
2020-01-07 08:00:00,77.2,77.201225
2020-01-07 09:00:00,77.2,77.23969
2020-01-07 10:00:00,77.21,77.24485
2020-01-07 11:00:00,77.22,77.22773
2020-01-07 12:00:00,77.23,77.21681
2020-01-07 13:00:00,77.24,77.227196
2020-01-07 14:00:00,77.25,77.23676
2020-01-07 15:00:00,77.26,77.274315
2020-01-07 16:00:00,77.26,77.27847
2020-01-07 17:00:00,77.27,77.27223
2020-01-07 18:00:00,77.28,77.29407
2020-01-07 19:00:00,77.29,77.313835
2020-01-07 20:00:00,77.29,77.316185
2020-01-07 21:00:00,77.3,77.332596
2020-01-07 22:00:00,77.31,77.53894
2020-01-07 23:00:00,77.32,77.39783
2020-01-08 00:00:00,77.33,77.3977
2020-01-08 01:00:00,77.34,77.401146
2020-01-08 02:00:00,77.34,77.37001
2020-01-08 03:00:00,77.35,77.32764
2020-01-08 04:00:00,77.35,77.30016
2020-01-08 05:00:00,77.36,77.29418
2020-01-08 06:00:00,77.37,77.29902
2020-01-08 07:00:00,77.37,77.29233
2020-01-08 08:00:00,77.38,77.27819
2020-01-08 09:00:00,77.38,77.28414
2020-01-08 10:00:00,77.39,77.28991
2020-01-08 11:00:00,77.39,77.322365
2020-01-08 12:00:00,77.39,77.27198
2020-01-08 13:00:00,77.4,77.2631
2020-01-08 14:00:00,77.4,77.24514
2020-01-08 15:00:00,77.4,77.238976
2020-01-08 16:00:00,77.4,77.237206
2020-01-08 17:00:00,77.41,77.24648
2020-01-08 18:00:00,77.41,77.23718
2020-01-08 19:00:00,77.41,77.25563
2020-01-08 20:00:00,77.41,77.23239
2020-01-08 21:00:00,77.41,77.231674
2020-01-08 22:00:00,77.41,77.216324
2020-01-08 23:00:00,77.41,77.212006
2020-01-09 00:00:00,77.42,77.2137
2020-01-09 01:00:00,77.42,77.224304
2020-01-09 02:00:00,77.42,77.21977
2020-01-09 03:00:00,77.42,77.22736
2020-01-09 04:00:00,77.42,77.22982
2020-01-09 05:00:00,77.42,77.2243
2020-01-09 06:00:00,77.42,77.22444
2020-01-09 07:00:00,77.43,77.241905
2020-01-09 08:00:00,77.42,77.22884
2020-01-09 09:00:00,77.43,77.22661
2020-01-09 10:00:00,77.43,77.228134
2020-01-09 11:00:00,77.43,77.21267
2020-01-09 12:00:00,77.43,77.2084
2020-01-09 13:00:00,77.43,77.21738
2020-01-09 14:00:00,77.43,77.21995
2020-01-09 15:00:00,77.43,77.21981
2020-01-09 16:00:00,77.43,77.218704
2020-01-09 17:00:00,77.42,77.219505
2020-01-09 18:00:00,77.42,77.20705
2020-01-09 19:00:00,77.42,77.22653
2020-01-09 20:00:00,77.42,77.21613
2020-01-09 21:00:00,77.42,77.20039
2020-01-09 22:00:00,77.41,77.19838
2020-01-09 23:00:00,77.41,77.20578
2020-01-10 00:00:00,77.41,77.20442
2020-01-10 01:00:00,77.41,77.20603
2020-01-10 02:00:00,77.41,77.200745
2020-01-10 03:00:00,77.41,77.207756
2020-01-10 04:00:00,77.41,77.211945
2020-01-10 05:00:00,77.41,77.221634
2020-01-10 06:00:00,77.41,77.23184
2020-01-10 07:00:00,77.41,77.224174
2020-01-10 08:00:00,77.41,77.23072
2020-01-10 09:00:00,77.4,77.23056
2020-01-10 10:00:00,77.4,77.23205
2020-01-10 11:00:00,77.4,77.22204
2020-01-10 12:00:00,77.4,77.20609
2020-01-10 13:00:00,77.4,77.18384
2020-01-10 14:00:00,77.4,77.17985
2020-01-10 15:00:00,77.4,77.17279
2020-01-10 16:00:00,77.4,77.1844
2020-01-10 17:00:00,77.4,77.166084
2020-01-10 18:00:00,77.39,77.18926
2020-01-10 19:00:00,77.39,77.19466
2020-01-10 20:00:00,77.39,77.17672
2020-01-10 21:00:00,77.39,77.1956
2020-01-10 22:00:00,77.39,77.19221
2020-01-10 23:00:00,77.39,77.19533
2020-01-11 00:00:00,77.38,77.19247
2020-01-11 01:00:00,77.38,77.19261
2020-01-11 02:00:00,77.38,77.19542
2020-01-11 03:00:00,77.38,77.18906
2020-01-11 04:00:00,77.38,77.19067
2020-01-11 05:00:00,77.38,77.18446
2020-01-11 06:00:00,77.38,77.18878
2020-01-11 07:00:00,77.38,77.190216
2020-01-11 08:00:00,77.38,77.19259
2020-01-11 09:00:00,77.38,77.20146
2020-01-11 10:00:00,77.38,77.20012
2020-01-11 11:00:00,77.38,77.198044
2020-01-11 12:00:00,77.38,77.19124
2020-01-11 13:00:00,77.38,77.19025
2020-01-11 14:00:00,77.38,77.19696
2020-01-11 15:00:00,77.38,77.20097
2020-01-11 16:00:00,77.37,77.19947
2020-01-11 17:00:00,77.37,77.2021
2020-01-11 18:00:00,77.37,77.20444
2020-01-11 19:00:00,77.37,77.20389
2020-01-11 20:00:00,77.36,77.20354
2020-01-11 21:00:00,77.36,77.20742
2020-01-11 22:00:00,77.36,77.20313
2020-01-11 23:00:00,77.36,77.201996
2020-01-12 00:00:00,77.36,77.201675
2020-01-12 01:00:00,77.36,77.19483
2020-01-12 02:00:00,77.36,77.2074
2020-01-12 03:00:00,77.35,77.21537
2020-01-12 04:00:00,77.35,77.19512
2020-01-12 05:00:00,77.35,77.19375
2020-01-12 06:00:00,77.35,77.19472
2020-01-12 07:00:00,77.35,77.20792
2020-01-12 08:00:00,77.35,77.1921
2020-01-12 09:00:00,77.35,77.19452
2020-01-12 10:00:00,77.35,77.20253
2020-01-12 11:00:00,77.35,77.20688
2020-01-12 12:00:00,77.35,77.210365
2020-01-12 13:00:00,77.35,77.2148
2020-01-12 14:00:00,77.34,77.20688
2020-01-12 15:00:00,77.34,77.20617
2020-01-12 16:00:00,77.34,77.20541
2020-01-12 17:00:00,77.34,77.206604
2020-01-12 18:00:00,77.33,77.205925
2020-01-12 19:00:00,77.33,77.21002
2020-01-12 20:00:00,77.33,77.210045
2020-01-12 21:00:00,77.33,77.21519
2020-01-12 22:00:00,77.33,77.20769
2020-01-12 23:00:00,77.32,77.20516
2020-01-13 00:00:00,77.32,77.21069
2020-01-13 01:00:00,77.32,77.198456
2020-01-13 02:00:00,77.32,77.193016
2020-01-13 03:00:00,77.32,77.2034
2020-01-13 04:00:00,77.32,77.19561
2020-01-13 05:00:00,77.32,77.20283
2020-01-13 06:00:00,77.32,77.216194
2020-01-13 07:00:00,77.32,77.21393
2020-01-13 08:00:00,77.32,77.19913
2020-01-13 09:00:00,77.32,77.2158
2020-01-13 10:00:00,77.32,77.21207
2020-01-13 11:00:00,77.31,77.21454
2020-01-13 12:00:00,77.31,77.211876
2020-01-13 13:00:00,77.31,77.20544
2020-01-13 14:00:00,77.31,77.20555
2020-01-13 15:00:00,77.31,77.20423
2020-01-13 16:00:00,77.31,77.21074
2020-01-13 17:00:00,77.31,77.20649
2020-01-13 18:00:00,77.31,77.22727
2020-01-13 19:00:00,77.3,77.22307
2020-01-13 20:00:00,77.3,77.21756
2020-01-13 21:00:00,77.3,77.21885
2020-01-13 22:00:00,77.3,77.20788
2020-01-13 23:00:00,77.3,77.2114
2020-01-14 00:00:00,77.3,77.21862
2020-01-14 01:00:00,77.29,77.227554
2020-01-14 02:00:00,77.29,77.22025
2020-01-14 03:00:00,77.29,77.219025
2020-01-14 04:00:00,77.29,77.21161
2020-01-14 05:00:00,77.29,77.20803
2020-01-14 06:00:00,77.29,77.20862
2020-01-14 07:00:00,77.29,77.20989
2020-01-14 08:00:00,77.29,77.20664
2020-01-14 09:00:00,77.29,77.20065
2020-01-14 10:00:00,77.29,77.213524
2020-01-14 11:00:00,77.29,77.21137
2020-01-14 12:00:00,77.29,77.20323
2020-01-14 13:00:00,77.29,77.2015
2020-01-14 14:00:00,77.29,77.197845
2020-01-14 15:00:00,77.29,77.19486
2020-01-14 16:00:00,77.29,77.19333
2020-01-14 17:00:00,77.28,77.19418
2020-01-14 18:00:00,77.28,77.194435
2020-01-14 19:00:00,77.28,77.19082
2020-01-14 20:00:00,77.27,77.19714
2020-01-14 21:00:00,77.27,77.20222
2020-01-14 22:00:00,77.27,77.20267
2020-01-14 23:00:00,77.27,77.20748
2020-01-15 00:00:00,77.27,77.21571
2020-01-15 01:00:00,77.27,77.21415
2020-01-15 02:00:00,77.27,77.17184
2020-01-15 03:00:00,77.27,77.20523
2020-01-15 04:00:00,77.27,77.19159
2020-01-15 05:00:00,77.27,77.20036
2020-01-15 06:00:00,77.27,77.196785
2020-01-15 07:00:00,77.27,77.18521
2020-01-15 08:00:00,77.27,77.186295
2020-01-15 09:00:00,77.27,77.19101
2020-01-15 10:00:00,77.27,77.18547
2020-01-15 11:00:00,77.27,77.186066
2020-01-15 12:00:00,77.27,77.1869
2020-01-15 13:00:00,77.27,77.19151
2020-01-15 14:00:00,77.27,77.191895
2020-01-15 15:00:00,77.26,77.20109
2020-01-15 16:00:00,77.26,77.19507
2020-01-15 17:00:00,77.26,77.19357
2020-01-15 18:00:00,77.26,77.19952
2020-01-15 19:00:00,77.25,77.20237
2020-01-15 20:00:00,77.25,77.210236
2020-01-15 21:00:00,77.25,77.20788
2020-01-15 22:00:00,77.25,77.2076
2020-01-15 23:00:00,77.25,77.211296
2020-01-16 00:00:00,77.25,77.2027
2020-01-16 01:00:00,77.25,77.212234
2020-01-16 02:00:00,77.25,77.21969
2020-01-16 03:00:00,77.25,77.21952
2020-01-16 04:00:00,77.25,77.19967
2020-01-16 05:00:00,77.25,77.19948
2020-01-16 06:00:00,77.25,77.195114
2020-01-16 07:00:00,77.25,77.197334
2020-01-16 08:00:00,77.25,77.19781
2020-01-16 09:00:00,77.25,77.2036
2020-01-16 10:00:00,77.25,77.20185
2020-01-16 11:00:00,77.25,77.19532
2020-01-16 12:00:00,77.25,77.19393
2020-01-16 13:00:00,77.25,77.189964
2020-01-16 14:00:00,77.25,77.18827
2020-01-16 15:00:00,77.25,77.16471
2020-01-16 16:00:00,77.25,77.16546
2020-01-16 17:00:00,77.24,77.16496
2020-01-16 18:00:00,77.24,77.15965
2020-01-16 19:00:00,77.24,77.14883
2020-01-16 20:00:00,77.24,77.14749
2020-01-16 21:00:00,77.24,77.175934
2020-01-16 22:00:00,77.24,77.179375
2020-01-16 23:00:00,77.24,77.17706
2020-01-17 00:00:00,77.24,77.174774
2020-01-17 01:00:00,77.24,77.1709
2020-01-17 02:00:00,77.24,77.17179
2020-01-17 03:00:00,77.23,77.16812
2020-01-17 04:00:00,77.23,77.17253
2020-01-17 05:00:00,77.23,77.17213
2020-01-17 06:00:00,77.23,77.16847
2020-01-17 07:00:00,77.23,77.17549
2020-01-17 08:00:00,77.23,77.17048
2020-01-17 09:00:00,77.23,77.16423
2020-01-17 10:00:00,77.23,77.160484
2020-01-17 11:00:00,77.24,77.167305
2020-01-17 12:00:00,77.23,77.166626
2020-01-17 13:00:00,77.23,77.16638
2020-01-17 14:00:00,77.23,77.165085
2020-01-17 15:00:00,77.23,77.14497
2020-01-17 16:00:00,77.23,77.14994
2020-01-17 17:00:00,77.23,77.16668
2020-01-17 18:00:00,77.23,77.14755
2020-01-17 19:00:00,77.23,77.14955
2020-01-17 20:00:00,77.22,77.159134
2020-01-17 21:00:00,77.22,77.16607
2020-01-17 22:00:00,77.22,77.17423
2020-01-17 23:00:00,77.22,77.176025
2020-01-18 00:00:00,77.22,77.17349
2020-01-18 01:00:00,77.22,77.17359
2020-01-18 02:00:00,77.22,77.173065
2020-01-18 03:00:00,77.22,77.17315
2020-01-18 04:00:00,77.22,77.17326
2020-01-18 05:00:00,77.22,77.17288
2020-01-18 06:00:00,77.22,77.17132
2020-01-18 07:00:00,77.22,77.16771
2020-01-18 08:00:00,77.22,77.16739
2020-01-18 09:00:00,77.22,77.168434
2020-01-18 10:00:00,77.22,77.1656
2020-01-18 11:00:00,77.22,77.16672
2020-01-18 12:00:00,77.22,77.16637
2020-01-18 13:00:00,77.22,77.1649
2020-01-18 14:00:00,77.22,77.164536
2020-01-18 15:00:00,77.22,77.16187
2020-01-18 16:00:00,77.22,77.16091
2020-01-18 17:00:00,77.22,77.1618
2020-01-18 18:00:00,77.21,77.16548
2020-01-18 19:00:00,77.21,77.171906
2020-01-18 20:00:00,77.21,77.179794
2020-01-18 21:00:00,77.21,77.18831
2020-01-18 22:00:00,77.21,77.192024
2020-01-18 23:00:00,77.21,77.18856
2020-01-19 00:00:00,77.21,77.18458
2020-01-19 01:00:00,77.21,77.203575
2020-01-19 02:00:00,77.21,77.20866
2020-01-19 03:00:00,77.21,77.20558
2020-01-19 04:00:00,77.21,77.18067
2020-01-19 05:00:00,77.21,77.17754
2020-01-19 06:00:00,77.21,77.19033
2020-01-19 07:00:00,77.21,77.19442
2020-01-19 08:00:00,77.21,77.19673
2020-01-19 09:00:00,77.21,77.19477
2020-01-19 10:00:00,77.21,77.212456
2020-01-19 11:00:00,77.21,77.21403
2020-01-19 12:00:00,77.21,77.205956
2020-01-19 13:00:00,77.21,77.20014
2020-01-19 14:00:00,77.21,77.21967
2020-01-19 15:00:00,77.21,77.20597
2020-01-19 16:00:00,77.21,77.223335
2020-01-19 17:00:00,77.2,77.19367
2020-01-19 18:00:00,77.2,77.20513
2020-01-19 19:00:00,77.2,77.20698
2020-01-19 20:00:00,77.2,77.19856
2020-01-19 21:00:00,77.2,77.2038
2020-01-19 22:00:00,77.2,77.21364
2020-01-19 23:00:00,77.2,77.22272
2020-01-20 00:00:00,77.2,77.218315
2020-01-20 01:00:00,77.2,77.21335
2020-01-20 02:00:00,77.2,77.21269
2020-01-20 03:00:00,77.2,77.19867
2020-01-20 04:00:00,77.2,77.20855
2020-01-20 05:00:00,77.2,77.22185
2020-01-20 06:00:00,77.2,77.21818
2020-01-20 07:00:00,77.19,77.20636
2020-01-20 08:00:00,77.19,77.208984
2020-01-20 09:00:00,77.19,77.218864
2020-01-20 10:00:00,77.19,77.218155
2020-01-20 11:00:00,77.2,77.204956
2020-01-20 12:00:00,77.19,77.20237
2020-01-20 13:00:00,77.19,77.202515
2020-01-20 14:00:00,77.19,77.203094
2020-01-20 15:00:00,77.19,77.199135
2020-01-20 16:00:00,77.19,77.19744
2020-01-20 17:00:00,77.19,77.197914
2020-01-20 18:00:00,77.19,77.199905
2020-01-20 19:00:00,77.18,77.19487
2020-01-20 20:00:00,77.18,77.20317
2020-01-20 21:00:00,77.18,77.20923
2020-01-20 22:00:00,77.18,77.21515
2020-01-20 23:00:00,77.18,77.197334
2020-01-21 00:00:00,77.18,77.19951
2020-01-21 01:00:00,77.18,77.19086
2020-01-21 02:00:00,77.18,77.19336
2020-01-21 03:00:00,77.18,77.19731
2020-01-21 04:00:00,77.18,77.197334
2020-01-21 05:00:00,77.18,77.20306
2020-01-21 06:00:00,77.18,77.205444
2020-01-21 07:00:00,77.18,77.18382
2020-01-21 08:00:00,77.18,77.18564
2020-01-21 09:00:00,77.18,77.178345
2020-01-21 10:00:00,77.18,77.18743
2020-01-21 11:00:00,77.18,77.19678
2020-01-21 13:00:00,77.18,77.19031
2020-01-21 14:00:00,77.18,77.17709
2020-01-21 15:00:00,77.18,77.178246
2020-01-21 16:00:00,77.18,77.169655
2020-01-21 17:00:00,77.18,77.169655
2020-01-21 18:00:00,77.18,77.17064
2020-01-21 19:00:00,77.17,77.15892
2020-01-21 20:00:00,77.17,77.16951
2020-01-21 21:00:00,77.17,77.16872
2020-01-21 22:00:00,77.17,77.17193
2020-01-21 23:00:00,77.17,77.1795
2020-01-22 00:00:00,77.17,77.179924
2020-01-22 01:00:00,77.17,77.18858
2020-01-22 02:00:00,77.17,77.18824
2020-01-22 03:00:00,77.17,77.18724
2020-01-22 04:00:00,77.17,77.18857
2020-01-22 05:00:00,77.17,77.18977
2020-01-22 06:00:00,77.17,77.18815
2020-01-22 07:00:00,77.17,77.189705
2020-01-22 08:00:00,77.17,77.194435
2020-01-22 09:00:00,77.17,77.19851
2020-01-22 10:00:00,77.17,77.202446
2020-01-22 11:00:00,77.17,77.210434
2020-01-22 12:00:00,77.17,77.20746
2020-01-22 13:00:00,77.17,77.198875
2020-01-22 14:00:00,77.17,77.19743
2020-01-22 15:00:00,77.17,77.19257
2020-01-22 16:00:00,77.17,77.21487
2020-01-22 17:00:00,77.17,77.179115
2020-01-22 18:00:00,77.17,77.17641
2020-01-22 19:00:00,77.17,77.221016
2020-01-22 20:00:00,77.17,77.1804
2020-01-22 21:00:00,77.17,77.18121
2020-01-22 22:00:00,77.17,77.25638
2020-01-22 23:00:00,77.17,77.17458
2020-01-23 00:00:00,77.18,77.17472
2020-01-23 01:00:00,77.18,77.215744
2020-01-23 02:00:00,77.18,77.18472
2020-01-23 03:00:00,77.18,77.154015
2020-01-23 04:00:00,77.19,77.21234
2020-01-23 05:00:00,77.19,77.18526
2020-01-23 06:00:00,77.19,77.19884
2020-01-23 07:00:00,77.2,77.20038
2020-01-23 08:00:00,77.2,77.17771
2020-01-23 09:00:00,77.2,77.20655
2020-01-23 10:00:00,77.2,77.21037
2020-01-23 11:00:00,77.2,77.18689
2020-01-23 12:00:00,77.2,77.20133
2020-01-23 13:00:00,77.2,77.19905
2020-01-23 14:00:00,77.2,77.198555
2020-01-23 15:00:00,77.2,77.19553
2020-01-23 16:00:00,77.2,77.215675
2020-01-23 17:00:00,77.2,77.2089
2020-01-23 18:00:00,77.2,77.22973
2020-01-23 19:00:00,77.2,77.216385
2020-01-23 20:00:00,77.2,77.20533
2020-01-23 21:00:00,77.2,77.23372
2020-01-23 22:00:00,77.2,77.225975
2020-01-23 23:00:00,77.2,77.21765
2020-01-24 00:00:00,77.2,77.21827
2020-01-24 01:00:00,77.2,77.21781
2020-01-24 02:00:00,77.2,77.196945
2020-01-24 03:00:00,77.2,77.21862
2020-01-24 04:00:00,77.2,77.1986
2020-01-24 05:00:00,77.2,77.21678
2020-01-24 06:00:00,77.2,77.20009
2020-01-24 07:00:00,77.19,77.21643
2020-01-24 08:00:00,77.19,77.22104
2020-01-24 09:00:00,77.19,77.20911
2020-01-24 10:00:00,77.19,77.24196
2020-01-24 11:00:00,77.19,77.221825
2020-01-24 12:00:00,77.19,77.22967
2020-01-24 13:00:00,77.2,77.20894
2020-01-24 14:00:00,77.2,77.20328
2020-01-24 15:00:00,77.2,77.20408
2020-01-24 16:00:00,77.2,77.20439
2020-01-24 17:00:00,77.19,77.20419
2020-01-24 18:00:00,77.19,77.21277
2020-01-24 19:00:00,77.19,77.23772
2020-01-24 20:00:00,77.19,77.2462
2020-01-24 21:00:00,77.18,77.242615
2020-01-24 22:00:00,77.18,77.23773
2020-01-24 23:00:00,77.18,77.2366
2020-01-25 00:00:00,77.18,77.21338
2020-01-25 01:00:00,77.18,77.22521
2020-01-25 02:00:00,77.18,77.22569
2020-01-25 03:00:00,77.18,77.220764
2020-01-25 04:00:00,77.18,77.2116
2020-01-25 05:00:00,77.18,77.20798
2020-01-25 06:00:00,77.18,77.20791
2020-01-25 07:00:00,77.18,77.208755
2020-01-25 08:00:00,77.18,77.20337
2020-01-25 09:00:00,77.18,77.205
2020-01-25 10:00:00,77.18,77.21109
2020-01-25 11:00:00,77.18,77.231476
2020-01-25 12:00:00,77.18,77.24287
2020-01-25 13:00:00,77.18,77.22354
2020-01-25 14:00:00,77.18,77.20234
2020-01-25 15:00:00,77.18,77.20933
2020-01-25 16:00:00,77.18,77.19552
2020-01-25 17:00:00,77.18,77.20724
2020-01-25 18:00:00,77.18,77.220085
2020-01-25 19:00:00,77.18,77.23838
2020-01-25 20:00:00,77.18,77.23598
2020-01-25 21:00:00,77.18,77.23006
2020-01-25 22:00:00,77.18,77.23281
2020-01-25 23:00:00,77.18,77.23396
2020-01-26 00:00:00,77.18,77.23004
2020-01-26 01:00:00,77.18,77.2294
2020-01-26 02:00:00,77.18,77.19003
2020-01-26 03:00:00,77.18,77.209564
2020-01-26 04:00:00,77.18,77.202866
2020-01-26 05:00:00,77.18,77.1967
2020-01-26 06:00:00,77.18,77.19683
2020-01-26 07:00:00,77.18,77.205666
2020-01-26 08:00:00,77.18,77.19764
2020-01-26 09:00:00,77.18,77.20965
2020-01-26 10:00:00,77.18,77.215096
2020-01-26 11:00:00,77.18,77.21283
2020-01-26 12:00:00,77.18,77.23364
2020-01-26 13:00:00,77.18,77.22362
2020-01-26 14:00:00,77.18,77.209335
2020-01-26 15:00:00,77.18,77.2127
2020-01-26 16:00:00,77.18,77.20695
2020-01-26 17:00:00,77.18,77.20561
2020-01-26 18:00:00,77.17,77.21736
2020-01-26 19:00:00,77.17,77.22259
2020-01-26 20:00:00,77.17,77.21552
2020-01-26 21:00:00,77.17,77.19544
2020-01-26 22:00:00,77.17,77.196106
2020-01-26 23:00:00,77.17,77.1957
2020-01-27 00:00:00,77.17,77.19428
2020-01-27 01:00:00,77.17,77.19253
2020-01-27 02:00:00,77.17,77.18861
2020-01-27 03:00:00,77.17,77.19872
2020-01-27 04:00:00,77.17,77.18387
2020-01-27 05:00:00,77.18,77.19304
2020-01-27 06:00:00,77.18,77.20207
2020-01-27 07:00:00,77.18,77.22477
2020-01-27 08:00:00,77.18,77.186806
2020-01-27 09:00:00,77.18,77.19101
2020-01-27 10:00:00,77.18,77.21063
2020-01-27 11:00:00,77.19,77.2237
2020-01-27 12:00:00,77.19,77.215385
2020-01-27 13:00:00,77.19,77.23175
2020-01-27 14:00:00,77.19,77.24134
2020-01-27 15:00:00,77.19,77.25159
2020-01-27 16:00:00,77.19,77.23681
2020-01-27 17:00:00,77.19,77.176155
2020-01-27 18:00:00,77.2,77.17676
2020-01-27 19:00:00,77.2,77.23212
2020-01-27 20:00:00,77.2,77.19692
2020-01-27 21:00:00,77.2,77.20033
2020-01-27 22:00:00,77.21,77.235245
2020-01-27 23:00:00,77.21,77.2021
2020-01-28 00:00:00,77.21,77.19936
2020-01-28 01:00:00,77.21,77.19734
2020-01-28 02:00:00,77.21,77.19242
2020-01-28 03:00:00,77.21,77.20231
2020-01-28 04:00:00,77.22,77.18901
2020-01-28 05:00:00,77.22,77.187294
2020-01-28 06:00:00,77.22,77.1991
2020-01-28 07:00:00,77.22,77.19952
2020-01-28 08:00:00,77.22,77.22713
2020-01-28 09:00:00,77.22,77.239914
2020-01-28 10:00:00,77.22,77.24128
2020-01-28 11:00:00,77.22,77.251976
2020-01-28 12:00:00,77.22,77.23432
2020-01-28 13:00:00,77.22,77.22751
2020-01-28 14:00:00,77.22,77.233406
2020-01-28 15:00:00,77.23,77.22548
2020-01-28 16:00:00,77.22,77.21921
2020-01-28 17:00:00,77.22,77.222084
2020-01-28 18:00:00,77.22,77.2378
2020-01-28 19:00:00,77.22,77.242546
2020-01-28 20:00:00,77.22,77.24647
2020-01-28 21:00:00,77.22,77.21225
2020-01-28 22:00:00,77.22,77.20777
2020-01-28 23:00:00,77.22,77.208496
2020-01-29 00:00:00,77.22,77.18886
2020-01-29 01:00:00,77.22,77.22231
2020-01-29 02:00:00,77.22,77.21342
2020-01-29 03:00:00,77.22,77.21342
2020-01-29 04:00:00,77.22,77.21541
2020-01-29 05:00:00,77.22,77.208115
2020-01-29 06:00:00,77.22,77.22261
2020-01-29 07:00:00,77.23,77.223595
2020-01-29 08:00:00,77.23,77.21358
2020-01-29 09:00:00,77.23,77.18546
2020-01-29 10:00:00,77.23,77.22186
2020-01-29 11:00:00,77.23,77.21974
2020-01-29 12:00:00,77.23,77.25196
2020-01-29 13:00:00,77.23,77.26462
2020-01-29 14:00:00,77.23,77.25725
2020-01-29 15:00:00,77.23,77.25231
2020-01-29 16:00:00,77.23,77.23411
2020-01-29 17:00:00,77.23,77.24521
2020-01-29 18:00:00,77.23,77.247055
2020-01-29 19:00:00,77.23,77.255066
2020-01-29 20:00:00,77.23,77.241585
2020-01-29 21:00:00,77.23,77.257935
2020-01-29 22:00:00,77.24,77.25439
2020-01-29 23:00:00,77.25,77.24772
2020-01-30 00:00:00,77.25,77.22526
2020-01-30 01:00:00,77.25,77.24152
2020-01-30 02:00:00,77.25,77.21522
2020-01-30 03:00:00,77.26,77.22099
2020-01-30 04:00:00,77.26,77.25292
2020-01-30 05:00:00,77.26,77.209595
2020-01-30 06:00:00,77.26,77.249596
2020-01-30 07:00:00,77.26,77.20649
2020-01-30 08:00:00,77.27,77.219925
2020-01-30 09:00:00,77.27,77.199394
2020-01-30 10:00:00,77.27,77.2118
2020-01-30 11:00:00,77.27,77.24703
2020-01-30 12:00:00,77.27,77.23209
2020-01-30 13:00:00,77.27,77.23702
2020-01-30 14:00:00,77.27,77.22495
2020-01-30 15:00:00,77.27,77.21882
2020-01-30 16:00:00,77.27,77.218605
2020-01-30 17:00:00,77.27,77.21368
2020-01-30 18:00:00,77.27,77.20753
2020-01-30 19:00:00,77.27,77.20372
2020-01-30 20:00:00,77.27,77.202095
2020-01-30 21:00:00,77.27,77.18449
2020-01-30 22:00:00,77.27,77.192955
2020-01-30 23:00:00,77.27,77.22351
2020-01-31 00:00:00,77.27,77.18488
2020-01-31 01:00:00,77.27,77.16626
2020-01-31 02:00:00,77.27,77.18038
2020-01-31 03:00:00,77.27,77.21832
2020-01-31 04:00:00,77.27,77.21207
2020-01-31 05:00:00,77.27,77.211395
2020-01-31 06:00:00,77.27,77.20414
2020-01-31 07:00:00,77.27,77.18078
2020-01-31 08:00:00,77.27,77.17849
2020-01-31 09:00:00,77.27,77.193565
2020-01-31 10:00:00,77.27,77.20931
2020-01-31 11:00:00,77.27,77.20233
2020-01-31 12:00:00,77.27,77.21821
2020-01-31 13:00:00,77.26,77.19406
2020-01-31 14:00:00,77.26,77.1927
2020-01-31 15:00:00,77.26,77.20357
2020-01-31 16:00:00,77.26,77.19302
2020-01-31 17:00:00,77.26,77.193085
2020-01-31 18:00:00,77.26,77.20024
2020-01-31 19:00:00,77.26,77.19726
2020-01-31 20:00:00,77.26,77.20429
2020-01-31 21:00:00,77.26,77.21762
2020-01-31 22:00:00,77.26,77.20806
2020-01-31 23:00:00,77.26,77.20905
2020-02-01 00:00:00,77.26,77.21627
2020-02-01 01:00:00,77.26,77.22492
2020-02-01 02:00:00,77.26,77.22329
2020-02-01 03:00:00,77.26,77.21236
2020-02-01 04:00:00,77.26,77.20568
2020-02-01 05:00:00,77.26,77.20333
2020-02-01 06:00:00,77.26,77.19491
2020-02-01 07:00:00,77.26,77.1994
2020-02-01 08:00:00,77.26,77.18064
2020-02-01 09:00:00,77.26,77.19176
2020-02-01 10:00:00,77.26,77.174355
2020-02-01 11:00:00,77.26,77.15662
2020-02-01 12:00:00,77.26,77.17638
2020-02-01 13:00:00,77.26,77.17731
2020-02-01 14:00:00,77.26,77.182175
2020-02-01 15:00:00,77.26,77.1833
2020-02-01 16:00:00,77.26,77.184715
2020-02-01 17:00:00,77.26,77.18024
2020-02-01 18:00:00,77.26,77.18148
2020-02-01 19:00:00,77.26,77.18675
2020-02-01 20:00:00,77.25,77.20209
2020-02-01 21:00:00,77.25,77.19812
2020-02-01 22:00:00,77.25,77.18599
2020-02-01 23:00:00,77.25,77.172714
2020-02-02 00:00:00,77.25,77.15996
2020-02-02 01:00:00,77.25,77.16447
2020-02-02 02:00:00,77.25,77.196434
2020-02-02 03:00:00,77.25,77.164215
2020-02-02 04:00:00,77.25,77.18486
2020-02-02 05:00:00,77.25,77.18692
2020-02-02 06:00:00,77.25,77.17157
2020-02-02 07:00:00,77.25,77.171776
2020-02-02 08:00:00,77.25,77.172195
2020-02-02 09:00:00,77.25,77.188705
2020-02-02 10:00:00,77.25,77.189735
2020-02-02 11:00:00,77.25,77.172516
2020-02-02 12:00:00,77.25,77.16763
2020-02-02 13:00:00,77.25,77.17563
2020-02-02 14:00:00,77.25,77.1793
2020-02-02 15:00:00,77.25,77.17715
2020-02-02 16:00:00,77.25,77.174255
2020-02-02 17:00:00,77.25,77.17221
2020-02-02 18:00:00,77.25,77.17291
2020-02-02 19:00:00,77.25,77.18075
2020-02-02 20:00:00,77.24,77.18623
2020-02-02 21:00:00,77.24,77.1875
2020-02-02 22:00:00,77.24,77.191025
2020-02-02 23:00:00,77.24,77.18189
2020-02-03 00:00:00,77.24,77.17262
2020-02-03 01:00:00,77.24,77.174545
2020-02-03 02:00:00,77.24,77.17498
2020-02-03 03:00:00,77.24,77.18045
2020-02-03 04:00:00,77.24,77.164536
2020-02-03 05:00:00,77.24,77.167496
2020-02-03 06:00:00,77.24,77.19487
2020-02-03 07:00:00,77.24,77.19582
2020-02-03 08:00:00,77.24,77.19751
2020-02-03 09:00:00,77.24,77.158066
2020-02-03 10:00:00,77.24,77.14679
2020-02-03 11:00:00,77.24,77.15211
2020-02-03 12:00:00,77.24,77.16788
2020-02-03 13:00:00,77.24,77.170525
2020-02-03 14:00:00,77.24,77.17565
2020-02-03 15:00:00,77.24,77.177986
2020-02-03 16:00:00,77.24,77.175934
2020-02-03 17:00:00,77.24,77.17452
2020-02-03 18:00:00,77.24,77.1715
2020-02-03 19:00:00,77.23,77.17975
2020-02-03 20:00:00,77.23,77.18843
2020-02-03 21:00:00,77.23,77.183525
2020-02-03 22:00:00,77.23,77.176
2020-02-03 23:00:00,77.23,77.17358
2020-02-04 00:00:00,77.23,77.190506
2020-02-04 01:00:00,77.23,77.18722
2020-02-04 02:00:00,77.23,77.19765
2020-02-04 03:00:00,77.23,77.18793
2020-02-04 04:00:00,77.23,77.1903
2020-02-04 05:00:00,77.23,77.17265
2020-02-04 06:00:00,77.23,77.16838
2020-02-04 07:00:00,77.23,77.16339
2020-02-04 08:00:00,77.23,77.16269
2020-02-04 09:00:00,77.23,77.1626
2020-02-04 10:00:00,77.23,77.16925
2020-02-04 11:00:00,77.23,77.17202
2020-02-04 12:00:00,77.23,77.171776
2020-02-04 13:00:00,77.23,77.172226
2020-02-04 14:00:00,77.24,77.16871
2020-02-04 15:00:00,77.24,77.1615
2020-02-04 16:00:00,77.24,77.15503
2020-02-04 17:00:00,77.23,77.15802
2020-02-04 18:00:00,77.23,77.146034
2020-02-04 19:00:00,77.23,77.13271
2020-02-04 20:00:00,77.22,77.14289
2020-02-04 21:00:00,77.22,77.14614
2020-02-04 22:00:00,77.22,77.14904
2020-02-04 23:00:00,77.22,77.15891
2020-02-05 00:00:00,77.22,77.16465
2020-02-05 01:00:00,77.22,77.164185
2020-02-05 02:00:00,77.22,77.1561
2020-02-05 03:00:00,77.22,77.14714
2020-02-05 04:00:00,77.22,77.14218
2020-02-05 05:00:00,77.22,77.151886
2020-02-05 06:00:00,77.22,77.1526
2020-02-05 07:00:00,77.22,77.156265
2020-02-05 08:00:00,77.22,77.17155
2020-02-05 09:00:00,77.22,77.16743
2020-02-05 10:00:00,77.22,77.173225
2020-02-05 11:00:00,77.22,77.17506
2020-02-05 12:00:00,77.22,77.1791
2020-02-05 13:00:00,77.22,77.177826
2020-02-05 14:00:00,77.22,77.16912
2020-02-05 15:00:00,77.22,77.17191
2020-02-05 16:00:00,77.22,77.16936
2020-02-05 17:00:00,77.22,77.1653
2020-02-05 18:00:00,77.21,77.166855
2020-02-05 19:00:00,77.21,77.17252
2020-02-05 20:00:00,77.21,77.17281
2020-02-05 21:00:00,77.21,77.16744
2020-02-05 22:00:00,77.21,77.15916
2020-02-05 23:00:00,77.21,77.162704
2020-02-06 00:00:00,77.21,77.15875
2020-02-06 01:00:00,77.21,77.1593
2020-02-06 02:00:00,77.21,77.16219
2020-02-06 03:00:00,77.21,77.16438
2020-02-06 04:00:00,77.21,77.162674
2020-02-06 05:00:00,77.21,77.15356
2020-02-06 06:00:00,77.21,77.15143
2020-02-06 07:00:00,77.21,77.15151
2020-02-06 08:00:00,77.21,77.15145
2020-02-06 09:00:00,77.21,77.15659
2020-02-06 10:00:00,77.21,77.161545
2020-02-06 11:00:00,77.21,77.15999
2020-02-06 12:00:00,77.21,77.16155
2020-02-06 13:00:00,77.21,77.16063
2020-02-06 14:00:00,77.21,77.16287
2020-02-06 15:00:00,77.21,77.164986
2020-02-06 16:00:00,77.21,77.15873
2020-02-06 17:00:00,77.21,77.15598
2020-02-06 18:00:00,77.2,77.152405
2020-02-06 19:00:00,77.2,77.141655
2020-02-06 20:00:00,77.2,77.14895
2020-02-06 21:00:00,77.2,77.1474
2020-02-06 22:00:00,77.2,77.15413
2020-02-06 23:00:00,77.2,77.16296
2020-02-07 00:00:00,77.2,77.16789
2020-02-07 01:00:00,77.2,77.16741
2020-02-07 02:00:00,77.2,77.16769
2020-02-07 03:00:00,77.2,77.16141
2020-02-07 04:00:00,77.2,77.15985
2020-02-07 05:00:00,77.2,77.16599
2020-02-07 06:00:00,77.2,77.173775
2020-02-07 07:00:00,77.2,77.17541
2020-02-07 08:00:00,77.2,77.1732
2020-02-07 09:00:00,77.2,77.17289
2020-02-07 10:00:00,77.2,77.17066
2020-02-07 11:00:00,77.2,77.161896
2020-02-07 12:00:00,77.2,77.15781
2020-02-07 13:00:00,77.2,77.16036
2020-02-07 14:00:00,77.2,77.15896
2020-02-07 15:00:00,77.2,77.15611
2020-02-07 16:00:00,77.2,77.15301
2020-02-07 17:00:00,77.2,77.1533
2020-02-07 18:00:00,77.2,77.15556
2020-02-07 19:00:00,77.19,77.16404
2020-02-07 20:00:00,77.19,77.15866
2020-02-07 21:00:00,77.19,77.15623
2020-02-07 22:00:00,77.19,77.15483
2020-02-07 23:00:00,77.19,77.15656
2020-02-08 00:00:00,77.19,77.16138
2020-02-08 01:00:00,77.19,77.15409
2020-02-08 02:00:00,77.19,77.16069
2020-02-08 03:00:00,77.19,77.16182
2020-02-08 04:00:00,77.19,77.15249
2020-02-08 05:00:00,77.19,77.15104
2020-02-08 06:00:00,77.19,77.15583
2020-02-08 07:00:00,77.19,77.14488
2020-02-08 08:00:00,77.19,77.139305
2020-02-08 09:00:00,77.19,77.12842
2020-02-08 10:00:00,77.19,77.12961
2020-02-08 11:00:00,77.19,77.1387
2020-02-08 12:00:00,77.19,77.14918
2020-02-08 13:00:00,77.19,77.15465
2020-02-08 14:00:00,77.19,77.16531
2020-02-08 15:00:00,77.19,77.17069
2020-02-08 16:00:00,77.19,77.16806
2020-02-08 17:00:00,77.19,77.16807
2020-02-08 18:00:00,77.18,77.169495
2020-02-08 19:00:00,77.18,77.16873
2020-02-08 20:00:00,77.18,77.16302
2020-02-08 21:00:00,77.18,77.16789
2020-02-08 22:00:00,77.18,77.16391
2020-02-08 23:00:00,77.18,77.17094
2020-02-09 00:00:00,77.18,77.177025
2020-02-09 01:00:00,77.18,77.17419
2020-02-09 02:00:00,77.18,77.16922
2020-02-09 03:00:00,77.18,77.17582
2020-02-09 04:00:00,77.18,77.172
2020-02-09 05:00:00,77.18,77.17391
2020-02-09 06:00:00,77.18,77.179596
2020-02-09 07:00:00,77.18,77.16181
2020-02-09 08:00:00,77.18,77.169044
2020-02-09 09:00:00,77.18,77.181015
2020-02-09 10:00:00,77.18,77.18325
2020-02-09 11:00:00,77.18,77.17503
2020-02-09 12:00:00,77.18,77.16664
2020-02-09 13:00:00,77.18,77.16968
2020-02-09 14:00:00,77.18,77.16444
2020-02-09 15:00:00,77.19,77.15946
2020-02-09 16:00:00,77.18,77.157845
2020-02-09 17:00:00,77.18,77.16383
2020-02-09 18:00:00,77.18,77.16363
2020-02-09 19:00:00,77.18,77.16554
2020-02-09 20:00:00,77.17,77.17253
2020-02-09 21:00:00,77.17,77.18008
2020-02-09 22:00:00,77.17,77.1833
2020-02-09 23:00:00,77.17,77.18835
2020-02-10 00:00:00,77.17,77.19069
2020-02-10 01:00:00,77.17,77.19018
2020-02-10 02:00:00,77.17,77.192604
2020-02-10 03:00:00,77.17,77.19013
2020-02-10 04:00:00,77.17,77.19346
2020-02-10 05:00:00,77.17,77.194885
2020-02-10 06:00:00,77.17,77.189766
2020-02-10 07:00:00,77.17,77.19275
2020-02-10 08:00:00,77.17,77.18775
2020-02-10 09:00:00,77.17,77.19224
2020-02-10 10:00:00,77.17,77.19219
2020-02-10 11:00:00,77.17,77.18757
2020-02-10 12:00:00,77.17,77.15636
2020-02-10 13:00:00,77.17,77.158775
2020-02-10 14:00:00,77.17,77.15969
2020-02-10 15:00:00,77.17,77.15712
2020-02-10 16:00:00,77.17,77.153305
2020-02-10 17:00:00,77.17,77.15433
2020-02-10 18:00:00,77.17,77.157135
2020-02-10 19:00:00,77.16,77.15341
2020-02-10 20:00:00,77.16,77.169754
2020-02-10 21:00:00,77.16,77.16722
2020-02-10 22:00:00,77.16,77.174385
2020-02-10 23:00:00,77.16,77.18415
2020-02-11 00:00:00,77.16,77.184746
2020-02-11 01:00:00,77.16,77.19428
2020-02-11 02:00:00,77.16,77.19644
2020-02-11 03:00:00,77.16,77.189156
2020-02-11 04:00:00,77.16,77.17868
2020-02-11 05:00:00,77.16,77.174805
2020-02-11 06:00:00,77.16,77.17086
2020-02-11 07:00:00,77.16,77.17776
2020-02-11 08:00:00,77.16,77.1768
2020-02-11 09:00:00,77.16,77.17326
2020-02-11 10:00:00,77.16,77.17391
2020-02-11 11:00:00,77.16,77.16896
2020-02-11 12:00:00,77.16,77.16308
2020-02-11 13:00:00,77.16,77.162155
2020-02-11 14:00:00,77.16,77.1517
2020-02-11 15:00:00,77.16,77.14745
2020-02-11 16:00:00,77.16,77.14298
2020-02-11 17:00:00,77.16,77.139496
2020-02-11 18:00:00,77.16,77.14419
2020-02-11 19:00:00,77.16,77.15584
2020-02-11 20:00:00,77.15,77.176575
2020-02-11 21:00:00,77.15,77.18047
2020-02-11 22:00:00,77.15,77.1846
2020-02-11 23:00:00,77.15,77.184296
2020-02-12 00:00:00,77.15,77.17658
2020-02-12 01:00:00,77.15,77.17647
2020-02-12 02:00:00,77.16,77.16788
2020-02-12 03:00:00,77.16,77.14199
2020-02-12 04:00:00,77.16,77.13237
2020-02-12 05:00:00,77.16,77.10339
2020-02-12 06:00:00,77.16,77.126724
2020-02-12 07:00:00,77.16,77.225975
2020-02-12 08:00:00,77.16,77.14679
2020-02-12 09:00:00,77.17,77.14588
2020-02-12 10:00:00,77.17,77.282715
2020-02-12 11:00:00,77.17,77.16499
2020-02-12 12:00:00,77.17,77.1741
2020-02-12 13:00:00,77.17,77.28593
2020-02-12 14:00:00,77.17,77.213615
2020-02-12 15:00:00,77.17,77.217575
2020-02-12 16:00:00,77.18,77.25389
2020-02-12 17:00:00,77.18,77.231415
2020-02-12 18:00:00,77.18,77.225655
2020-02-12 19:00:00,77.18,77.21805
2020-02-12 20:00:00,77.18,77.21807
2020-02-12 21:00:00,77.18,77.22775
2020-02-12 22:00:00,77.18,77.25956
2020-02-12 23:00:00,77.18,77.25183
2020-02-13 00:00:00,77.18,77.22953
2020-02-13 01:00:00,77.18,77.23343
2020-02-13 02:00:00,77.18,77.253845
2020-02-13 03:00:00,77.18,77.21153
2020-02-13 04:00:00,77.18,77.25057
2020-02-13 05:00:00,77.18,77.235565
2020-02-13 06:00:00,77.18,77.238556
2020-02-13 07:00:00,77.19,77.22644
2020-02-13 08:00:00,77.18,77.20875
2020-02-13 09:00:00,77.18,77.21455
2020-02-13 10:00:00,77.18,77.22341
2020-02-13 11:00:00,77.18,77.22149
2020-02-13 12:00:00,77.18,77.23721
2020-02-13 13:00:00,77.19,77.24207
2020-02-13 14:00:00,77.19,77.25225
2020-02-13 15:00:00,77.19,77.22946
2020-02-13 16:00:00,77.19,77.23659
2020-02-13 17:00:00,77.19,77.24249
2020-02-13 18:00:00,77.19,77.23197
2020-02-13 19:00:00,77.18,77.21943
2020-02-13 20:00:00,77.18,77.25106
2020-02-13 21:00:00,77.18,77.2486
2020-02-13 22:00:00,77.18,77.25125
2020-02-13 23:00:00,77.18,77.23483
2020-02-14 00:00:00,77.18,77.23264
2020-02-14 01:00:00,77.18,77.221825
2020-02-14 02:00:00,77.18,77.231
2020-02-14 03:00:00,77.18,77.22948
2020-02-14 04:00:00,77.18,77.229385
2020-02-14 05:00:00,77.18,77.21097
2020-02-14 06:00:00,77.18,77.22639
2020-02-14 07:00:00,77.18,77.21195
2020-02-14 08:00:00,77.18,77.19225
2020-02-14 09:00:00,77.18,77.19642
2020-02-14 10:00:00,77.18,77.21331
2020-02-14 11:00:00,77.18,77.22319
2020-02-14 12:00:00,77.18,77.201225
2020-02-14 13:00:00,77.18,77.1978
2020-02-14 14:00:00,77.19,77.202736
2020-02-14 15:00:00,77.18,77.215416
2020-02-14 16:00:00,77.18,77.22102
2020-02-14 17:00:00,77.18,77.22726
2020-02-14 18:00:00,77.18,77.205826
2020-02-14 19:00:00,77.17,77.217186
2020-02-14 20:00:00,77.17,77.184006
2020-02-14 21:00:00,77.17,77.19458
2020-02-14 22:00:00,77.17,77.20587
2020-02-14 23:00:00,77.17,77.20453
2020-02-15 00:00:00,77.17,77.19242
2020-02-15 01:00:00,77.17,77.1906
2020-02-15 02:00:00,77.17,77.186165
2020-02-15 03:00:00,77.17,77.17403
2020-02-15 04:00:00,77.17,77.18635
2020-02-15 05:00:00,77.17,77.178375
2020-02-15 06:00:00,77.17,77.16476
2020-02-15 07:00:00,77.17,77.15921
2020-02-15 08:00:00,77.17,77.16303
2020-02-15 09:00:00,77.17,77.16126
2020-02-15 10:00:00,77.17,77.16378
2020-02-15 11:00:00,77.17,77.160324
2020-02-15 12:00:00,77.17,77.16112
2020-02-15 13:00:00,77.18,77.179596
2020-02-15 14:00:00,77.18,77.18472
2020-02-15 15:00:00,77.17,77.1729
2020-02-15 16:00:00,77.17,77.18539
2020-02-15 17:00:00,77.17,77.18138
2020-02-15 18:00:00,77.17,77.177795
2020-02-15 19:00:00,77.17,77.20603
2020-02-15 20:00:00,77.17,77.23321
2020-02-15 21:00:00,77.17,77.19694
2020-02-15 22:00:00,77.17,77.19268
2020-02-15 23:00:00,77.18,77.19615
2020-02-16 00:00:00,77.18,77.23113
2020-02-16 01:00:00,77.18,77.245155
2020-02-16 02:00:00,77.18,77.229675
2020-02-16 03:00:00,77.19,77.190796
2020-02-16 04:00:00,77.19,77.32351
2020-02-16 05:00:00,77.19,77.204575
2020-02-16 06:00:00,77.2,77.19947
2020-02-16 07:00:00,77.2,77.22195
2020-02-16 08:00:00,77.21,77.20332
2020-02-16 09:00:00,77.21,77.19471
2020-02-16 10:00:00,77.21,77.201164
2020-02-16 11:00:00,77.22,77.19804
2020-02-16 12:00:00,77.22,77.20783
2020-02-16 13:00:00,77.22,77.21408
2020-02-16 14:00:00,77.23,77.216064
2020-02-16 15:00:00,77.23,77.215996
2020-02-16 16:00:00,77.23,77.212776
2020-02-16 17:00:00,77.23,77.212746
2020-02-16 18:00:00,77.23,77.17757
2020-02-16 19:00:00,77.23,77.194626
2020-02-16 20:00:00,77.23,77.204475
2020-02-16 21:00:00,77.23,77.18793
2020-02-16 22:00:00,77.23,77.19136
2020-02-16 23:00:00,77.23,77.17688
2020-02-17 00:00:00,77.23,77.17179
2020-02-17 01:00:00,77.23,77.178696
2020-02-17 02:00:00,77.23,77.15611
2020-02-17 03:00:00,77.23,77.1579
2020-02-17 04:00:00,77.23,77.16233
2020-02-17 05:00:00,77.23,77.15409
2020-02-17 06:00:00,77.23,77.16097
2020-02-17 07:00:00,77.23,77.1598
2020-02-17 08:00:00,77.23,77.165016
2020-02-17 09:00:00,77.23,77.163055
2020-02-17 10:00:00,77.24,77.14674
2020-02-17 11:00:00,77.23,77.163765
2020-02-17 12:00:00,77.23,77.16266
2020-02-17 13:00:00,77.24,77.16475
2020-02-17 14:00:00,77.24,77.15522
2020-02-17 15:00:00,77.24,77.14664
2020-02-17 16:00:00,77.24,77.1531
2020-02-17 17:00:00,77.24,77.1488
2020-02-17 18:00:00,77.24,77.14324
2020-02-17 19:00:00,77.24,77.16176
2020-02-17 20:00:00,77.24,77.1662
2020-02-17 21:00:00,77.24,77.16019
2020-02-17 22:00:00,77.24,77.17632
2020-02-17 23:00:00,77.24,77.17283
2020-02-18 00:00:00,77.24,77.19246
2020-02-18 01:00:00,77.24,77.19587
2020-02-18 02:00:00,77.24,77.14938
2020-02-18 03:00:00,77.25,77.17064
2020-02-18 04:00:00,77.24,77.16529
2020-02-18 05:00:00,77.24,77.16123
2020-02-18 06:00:00,77.24,77.15563
2020-02-18 07:00:00,77.24,77.15648
2020-02-18 08:00:00,77.24,77.15257
2020-02-18 09:00:00,77.24,77.168335
2020-02-18 10:00:00,77.24,77.158554
2020-02-18 11:00:00,77.24,77.15785
2020-02-18 12:00:00,77.25,77.16034
2020-02-18 13:00:00,77.25,77.16425
2020-02-18 14:00:00,77.25,77.16706
2020-02-18 15:00:00,77.25,77.17235
2020-02-18 16:00:00,77.25,77.17333
2020-02-18 17:00:00,77.25,77.17742
2020-02-18 18:00:00,77.25,77.16808
2020-02-18 19:00:00,77.24,77.16845
2020-02-18 20:00:00,77.24,77.16993
2020-02-18 21:00:00,77.24,77.18158
2020-02-18 22:00:00,77.24,77.17161
2020-02-18 23:00:00,77.25,77.16117
2020-02-19 00:00:00,77.25,77.16668
2020-02-19 01:00:00,77.25,77.1664
2020-02-19 02:00:00,77.25,77.16891
2020-02-19 03:00:00,77.25,77.16208
2020-02-19 04:00:00,77.25,77.154816
2020-02-19 05:00:00,77.25,77.160904
2020-02-19 06:00:00,77.25,77.17547
2020-02-19 07:00:00,77.25,77.167984
2020-02-19 08:00:00,77.25,77.17811
2020-02-19 09:00:00,77.25,77.17682
2020-02-19 10:00:00,77.25,77.16516
2020-02-19 11:00:00,77.26,77.16345
2020-02-19 12:00:00,77.26,77.15715
2020-02-19 13:00:00,77.25,77.15829
2020-02-19 14:00:00,77.26,77.16883
2020-02-19 15:00:00,77.26,77.167564
2020-02-19 16:00:00,77.26,77.160965
2020-02-19 17:00:00,77.25,77.15973
2020-02-19 18:00:00,77.25,77.16194
2020-02-19 19:00:00,77.25,77.166855
2020-02-19 20:00:00,77.25,77.17275
2020-02-19 21:00:00,77.25,77.1887
2020-02-19 22:00:00,77.25,77.18674
2020-02-19 23:00:00,77.25,77.19206
2020-02-20 00:00:00,77.25,77.18142
2020-02-20 01:00:00,77.25,77.178154
2020-02-20 02:00:00,77.25,77.19066
2020-02-20 03:00:00,77.25,77.1969
2020-02-20 04:00:00,77.25,77.193535
2020-02-20 05:00:00,77.25,77.19049
2020-02-20 06:00:00,77.25,77.18551
2020-02-20 07:00:00,77.25,77.17567
2020-02-20 08:00:00,77.25,77.186844
2020-02-20 09:00:00,77.25,77.1951
2020-02-20 10:00:00,77.25,77.1894
2020-02-20 11:00:00,77.25,77.197395
2020-02-20 12:00:00,77.25,77.17854
2020-02-20 14:00:00,77.26,77.19343
2020-02-20 15:00:00,77.26,77.18605
2020-02-20 16:00:00,77.26,77.186035
2020-02-20 17:00:00,77.26,77.18433
2020-02-20 18:00:00,77.26,77.19436
2020-02-20 19:00:00,77.25,77.19778
2020-02-20 20:00:00,77.25,77.21837
2020-02-20 21:00:00,77.25,77.22481
2020-02-20 22:00:00,77.25,77.205414
2020-02-20 23:00:00,77.25,77.22166
2020-02-21 00:00:00,77.25,77.22035
2020-02-21 01:00:00,77.25,77.20807
2020-02-21 02:00:00,77.25,77.19961
2020-02-21 03:00:00,77.25,77.2014
2020-02-21 04:00:00,77.25,77.19292
2020-02-21 05:00:00,77.25,77.18825
2020-02-21 06:00:00,77.25,77.18749
2020-02-21 07:00:00,77.25,77.18193
2020-02-21 08:00:00,77.25,77.18667
2020-02-21 09:00:00,77.25,77.187904
2020-02-21 10:00:00,77.25,77.18458
2020-02-21 11:00:00,77.25,77.197815
2020-02-21 12:00:00,77.25,77.17838
2020-02-21 13:00:00,77.26,77.171646
2020-02-21 14:00:00,77.26,77.16185
2020-02-21 15:00:00,77.26,77.15838
2020-02-21 16:00:00,77.26,77.15574
2020-02-21 17:00:00,77.26,77.161125
2020-02-21 18:00:00,77.26,77.16211
2020-02-21 19:00:00,77.25,77.193306
2020-02-21 20:00:00,77.25,77.19816
2020-02-21 21:00:00,77.25,77.19176
2020-02-21 22:00:00,77.25,77.17031
2020-02-21 23:00:00,77.25,77.17176
2020-02-22 00:00:00,77.26,77.16147
2020-02-22 01:00:00,77.26,77.199844
2020-02-22 02:00:00,77.26,77.163734
2020-02-22 03:00:00,77.26,77.1556
2020-02-22 04:00:00,77.27,77.14623
2020-02-22 05:00:00,77.27,77.18062
2020-02-22 06:00:00,77.27,77.17354
2020-02-22 07:00:00,77.27,77.1889
2020-02-22 08:00:00,77.27,77.17966
2020-02-22 09:00:00,77.28,77.19088
2020-02-22 10:00:00,77.28,77.19603
2020-02-22 11:00:00,77.28,77.19993
2020-02-22 12:00:00,77.28,77.20858
2020-02-22 13:00:00,77.29,77.234924
2020-02-22 14:00:00,77.29,77.205154
2020-02-22 15:00:00,77.29,77.223656
2020-02-22 16:00:00,77.29,77.20837
2020-02-22 17:00:00,77.29,77.20632
2020-02-22 18:00:00,77.29,77.2101
2020-02-22 19:00:00,77.28,77.19988
2020-02-22 20:00:00,77.28,77.20268
2020-02-22 21:00:00,77.28,77.19358
2020-02-22 22:00:00,77.28,77.18743
2020-02-22 23:00:00,77.28,77.19959
2020-02-23 00:00:00,77.28,77.19204
2020-02-23 01:00:00,77.28,77.18632
2020-02-23 02:00:00,77.28,77.19077
2020-02-23 03:00:00,77.28,77.179405
2020-02-23 04:00:00,77.29,77.19073
2020-02-23 05:00:00,77.29,77.17857
2020-02-23 06:00:00,77.29,77.16547
2020-02-23 07:00:00,77.29,77.18169
2020-02-23 08:00:00,77.29,77.18402
2020-02-23 09:00:00,77.29,77.19037
2020-02-23 10:00:00,77.29,77.18666
2020-02-23 11:00:00,77.29,77.190765
2020-02-23 12:00:00,77.29,77.17895
2020-02-23 13:00:00,77.29,77.17243
2020-02-23 14:00:00,77.29,77.171394
2020-02-23 15:00:00,77.3,77.166824
2020-02-23 16:00:00,77.29,77.16584
2020-02-23 17:00:00,77.29,77.16568
2020-02-23 18:00:00,77.29,77.15888
2020-02-23 19:00:00,77.29,77.15258
2020-02-23 20:00:00,77.28,77.16162
2020-02-23 21:00:00,77.28,77.1768
2020-02-23 22:00:00,77.28,77.18272
2020-02-23 23:00:00,77.28,77.18478
2020-02-24 00:00:00,77.28,77.18485
2020-02-24 01:00:00,77.28,77.1877
2020-02-24 02:00:00,77.28,77.18232
2020-02-24 03:00:00,77.28,77.17143
2020-02-24 04:00:00,77.29,77.174034
2020-02-24 05:00:00,77.28,77.1715
2020-02-24 06:00:00,77.29,77.17309
2020-02-24 07:00:00,77.28,77.16454
2020-02-24 08:00:00,77.29,77.17482
2020-02-24 09:00:00,77.29,77.18254
2020-02-24 10:00:00,77.29,77.17796
2020-02-24 11:00:00,77.29,77.170586
2020-02-24 12:00:00,77.29,77.15888
2020-02-24 13:00:00,77.29,77.15446
2020-02-24 14:00:00,77.29,77.14734
2020-02-24 15:00:00,77.29,77.15192
2020-02-24 16:00:00,77.29,77.14563
2020-02-24 17:00:00,77.29,77.1429
2020-02-24 18:00:00,77.29,77.14031
2020-02-24 19:00:00,77.28,77.13982
2020-02-24 20:00:00,77.28,77.153824
2020-02-24 21:00:00,77.28,77.164734
2020-02-24 22:00:00,77.28,77.176575
2020-02-24 23:00:00,77.28,77.15869
2020-02-25 00:00:00,77.28,77.148735
2020-02-25 01:00:00,77.28,77.15615
2020-02-25 02:00:00,77.28,77.15085
2020-02-25 03:00:00,77.28,77.16054
2020-02-25 04:00:00,77.29,77.15816
2020-02-25 05:00:00,77.29,77.15462
2020-02-25 06:00:00,77.29,77.15939
2020-02-25 07:00:00,77.29,77.15499
2020-02-25 08:00:00,77.29,77.177765
2020-02-25 09:00:00,77.29,77.17892
2020-02-25 10:00:00,77.29,77.19602
2020-02-25 11:00:00,77.3,77.196144
2020-02-25 12:00:00,77.3,77.22603
2020-02-25 13:00:00,77.3,77.23733
2020-02-25 14:00:00,77.31,77.25656
2020-02-25 15:00:00,77.31,77.23782
2020-02-25 16:00:00,77.31,77.255035
2020-02-25 17:00:00,77.32,77.269005
2020-02-25 18:00:00,77.32,77.245155
2020-02-25 19:00:00,77.32,77.257355
2020-02-25 20:00:00,77.32,77.22611
2020-02-25 21:00:00,77.33,77.24511
2020-02-25 22:00:00,77.33,77.21894
2020-02-25 23:00:00,77.33,77.18648
2020-02-26 00:00:00,77.33,77.22011
2020-02-26 01:00:00,77.33,77.223404
2020-02-26 02:00:00,77.34,77.24941
2020-02-26 03:00:00,77.34,77.25381
2020-02-26 04:00:00,77.34,77.24676
2020-02-26 05:00:00,77.34,77.23714
2020-02-26 06:00:00,77.35,77.24396
2020-02-26 07:00:00,77.35,77.23615
2020-02-26 08:00:00,77.35,77.26221
2020-02-26 09:00:00,77.35,77.241585
2020-02-26 10:00:00,77.35,77.26425
2020-02-26 11:00:00,77.35,77.25639
2020-02-26 12:00:00,77.35,77.250465
2020-02-26 13:00:00,77.36,77.25867
2020-02-26 14:00:00,77.36,77.26123
2020-02-26 15:00:00,77.37,77.245926
2020-02-26 16:00:00,77.37,77.24585
2020-02-26 17:00:00,77.36,77.24482
2020-02-26 18:00:00,77.36,77.24763
2020-02-26 19:00:00,77.36,77.22032
2020-02-26 20:00:00,77.36,77.238304
2020-02-26 21:00:00,77.36,77.215515
2020-02-26 22:00:00,77.36,77.20235
2020-02-26 23:00:00,77.36,77.222664
2020-02-27 00:00:00,77.36,77.20689
2020-02-27 01:00:00,77.36,77.19038
2020-02-27 02:00:00,77.36,77.20237
2020-02-27 03:00:00,77.36,77.19104
2020-02-27 04:00:00,77.36,77.21132
2020-02-27 05:00:00,77.36,77.19396
2020-02-27 06:00:00,77.36,77.1877
2020-02-27 07:00:00,77.36,77.18953
2020-02-27 08:00:00,77.36,77.21878
2020-02-27 09:00:00,77.36,77.1951
2020-02-27 10:00:00,77.36,77.202774
2020-02-27 11:00:00,77.36,77.196465
2020-02-27 12:00:00,77.36,77.23761
2020-02-27 13:00:00,77.37,77.20961
2020-02-27 14:00:00,77.37,77.19902
2020-02-27 15:00:00,77.37,77.193085
2020-02-27 16:00:00,77.37,77.18958
2020-02-27 17:00:00,77.37,77.19172
2020-02-27 18:00:00,77.36,77.19732
2020-02-27 19:00:00,77.36,77.20063
2020-02-27 20:00:00,77.36,77.20701
2020-02-27 21:00:00,77.36,77.199646
2020-02-27 22:00:00,77.36,77.2087
2020-02-27 23:00:00,77.36,77.220764
2020-02-28 00:00:00,77.36,77.23215
2020-02-28 01:00:00,77.36,77.23415
2020-02-28 02:00:00,77.36,77.225746
2020-02-28 03:00:00,77.36,77.22218
2020-02-28 04:00:00,77.36,77.21459
2020-02-28 05:00:00,77.36,77.22205
2020-02-28 06:00:00,77.36,77.209305
2020-02-28 07:00:00,77.36,77.21615
2020-02-28 08:00:00,77.36,77.21098
2020-02-28 09:00:00,77.36,77.22734
2020-02-28 10:00:00,77.36,77.23066
2020-02-28 11:00:00,77.36,77.25206
2020-02-28 12:00:00,77.36,77.23477
2020-02-28 13:00:00,77.36,77.22588
2020-02-28 14:00:00,77.36,77.2483
2020-02-28 15:00:00,77.36,77.20867
2020-02-28 16:00:00,77.36,77.187965
2020-02-28 17:00:00,77.36,77.17338
2020-02-28 18:00:00,77.37,77.211464
2020-02-28 19:00:00,77.37,77.21112
2020-02-28 20:00:00,77.37,77.206055
2020-02-28 21:00:00,77.37,77.21423
2020-02-28 22:00:00,77.37,77.215385
2020-02-28 23:00:00,77.37,77.18437
2020-02-29 00:00:00,77.37,77.17959
2020-02-29 01:00:00,77.37,77.186264
2020-02-29 02:00:00,77.37,77.21276
2020-02-29 03:00:00,77.37,77.213165
2020-02-29 04:00:00,77.37,77.214745
2020-02-29 05:00:00,77.37,77.213005
2020-02-29 06:00:00,77.37,77.2013
2020-02-29 07:00:00,77.37,77.18239
2020-02-29 08:00:00,77.37,77.21752
2020-02-29 09:00:00,77.37,77.199715
2020-02-29 10:00:00,77.37,77.23234
2020-02-29 11:00:00,77.37,77.23153
2020-02-29 12:00:00,77.37,77.265755
2020-02-29 13:00:00,77.37,77.23887
2020-02-29 14:00:00,77.37,77.242485
2020-02-29 15:00:00,77.37,77.257576
2020-02-29 16:00:00,77.37,77.27279
2020-02-29 17:00:00,77.37,77.25881
2020-02-29 18:00:00,77.37,77.26085
2020-02-29 19:00:00,77.36,77.23563
2020-02-29 20:00:00,77.36,77.23136
2020-02-29 21:00:00,77.36,77.21543
2020-02-29 22:00:00,77.36,77.21129
2020-02-29 23:00:00,77.36,77.21216
2020-03-01 00:00:00,77.36,77.21255
2020-03-01 01:00:00,77.36,77.21048
2020-03-01 02:00:00,77.36,77.201004
2020-03-01 03:00:00,77.36,77.207085
2020-03-01 04:00:00,77.36,77.20586
2020-03-01 05:00:00,77.36,77.2161
2020-03-01 06:00:00,77.36,77.21904
2020-03-01 07:00:00,77.36,77.22617
2020-03-01 08:00:00,77.35,77.20264
2020-03-01 09:00:00,77.35,77.208206
2020-03-01 10:00:00,77.35,77.19599
2020-03-01 11:00:00,77.36,77.23462
2020-03-01 12:00:00,77.36,77.20146
2020-03-01 13:00:00,77.36,77.232056
2020-03-01 14:00:00,77.36,77.2526
2020-03-01 15:00:00,77.36,77.228226
2020-03-01 16:00:00,77.36,77.25146
2020-03-01 17:00:00,77.36,77.265274
2020-03-01 18:00:00,77.35,77.237144
2020-03-01 19:00:00,77.35,77.19986
2020-03-01 20:00:00,77.35,77.18374
2020-03-01 21:00:00,77.35,77.17462
2020-03-01 22:00:00,77.35,77.16342
2020-03-01 23:00:00,77.35,77.17602
2020-03-02 00:00:00,77.35,77.18066
2020-03-02 01:00:00,77.34,77.18326
2020-03-02 02:00:00,77.34,77.190125
2020-03-02 03:00:00,77.35,77.18997
2020-03-02 04:00:00,77.34,77.18974
2020-03-02 05:00:00,77.34,77.18927
2020-03-02 06:00:00,77.34,77.19152
2020-03-02 07:00:00,77.34,77.18672
2020-03-02 08:00:00,77.34,77.18951
2020-03-02 09:00:00,77.34,77.19911
2020-03-02 10:00:00,77.35,77.20913
2020-03-02 11:00:00,77.35,77.207726
2020-03-02 12:00:00,77.35,77.212585
2020-03-02 13:00:00,77.35,77.23304
2020-03-02 14:00:00,77.35,77.21957
2020-03-02 15:00:00,77.35,77.21754
2020-03-02 16:00:00,77.35,77.21072
2020-03-02 17:00:00,77.35,77.20605
2020-03-02 18:00:00,77.34,77.1904
2020-03-02 19:00:00,77.34,77.18317
2020-03-02 20:00:00,77.33,77.17643
2020-03-02 21:00:00,77.33,77.16945
2020-03-02 22:00:00,77.33,77.17896
2020-03-02 23:00:00,77.33,77.18906
2020-03-03 00:00:00,77.33,77.188736
2020-03-03 01:00:00,77.33,77.18827
2020-03-03 02:00:00,77.33,77.17609
2020-03-03 03:00:00,77.33,77.196
2020-03-03 04:00:00,77.33,77.18107
2020-03-03 05:00:00,77.33,77.19156
2020-03-03 06:00:00,77.33,77.190285
2020-03-03 07:00:00,77.33,77.19242
2020-03-03 08:00:00,77.33,77.19052
2020-03-03 09:00:00,77.33,77.19799
2020-03-03 10:00:00,77.33,77.201096
2020-03-03 11:00:00,77.33,77.17316
2020-03-03 12:00:00,77.33,77.17752
2020-03-03 13:00:00,77.33,77.15963
2020-03-03 14:00:00,77.33,77.1725
2020-03-03 15:00:00,77.33,77.18373
2020-03-03 16:00:00,77.33,77.17077
2020-03-03 17:00:00,77.33,77.18248
2020-03-03 18:00:00,77.32,77.17544
2020-03-03 19:00:00,77.32,77.18796
2020-03-03 20:00:00,77.32,77.20852
2020-03-03 21:00:00,77.32,77.20693
2020-03-03 22:00:00,77.32,77.2102
2020-03-03 23:00:00,77.32,77.21133
2020-03-04 00:00:00,77.32,77.206154
2020-03-04 01:00:00,77.32,77.21244
2020-03-04 02:00:00,77.32,77.196045
2020-03-04 03:00:00,77.32,77.19389
2020-03-04 04:00:00,77.32,77.17529
2020-03-04 05:00:00,77.31,77.17988
2020-03-04 06:00:00,77.32,77.19906
2020-03-04 07:00:00,77.32,77.197815
2020-03-04 08:00:00,77.31,77.19603
2020-03-04 09:00:00,77.31,77.2053
2020-03-04 10:00:00,77.31,77.215225
2020-03-04 11:00:00,77.32,77.20357
2020-03-04 12:00:00,77.32,77.21198
2020-03-04 13:00:00,77.32,77.20764
2020-03-04 14:00:00,77.32,77.21224
2020-03-04 15:00:00,77.32,77.201164
2020-03-04 16:00:00,77.31,77.203186
2020-03-04 17:00:00,77.31,77.20494
2020-03-04 18:00:00,77.31,77.18767
2020-03-04 19:00:00,77.31,77.18889
2020-03-04 20:00:00,77.3,77.18581
2020-03-04 21:00:00,77.3,77.188194
2020-03-04 22:00:00,77.3,77.177055
2020-03-04 23:00:00,77.3,77.157455
2020-03-05 00:00:00,77.3,77.16238
2020-03-05 01:00:00,77.3,77.17161
2020-03-05 02:00:00,77.3,77.16204
2020-03-05 03:00:00,77.3,77.15981
2020-03-05 04:00:00,77.3,77.182045
2020-03-05 05:00:00,77.3,77.17122
2020-03-05 06:00:00,77.3,77.16234
2020-03-05 07:00:00,77.3,77.16714
2020-03-05 08:00:00,77.3,77.175
2020-03-05 09:00:00,77.3,77.18101
2020-03-05 10:00:00,77.3,77.17341
2020-03-05 11:00:00,77.3,77.17684
2020-03-05 12:00:00,77.3,77.1681
2020-03-05 13:00:00,77.3,77.169014
2020-03-05 14:00:00,77.3,77.18985
2020-03-05 15:00:00,77.31,77.16842
2020-03-05 16:00:00,77.3,77.1693
2020-03-05 17:00:00,77.3,77.16526
2020-03-05 18:00:00,77.3,77.155975
2020-03-05 19:00:00,77.29,77.141685
2020-03-05 20:00:00,77.29,77.136444
2020-03-05 21:00:00,77.29,77.145294
2020-03-05 22:00:00,77.29,77.14602
2020-03-05 23:00:00,77.29,77.15025
2020-03-06 00:00:00,77.29,77.16075
2020-03-06 01:00:00,77.29,77.16861
2020-03-06 02:00:00,77.29,77.173515
2020-03-06 03:00:00,77.29,77.17451
2020-03-06 04:00:00,77.29,77.16748
2020-03-06 05:00:00,77.29,77.16594
2020-03-06 06:00:00,77.29,77.15914
2020-03-06 07:00:00,77.29,77.16053
2020-03-06 08:00:00,77.29,77.163864
2020-03-06 09:00:00,77.29,77.174644
2020-03-06 10:00:00,77.29,77.177475
2020-03-06 11:00:00,77.29,77.16239
2020-03-06 12:00:00,77.29,77.14132
2020-03-06 13:00:00,77.29,77.14313
2020-03-06 14:00:00,77.3,77.154076
2020-03-06 15:00:00,77.29,77.1513
2020-03-06 16:00:00,77.3,77.17413
2020-03-06 17:00:00,77.29,77.13869
2020-03-06 18:00:00,77.29,77.12852
2020-03-06 19:00:00,77.28,77.125984
2020-03-06 20:00:00,77.28,77.14729
2020-03-06 21:00:00,77.28,77.14283
2020-03-06 22:00:00,77.27,77.15258
2020-03-06 23:00:00,77.27,77.15396
2020-03-07 00:00:00,77.28,77.15927
2020-03-07 01:00:00,77.28,77.161064
2020-03-07 02:00:00,77.28,77.16363
2020-03-07 03:00:00,77.28,77.15721
2020-03-07 04:00:00,77.28,77.1604
2020-03-07 05:00:00,77.28,77.16508
2020-03-07 06:00:00,77.28,77.16955
2020-03-07 07:00:00,77.28,77.159256
2020-03-07 08:00:00,77.27,77.172676
2020-03-07 09:00:00,77.27,77.14192
2020-03-07 10:00:00,77.27,77.244675
2020-03-07 11:00:00,77.28,77.15582
2020-03-07 12:00:00,77.28,77.161606
2020-03-07 13:00:00,77.28,77.21661
2020-03-07 14:00:00,77.28,77.21713
2020-03-07 15:00:00,77.28,77.18879
2020-03-07 16:00:00,77.28,77.209984
2020-03-07 17:00:00,77.29,77.155525
2020-03-07 18:00:00,77.29,77.11215
2020-03-07 19:00:00,77.29,77.19257
2020-03-07 20:00:00,77.29,77.13418
2020-03-07 21:00:00,77.29,77.145134
2020-03-07 22:00:00,77.3,77.173195
2020-03-07 23:00:00,77.3,77.18243
2020-03-08 00:00:00,77.3,77.1749
2020-03-08 01:00:00,77.3,77.16269
2020-03-08 02:00:00,77.3,77.16865
2020-03-08 03:00:00,77.31,77.152565
2020-03-08 04:00:00,77.31,77.16456
2020-03-08 05:00:00,77.31,77.174644
2020-03-08 06:00:00,77.31,77.17971
2020-03-08 07:00:00,77.31,77.173584
2020-03-08 08:00:00,77.31,77.19865
2020-03-08 09:00:00,77.31,77.20603
2020-03-08 10:00:00,77.31,77.19538
2020-03-08 11:00:00,77.31,77.24919
2020-03-08 12:00:00,77.31,77.26786
2020-03-08 13:00:00,77.32,77.262184
2020-03-08 14:00:00,77.32,77.24418
2020-03-08 15:00:00,77.32,77.23873
2020-03-08 16:00:00,77.32,77.26507
2020-03-08 17:00:00,77.32,77.26716
2020-03-08 18:00:00,77.31,77.24831
2020-03-08 19:00:00,77.31,77.222824
2020-03-08 20:00:00,77.31,77.214554
2020-03-08 21:00:00,77.3,77.23876
2020-03-08 22:00:00,77.3,77.22654
2020-03-08 23:00:00,77.3,77.214775
2020-03-09 00:00:00,77.3,77.19057
2020-03-09 01:00:00,77.3,77.21128
2020-03-09 02:00:00,77.3,77.188416
2020-03-09 03:00:00,77.3,77.200134
2020-03-09 04:00:00,77.3,77.206535
2020-03-09 05:00:00,77.3,77.19011
2020-03-09 06:00:00,77.31,77.20089
2020-03-09 07:00:00,77.31,77.21129
2020-03-09 08:00:00,77.3,77.21479
2020-03-09 09:00:00,77.3,77.21476
2020-03-09 10:00:00,77.3,77.22692
2020-03-09 11:00:00,77.3,77.21906
2020-03-09 12:00:00,77.3,77.257515
2020-03-09 13:00:00,77.3,77.214165
2020-03-09 14:00:00,77.3,77.218735
2020-03-09 15:00:00,77.3,77.21728
2020-03-09 16:00:00,77.3,77.21778
2020-03-09 17:00:00,77.3,77.25277
2020-03-09 18:00:00,77.3,77.25262
2020-03-09 19:00:00,77.29,77.23599
2020-03-09 20:00:00,77.29,77.20466
2020-03-09 21:00:00,77.29,77.232956
2020-03-09 22:00:00,77.29,77.24913
2020-03-09 23:00:00,77.29,77.22434
2020-03-10 00:00:00,77.29,77.26057
2020-03-10 01:00:00,77.29,77.26936
2020-03-10 02:00:00,77.29,77.25902
2020-03-10 03:00:00,77.3,77.23671
2020-03-10 04:00:00,77.3,77.25898
2020-03-10 05:00:00,77.3,77.24972
2020-03-10 06:00:00,77.3,77.24572
2020-03-10 07:00:00,77.31,77.25659
2020-03-10 08:00:00,77.31,77.26363
2020-03-10 09:00:00,77.31,77.281525
2020-03-10 10:00:00,77.31,77.26626
2020-03-10 11:00:00,77.31,77.26606
2020-03-10 12:00:00,77.32,77.27408
2020-03-10 13:00:00,77.32,77.258484
2020-03-10 14:00:00,77.33,77.26701
2020-03-10 15:00:00,77.33,77.2767
2020-03-10 16:00:00,77.33,77.29416
2020-03-10 17:00:00,77.33,77.268776
2020-03-10 18:00:00,77.33,77.28078
2020-03-10 19:00:00,77.33,77.25082
2020-03-10 20:00:00,77.33,77.24227
2020-03-10 21:00:00,77.33,77.21361
2020-03-10 22:00:00,77.33,77.24069
2020-03-10 23:00:00,77.33,77.2113
2020-03-11 00:00:00,77.33,77.21191
2020-03-11 01:00:00,77.33,77.19539
2020-03-11 02:00:00,77.33,77.170815
2020-03-11 03:00:00,77.33,77.15227
2020-03-11 04:00:00,77.34,77.15071
2020-03-11 05:00:00,77.34,77.152275
2020-03-11 06:00:00,77.34,77.15245
2020-03-11 07:00:00,77.33,77.150345
2020-03-11 08:00:00,77.33,77.14814
2020-03-11 09:00:00,77.33,77.15021
2020-03-11 10:00:00,77.33,77.143776
2020-03-11 11:00:00,77.33,77.14598
2020-03-11 12:00:00,77.33,77.17015
2020-03-11 13:00:00,77.34,77.16342
2020-03-11 14:00:00,77.34,77.18047
2020-03-11 15:00:00,77.34,77.16261
2020-03-11 16:00:00,77.33,77.166115
2020-03-11 17:00:00,77.33,77.18968
2020-03-11 18:00:00,77.33,77.15496
2020-03-11 19:00:00,77.32,77.14872
2020-03-11 20:00:00,77.32,77.14568
2020-03-11 21:00:00,77.32,77.14854
2020-03-11 22:00:00,77.32,77.15774
2020-03-11 23:00:00,77.32,77.16989
2020-03-12 00:00:00,77.32,77.15462
2020-03-12 01:00:00,77.32,77.17254
2020-03-12 02:00:00,77.32,77.17697
2020-03-12 03:00:00,77.31,77.170105
2020-03-12 04:00:00,77.32,77.17066
2020-03-12 05:00:00,77.32,77.1767
2020-03-12 06:00:00,77.31,77.17349
2020-03-12 07:00:00,77.31,77.16778
2020-03-12 08:00:00,77.31,77.17701
2020-03-12 09:00:00,77.31,77.17831
2020-03-12 10:00:00,77.31,77.1744
2020-03-12 11:00:00,77.31,77.14555
2020-03-12 12:00:00,77.31,77.137375
2020-03-12 13:00:00,77.31,77.13714
2020-03-12 14:00:00,77.32,77.14371
2020-03-12 15:00:00,77.32,77.14908
2020-03-12 16:00:00,77.32,77.152695
2020-03-12 17:00:00,77.31,77.15075
2020-03-12 18:00:00,77.31,77.14816
2020-03-12 19:00:00,77.3,77.1314
2020-03-12 20:00:00,77.3,77.1423
2020-03-12 21:00:00,77.3,77.16021
2020-03-12 22:00:00,77.3,77.16744
2020-03-12 23:00:00,77.3,77.16967
2020-03-13 00:00:00,77.3,77.170135
2020-03-13 01:00:00,77.3,77.1717
2020-03-13 02:00:00,77.3,77.172
2020-03-13 03:00:00,77.3,77.16945
2020-03-13 04:00:00,77.3,77.17157
2020-03-13 05:00:00,77.3,77.16757
2020-03-13 06:00:00,77.3,77.160446
2020-03-13 07:00:00,77.3,77.161766
2020-03-13 08:00:00,77.3,77.14436
2020-03-13 09:00:00,77.3,77.166374
2020-03-13 10:00:00,77.29,77.13844
2020-03-13 11:00:00,77.3,77.196594
2020-03-13 12:00:00,77.3,77.15263
2020-03-13 13:00:00,77.3,77.20541
2020-03-13 14:00:00,77.3,77.15241
2020-03-13 15:00:00,77.3,77.15569
2020-03-13 16:00:00,77.3,77.15318
2020-03-13 17:00:00,77.3,77.15219
2020-03-13 18:00:00,77.29,77.15958
2020-03-13 19:00:00,77.29,77.166664
2020-03-13 20:00:00,77.29,77.15432
2020-03-13 21:00:00,77.29,77.15482
2020-03-13 22:00:00,77.29,77.15662
2020-03-13 23:00:00,77.29,77.16117
2020-03-14 00:00:00,77.29,77.160324
2020-03-14 01:00:00,77.29,77.16472
2020-03-14 02:00:00,77.28,77.17622
2020-03-14 03:00:00,77.29,77.170044
2020-03-14 04:00:00,77.28,77.168945
2020-03-14 05:00:00,77.29,77.166885
2020-03-14 06:00:00,77.28,77.164055
2020-03-14 07:00:00,77.28,77.16416
2020-03-14 08:00:00,77.28,77.16665
2020-03-14 09:00:00,77.28,77.17
2020-03-14 10:00:00,77.28,77.16958
2020-03-14 11:00:00,77.29,77.16991
2020-03-14 12:00:00,77.29,77.18306
2020-03-14 13:00:00,77.29,77.184364
2020-03-14 14:00:00,77.29,77.17125
2020-03-14 15:00:00,77.29,77.19581
2020-03-14 16:00:00,77.29,77.19285
2020-03-14 17:00:00,77.29,77.15779
2020-03-14 18:00:00,77.28,77.15542
2020-03-14 19:00:00,77.28,77.13682
2020-03-14 20:00:00,77.27,77.1197
2020-03-14 21:00:00,77.27,77.13318
2020-03-14 22:00:00,77.27,77.1464
2020-03-14 23:00:00,77.27,77.141846
2020-03-15 00:00:00,77.27,77.15005
2020-03-15 01:00:00,77.27,77.1539
2020-03-15 02:00:00,77.27,77.164246
2020-03-15 03:00:00,77.27,77.16082
2020-03-15 04:00:00,77.27,77.16582
2020-03-15 05:00:00,77.27,77.15356
2020-03-15 06:00:00,77.27,77.127014
2020-03-15 07:00:00,77.27,77.12906
2020-03-15 08:00:00,77.27,77.15577
2020-03-15 09:00:00,77.27,77.176506
2020-03-15 10:00:00,77.27,77.1469
2020-03-15 11:00:00,77.27,77.13941
2020-03-15 12:00:00,77.28,77.14642
2020-03-15 13:00:00,77.27,77.19472
2020-03-15 14:00:00,77.27,77.17476
2020-03-15 15:00:00,77.27,77.162346
2020-03-15 16:00:00,77.27,77.15436
2020-03-15 17:00:00,77.27,77.15343
2020-03-15 18:00:00,77.26,77.15272
2020-03-15 19:00:00,77.26,77.159004
2020-03-15 20:00:00,77.26,77.15458
2020-03-15 21:00:00,77.26,77.15055
2020-03-15 22:00:00,77.26,77.17547
2020-03-15 23:00:00,77.25,77.166855
2020-03-16 00:00:00,77.25,77.15892
2020-03-16 01:00:00,77.25,77.156364
2020-03-16 02:00:00,77.25,77.14683
2020-03-16 03:00:00,77.25,77.14444
2020-03-16 04:00:00,77.25,77.14409
2020-03-16 05:00:00,77.25,77.141624
2020-03-16 06:00:00,77.25,77.14048
2020-03-16 07:00:00,77.25,77.14322
2020-03-16 08:00:00,77.25,77.14405
2020-03-16 09:00:00,77.24,77.13967
2020-03-16 10:00:00,77.25,77.13717
2020-03-16 11:00:00,77.25,77.13334
2020-03-16 12:00:00,77.25,77.13715
2020-03-16 13:00:00,77.25,77.17088
2020-03-16 14:00:00,77.25,77.162254
2020-03-16 15:00:00,77.25,77.171486
2020-03-16 16:00:00,77.25,77.195335
2020-03-16 17:00:00,77.25,77.1459
2020-03-16 18:00:00,77.24,77.14218
2020-03-16 19:00:00,77.24,77.12785
2020-03-16 20:00:00,77.24,77.12816
2020-03-16 21:00:00,77.24,77.136696
2020-03-16 22:00:00,77.24,77.14041
2020-03-16 23:00:00,77.24,77.15207
2020-03-17 00:00:00,77.24,77.15298
2020-03-17 01:00:00,77.24,77.15699
2020-03-17 02:00:00,77.24,77.152855
2020-03-17 03:00:00,77.24,77.161835
2020-03-17 04:00:00,77.24,77.15642
2020-03-17 05:00:00,77.24,77.150764
2020-03-17 06:00:00,77.24,77.14624
2020-03-17 07:00:00,77.24,77.15482
2020-03-17 08:00:00,77.24,77.16112
2020-03-17 09:00:00,77.24,77.16536
2020-03-17 10:00:00,77.24,77.15283
2020-03-17 11:00:00,77.24,77.12762
2020-03-17 12:00:00,77.24,77.15927
2020-03-17 13:00:00,77.25,77.19824
2020-03-17 14:00:00,77.25,77.17328
2020-03-17 15:00:00,77.25,77.17628
2020-03-17 16:00:00,77.25,77.18328
2020-03-17 17:00:00,77.24,77.18218
2020-03-17 18:00:00,77.24,77.179245
2020-03-17 19:00:00,77.23,77.167404
2020-03-17 20:00:00,77.23,77.15741
2020-03-17 21:00:00,77.23,77.16186
2020-03-17 22:00:00,77.23,77.18009
2020-03-17 23:00:00,77.23,77.19669
2020-03-18 00:00:00,77.23,77.18527
2020-03-18 01:00:00,77.23,77.19058
2020-03-18 02:00:00,77.23,77.173584
2020-03-18 03:00:00,77.23,77.172104
2020-03-18 04:00:00,77.23,77.1592
2020-03-18 05:00:00,77.23,77.17408
2020-03-18 06:00:00,77.23,77.18159
2020-03-18 07:00:00,77.23,77.18686
2020-03-18 08:00:00,77.23,77.18689
2020-03-18 09:00:00,77.23,77.20816
2020-03-18 10:00:00,77.22,77.208046
2020-03-18 11:00:00,77.23,77.22032
2020-03-18 12:00:00,77.23,77.24583
2020-03-18 13:00:00,77.23,77.23349
2020-03-18 14:00:00,77.24,77.244316
2020-03-18 15:00:00,77.24,77.27431
2020-03-18 16:00:00,77.24,77.27048
2020-03-18 17:00:00,77.23,77.26691
2020-03-18 18:00:00,77.23,77.249344
2020-03-18 19:00:00,77.22,77.210175
2020-03-18 20:00:00,77.22,77.18492
2020-03-18 21:00:00,77.22,77.19258
2020-03-18 22:00:00,77.22,77.20771
2020-03-18 23:00:00,77.22,77.20523
2020-03-19 00:00:00,77.22,77.20644
2020-03-19 01:00:00,77.22,77.19083
2020-03-19 02:00:00,77.22,77.202484
2020-03-19 03:00:00,77.22,77.1982
2020-03-19 04:00:00,77.22,77.19399
2020-03-19 05:00:00,77.22,77.20112
2020-03-19 06:00:00,77.22,77.19328
2020-03-19 07:00:00,77.22,77.18712
2020-03-19 08:00:00,77.22,77.205185
2020-03-19 09:00:00,77.22,77.223045
2020-03-19 10:00:00,77.22,77.270966
2020-03-19 11:00:00,77.22,77.25288
2020-03-19 12:00:00,77.22,77.33928
2020-03-19 13:00:00,77.23,77.29188
2020-03-19 14:00:00,77.23,77.24004
2020-03-19 15:00:00,77.23,77.25173
2020-03-19 16:00:00,77.23,77.24729
2020-03-19 17:00:00,77.22,77.24036
2020-03-19 18:00:00,77.22,77.20478
2020-03-19 19:00:00,77.21,77.172195
2020-03-19 20:00:00,77.21,77.17113
2020-03-19 21:00:00,77.21,77.16946
2020-03-19 22:00:00,77.21,77.17999
2020-03-19 23:00:00,77.21,77.17714
2020-03-20 00:00:00,77.21,77.174995
2020-03-20 01:00:00,77.21,77.17365
2020-03-20 02:00:00,77.21,77.17217
2020-03-20 03:00:00,77.21,77.16708
2020-03-20 04:00:00,77.21,77.16098
2020-03-20 05:00:00,77.21,77.15763
2020-03-20 06:00:00,77.21,77.16223
2020-03-20 07:00:00,77.21,77.15443
2020-03-20 08:00:00,77.21,77.16906
2020-03-20 09:00:00,77.21,77.17533
2020-03-20 10:00:00,77.21,77.15979
2020-03-20 11:00:00,77.21,77.1703
2020-03-20 12:00:00,77.21,77.20059
2020-03-20 13:00:00,77.21,77.20439
2020-03-20 14:00:00,77.21,77.21016
2020-03-20 15:00:00,77.21,77.210045
2020-03-20 16:00:00,77.21,77.22035
2020-03-20 17:00:00,77.21,77.22505
2020-03-20 18:00:00,77.2,77.222755
2020-03-20 19:00:00,77.2,77.18636
2020-03-20 20:00:00,77.2,77.1602
2020-03-20 21:00:00,77.2,77.16822
2020-03-20 22:00:00,77.2,77.16729
2020-03-20 23:00:00,77.2,77.1664
2020-03-21 00:00:00,77.2,77.176895
2020-03-21 01:00:00,77.2,77.177765
2020-03-21 02:00:00,77.2,77.17455
2020-03-21 03:00:00,77.2,77.17201
2020-03-21 04:00:00,77.2,77.178665
2020-03-21 05:00:00,77.2,77.17028
2020-03-21 06:00:00,77.2,77.16896
2020-03-21 07:00:00,77.2,77.174385
2020-03-21 08:00:00,77.2,77.17779
2020-03-21 09:00:00,77.2,77.19231
2020-03-21 10:00:00,77.2,77.19676
2020-03-21 11:00:00,77.2,77.21386
2020-03-21 12:00:00,77.21,77.22037
2020-03-21 13:00:00,77.21,77.23562
2020-03-21 14:00:00,77.21,77.25957
2020-03-21 15:00:00,77.22,77.27754
2020-03-21 16:00:00,77.22,77.28347
2020-03-21 17:00:00,77.21,77.31822
2020-03-21 18:00:00,77.21,77.27281
2020-03-21 19:00:00,77.2,77.2418
2020-03-21 20:00:00,77.2,77.217094
2020-03-21 21:00:00,77.2,77.224144
2020-03-21 22:00:00,77.2,77.227036
2020-03-21 23:00:00,77.2,77.20454
2020-03-22 00:00:00,77.2,77.216255
2020-03-22 01:00:00,77.2,77.20568
2020-03-22 02:00:00,77.2,77.21167
2020-03-22 03:00:00,77.2,77.19915
2020-03-22 04:00:00,77.2,77.223404
2020-03-22 05:00:00,77.21,77.220535
2020-03-22 06:00:00,77.21,77.253784
2020-03-22 07:00:00,77.21,77.26344
2020-03-22 08:00:00,77.21,77.26728
2020-03-22 09:00:00,77.2,77.2748
2020-03-22 10:00:00,77.2,77.30805
2020-03-22 11:00:00,77.21,77.31495
2020-03-22 12:00:00,77.21,77.30986
2020-03-22 13:00:00,77.22,77.37761
2020-03-22 14:00:00,77.22,77.35185
2020-03-22 15:00:00,77.22,77.37528
2020-03-22 16:00:00,77.22,77.4018
2020-03-22 17:00:00,77.21,77.38655
2020-03-22 18:00:00,77.21,77.38492
2020-03-22 19:00:00,77.2,77.34817
2020-03-22 20:00:00,77.2,77.26372
2020-03-22 21:00:00,77.2,77.23158
2020-03-22 22:00:00,77.2,77.206825
2020-03-22 23:00:00,77.2,77.195366
2020-03-23 00:00:00,77.2,77.18827
2020-03-23 01:00:00,77.2,77.183846
2020-03-23 02:00:00,77.2,77.23931
2020-03-23 03:00:00,77.2,77.17946
2020-03-23 04:00:00,77.2,77.202225
2020-03-23 05:00:00,77.2,77.19564
2020-03-23 06:00:00,77.2,77.18269
2020-03-23 07:00:00,77.2,77.21515
2020-03-23 08:00:00,77.2,77.21574
2020-03-23 09:00:00,77.2,77.21962
2020-03-23 10:00:00,77.2,77.18955
2020-03-23 11:00:00,77.2,77.225395
2020-03-23 12:00:00,77.2,77.22113
2020-03-23 13:00:00,77.21,77.22088
2020-03-23 14:00:00,77.21,77.27828
2020-03-23 15:00:00,77.21,77.22701
2020-03-23 16:00:00,77.21,77.272835
2020-03-23 17:00:00,77.21,77.306015
2020-03-23 18:00:00,77.2,77.25107
2020-03-23 19:00:00,77.2,77.20319
2020-03-23 20:00:00,77.19,77.17353
2020-03-23 21:00:00,77.19,77.181625
2020-03-23 22:00:00,77.19,77.18035
2020-03-23 23:00:00,77.19,77.19238
2020-03-24 00:00:00,77.19,77.19415
2020-03-24 01:00:00,77.19,77.1871
2020-03-24 02:00:00,77.19,77.189964
2020-03-24 03:00:00,77.19,77.17486
2020-03-24 04:00:00,77.19,77.18281
2020-03-24 05:00:00,77.19,77.19333
2020-03-24 06:00:00,77.19,77.17955
2020-03-24 07:00:00,77.19,77.18011
2020-03-24 08:00:00,77.19,77.18393
2020-03-24 09:00:00,77.19,77.20008
2020-03-24 10:00:00,77.19,77.19608
2020-03-24 11:00:00,77.19,77.18678
2020-03-24 12:00:00,77.19,77.20452
2020-03-24 13:00:00,77.19,77.20761
2020-03-24 14:00:00,77.2,77.249535
2020-03-24 15:00:00,77.2,77.25663
2020-03-24 16:00:00,77.2,77.23075
2020-03-24 17:00:00,77.2,77.24707
2020-03-24 18:00:00,77.19,77.22266
2020-03-24 19:00:00,77.18,77.21794
2020-03-24 20:00:00,77.18,77.20011
2020-03-24 21:00:00,77.18,77.2174
2020-03-24 22:00:00,77.18,77.22748
2020-03-24 23:00:00,77.18,77.21873
2020-03-25 00:00:00,77.18,77.20806
2020-03-25 01:00:00,77.18,77.20973
2020-03-25 02:00:00,77.18,77.203064
2020-03-25 03:00:00,77.18,77.19541
2020-03-25 04:00:00,77.19,77.194145
2020-03-25 05:00:00,77.19,77.1999
2020-03-25 06:00:00,77.19,77.19066
2020-03-25 07:00:00,77.19,77.19563
2020-03-25 08:00:00,77.19,77.19419
2020-03-25 09:00:00,77.19,77.20418
2020-03-25 10:00:00,77.19,77.22891
2020-03-25 11:00:00,77.19,77.231064
2020-03-25 12:00:00,77.2,77.21617
2020-03-25 13:00:00,77.2,77.21995
2020-03-25 14:00:00,77.2,77.23834
2020-03-25 15:00:00,77.21,77.24821
2020-03-25 16:00:00,77.21,77.22865
2020-03-25 17:00:00,77.2,77.27809
2020-03-25 18:00:00,77.2,77.229576
2020-03-25 19:00:00,77.19,77.198654
2020-03-25 20:00:00,77.18,77.19703
2020-03-25 21:00:00,77.17,77.22084
2020-03-25 22:00:00,77.17,77.22359
2020-03-25 23:00:00,77.16,77.22038
2020-03-26 00:00:00,77.16,77.227646
2020-03-26 01:00:00,77.16,77.22297
2020-03-26 02:00:00,77.15,77.230415
2020-03-26 03:00:00,77.15,77.22056
2020-03-26 04:00:00,77.15,77.226906
2020-03-26 05:00:00,77.15,77.19703
2020-03-26 06:00:00,77.15,77.204666
2020-03-26 07:00:00,77.15,77.261635
2020-03-26 08:00:00,77.15,77.20563
2020-03-26 09:00:00,77.15,77.234085
2020-03-26 10:00:00,77.15,77.22686
2020-03-26 11:00:00,77.15,77.218445
2020-03-26 12:00:00,77.16,77.204025
2020-03-26 13:00:00,77.16,77.35618
2020-03-26 14:00:00,77.16,77.22004
2020-03-26 15:00:00,77.17,77.2302
2020-03-26 16:00:00,77.17,77.344025
2020-03-26 17:00:00,77.18,77.24594
2020-03-26 18:00:00,77.18,77.23002
2020-03-26 19:00:00,77.18,77.30206
2020-03-26 20:00:00,77.18,77.24011
2020-03-26 21:00:00,77.18,77.25563
2020-03-26 22:00:00,77.18,77.32528
2020-03-26 23:00:00,77.18,77.27445
2020-03-27 00:00:00,77.18,77.264534
2020-03-27 01:00:00,77.19,77.3322
2020-03-27 02:00:00,77.19,77.27722
2020-03-27 03:00:00,77.19,77.302635
2020-03-27 04:00:00,77.19,77.33158
2020-03-27 05:00:00,77.19,77.340576
2020-03-27 06:00:00,77.19,77.3531
2020-03-27 07:00:00,77.2,77.33443
2020-03-27 08:00:00,77.2,77.348816
2020-03-27 09:00:00,77.2,77.35603
2020-03-27 10:00:00,77.2,77.32384
2020-03-27 11:00:00,77.2,77.35364
2020-03-27 12:00:00,77.2,77.350586
2020-03-27 13:00:00,77.2,77.327805
2020-03-27 14:00:00,77.2,77.32648
2020-03-27 15:00:00,77.2,77.32886
2020-03-27 16:00:00,77.2,77.292336
2020-03-27 17:00:00,77.2,77.29609
2020-03-27 18:00:00,77.2,77.27428
2020-03-27 19:00:00,77.2,77.293625
2020-03-27 20:00:00,77.21,77.28883
2020-03-27 21:00:00,77.21,77.27221
2020-03-27 22:00:00,77.22,77.24457
2020-03-27 23:00:00,77.23,77.216866
2020-03-28 00:00:00,77.23,77.225525
2020-03-28 01:00:00,77.24,77.222015
2020-03-28 02:00:00,77.24,77.246506
2020-03-28 03:00:00,77.24,77.21057
2020-03-28 04:00:00,77.25,77.21565
2020-03-28 05:00:00,77.25,77.21454
2020-03-28 06:00:00,77.25,77.199814
2020-03-28 07:00:00,77.25,77.22756
2020-03-28 08:00:00,77.25,77.1922
2020-03-28 09:00:00,77.24,77.16709
2020-03-28 10:00:00,77.24,77.16246
2020-03-28 11:00:00,77.23,77.15244
2020-03-28 12:00:00,77.23,77.14897
2020-03-28 13:00:00,77.23,77.14347
2020-03-28 14:00:00,77.22,77.140564
2020-03-28 15:00:00,77.22,77.14043
2020-03-28 16:00:00,77.22,77.14108
2020-03-28 17:00:00,77.21,77.14468
2020-03-28 18:00:00,77.21,77.14092
2020-03-28 19:00:00,77.2,77.13473
2020-03-28 20:00:00,77.2,77.135826
2020-03-28 21:00:00,77.2,77.132164
2020-03-28 22:00:00,77.19,77.14078
2020-03-28 23:00:00,77.19,77.134125
2020-03-29 00:00:00,77.19,77.16243
2020-03-29 01:00:00,77.19,77.16724
2020-03-29 02:00:00,77.18,77.15681
2020-03-29 03:00:00,77.18,77.15982
2020-03-29 04:00:00,77.18,77.169685
2020-03-29 05:00:00,77.18,77.166046
2020-03-29 06:00:00,77.18,77.15579
2020-03-29 07:00:00,77.18,77.14175
2020-03-29 08:00:00,77.18,77.15721
2020-03-29 09:00:00,77.18,77.15604
2020-03-29 10:00:00,77.17,77.1551
2020-03-29 11:00:00,77.18,77.156685
2020-03-29 12:00:00,77.18,77.14291
2020-03-29 13:00:00,77.18,77.15201
2020-03-29 14:00:00,77.18,77.1827
2020-03-29 15:00:00,77.18,77.16971
2020-03-29 16:00:00,77.18,77.16003
2020-03-29 17:00:00,77.17,77.15255
2020-03-29 18:00:00,77.16,77.169136
2020-03-29 19:00:00,77.16,77.17478
2020-03-29 20:00:00,77.16,77.15506
2020-03-29 21:00:00,77.16,77.19447
2020-03-29 22:00:00,77.16,77.210754
2020-03-29 23:00:00,77.16,77.20575
2020-03-30 00:00:00,77.16,77.195366
2020-03-30 01:00:00,77.15,77.2009
2020-03-30 02:00:00,77.15,77.190765
2020-03-30 03:00:00,77.15,77.19089
2020-03-30 04:00:00,77.15,77.17907
2020-03-30 05:00:00,77.15,77.18223
2020-03-30 06:00:00,77.15,77.17869
2020-03-30 07:00:00,77.15,77.18766
2020-03-30 08:00:00,77.15,77.195724
2020-03-30 09:00:00,77.14,77.21355
2020-03-30 10:00:00,77.14,77.2375
2020-03-30 11:00:00,77.14,77.215614
2020-03-30 12:00:00,77.15,77.24459
2020-03-30 13:00:00,77.15,77.23871
2020-03-30 14:00:00,77.15,77.23571
2020-03-30 15:00:00,77.14,77.25818
2020-03-30 16:00:00,77.14,77.24054
2020-03-30 17:00:00,77.14,77.23936
2020-03-30 18:00:00,77.13,77.23665
2020-03-30 19:00:00,77.13,77.21946
2020-03-30 20:00:00,77.12,77.233284
2020-03-30 21:00:00,77.12,77.25668
2020-03-30 22:00:00,77.12,77.24336
2020-03-30 23:00:00,77.12,77.24573
2020-03-31 00:00:00,77.12,77.23604
2020-03-31 01:00:00,77.11,77.22848
2020-03-31 02:00:00,77.11,77.2132
2020-03-31 03:00:00,77.11,77.210045
2020-03-31 04:00:00,77.11,77.20111
2020-03-31 05:00:00,77.11,77.2037
2020-03-31 06:00:00,77.11,77.20592
2020-03-31 07:00:00,77.11,77.19902
2020-03-31 08:00:00,77.11,77.194244
2020-03-31 09:00:00,77.11,77.18934
2020-03-31 10:00:00,77.11,77.20637
2020-03-31 11:00:00,77.11,77.23464
2020-03-31 12:00:00,77.11,77.235794
2020-03-31 13:00:00,77.11,77.25247
2020-03-31 14:00:00,77.12,77.293526
2020-03-31 15:00:00,77.11,77.28228
2020-03-31 16:00:00,77.11,77.27008
2020-03-31 17:00:00,77.11,77.25365
2020-03-31 18:00:00,77.1,77.23548
2020-03-31 19:00:00,77.09,77.25378
2020-03-31 20:00:00,77.09,77.220955
2020-03-31 21:00:00,77.09,77.247116
2020-03-31 22:00:00,77.08,77.226234
2020-03-31 23:00:00,77.08,77.25483
2020-04-01 00:00:00,77.08,77.24106
2020-04-01 01:00:00,77.08,77.22224
2020-04-01 02:00:00,77.08,77.23791
2020-04-01 03:00:00,77.08,77.171936
2020-04-01 04:00:00,77.08,77.18786
2020-04-01 05:00:00,77.08,77.2365
2020-04-01 06:00:00,77.08,77.22129
2020-04-01 07:00:00,77.08,77.17121
2020-04-01 08:00:00,77.08,77.23049
2020-04-01 09:00:00,77.08,77.200226
2020-04-01 10:00:00,77.08,77.221085
2020-04-01 11:00:00,77.09,77.20299
2020-04-01 12:00:00,77.1,77.20728
2020-04-01 13:00:00,77.11,77.241905
2020-04-01 14:00:00,77.12,77.25235
2020-04-01 15:00:00,77.12,77.25362
2020-04-01 16:00:00,77.12,77.25395
2020-04-01 17:00:00,77.12,77.23968
2020-04-01 18:00:00,77.12,77.22731
2020-04-01 19:00:00,77.12,77.19657
2020-04-01 20:00:00,77.12,77.17094
2020-04-01 21:00:00,77.12,77.17037
2020-04-01 22:00:00,77.12,77.15103
2020-04-01 23:00:00,77.12,77.15481
2020-04-02 00:00:00,77.12,77.157234
2020-04-02 01:00:00,77.12,77.15303
2020-04-02 02:00:00,77.12,77.14665
2020-04-02 03:00:00,77.12,77.15216
2020-04-02 04:00:00,77.12,77.21467
2020-04-02 05:00:00,77.12,77.2089
2020-04-02 06:00:00,77.12,77.14211
2020-04-02 07:00:00,77.12,77.12313
2020-04-02 08:00:00,77.12,77.165306
2020-04-02 09:00:00,77.12,77.13979
2020-04-02 10:00:00,77.12,77.14113
2020-04-02 11:00:00,77.12,77.14964
2020-04-02 12:00:00,77.13,77.16458
2020-04-02 13:00:00,77.13,77.17621
2020-04-02 14:00:00,77.13,77.18235
2020-04-02 15:00:00,77.13,77.18374
2020-04-02 16:00:00,77.13,77.19833
2020-04-02 17:00:00,77.13,77.189064
2020-04-02 18:00:00,77.12,77.177376
2020-04-02 19:00:00,77.12,77.1783
2020-04-02 20:00:00,77.12,77.180824
2020-04-02 21:00:00,77.12,77.17432
2020-04-02 22:00:00,77.12,77.146904
2020-04-02 23:00:00,77.12,77.15586
2020-04-03 00:00:00,77.12,77.15674
2020-04-03 01:00:00,77.12,77.15376
2020-04-03 02:00:00,77.12,77.1716
2020-04-03 03:00:00,77.12,77.13758
2020-04-03 04:00:00,77.12,77.13745
2020-04-03 05:00:00,77.12,77.133705
2020-04-03 06:00:00,77.12,77.13156
2020-04-03 07:00:00,77.12,77.1294
2020-04-03 08:00:00,77.12,77.13635
2020-04-03 09:00:00,77.11,77.136986
2020-04-03 10:00:00,77.12,77.14933
2020-04-03 11:00:00,77.12,77.18231
2020-04-03 12:00:00,77.12,77.1682
2020-04-03 13:00:00,77.12,77.18379
2020-04-03 14:00:00,77.13,77.194885
2020-04-03 15:00:00,77.13,77.207985
2020-04-03 16:00:00,77.13,77.206154
2020-04-03 17:00:00,77.12,77.21546
2020-04-03 18:00:00,77.11,77.21712
2020-04-03 19:00:00,77.11,77.18923
2020-04-03 20:00:00,77.11,77.17207
2020-04-03 21:00:00,77.1,77.14641
2020-04-03 22:00:00,77.1,77.17563
2020-04-03 23:00:00,77.1,77.144135
2020-04-04 00:00:00,77.1,77.13835
2020-04-04 01:00:00,77.1,77.16667
2020-04-04 02:00:00,77.11,77.1744
2020-04-04 03:00:00,77.11,77.17779
2020-04-04 04:00:00,77.11,77.16673
2020-04-04 05:00:00,77.11,77.16231
2020-04-04 06:00:00,77.11,77.14745
2020-04-04 07:00:00,77.11,77.16334
2020-04-04 08:00:00,77.11,77.15883
2020-04-04 09:00:00,77.11,77.18662
2020-04-04 10:00:00,77.11,77.1553
2020-04-04 11:00:00,77.12,77.164505
2020-04-04 12:00:00,77.12,77.17857
2020-04-04 13:00:00,77.13,77.18326
2020-04-04 14:00:00,77.13,77.194916
2020-04-04 15:00:00,77.13,77.22909
2020-04-04 16:00:00,77.13,77.22774
2020-04-04 17:00:00,77.13,77.20935
2020-04-04 18:00:00,77.13,77.1827
2020-04-04 19:00:00,77.12,77.152725
2020-04-04 20:00:00,77.12,77.14175
2020-04-04 21:00:00,77.12,77.14988
2020-04-04 22:00:00,77.12,77.19525
2020-04-04 23:00:00,77.12,77.16551
2020-04-05 00:00:00,77.13,77.175606
2020-04-05 01:00:00,77.13,77.17728
2020-04-05 02:00:00,77.13,77.17862
2020-04-05 03:00:00,77.13,77.17046
2020-04-05 04:00:00,77.13,77.163445
2020-04-05 05:00:00,77.14,77.1603
2020-04-05 06:00:00,77.14,77.15683
2020-04-05 07:00:00,77.14,77.15844
2020-04-05 08:00:00,77.14,77.163506
2020-04-05 09:00:00,77.14,77.1617
2020-04-05 10:00:00,77.14,77.177986
2020-04-05 11:00:00,77.14,77.15255
2020-04-05 12:00:00,77.15,77.17632
2020-04-05 13:00:00,77.15,77.21285
2020-04-05 14:00:00,77.15,77.2046
2020-04-05 15:00:00,77.15,77.18058
2020-04-05 16:00:00,77.15,77.2294
2020-04-05 17:00:00,77.15,77.18974
2020-04-05 18:00:00,77.15,77.207245
2020-04-05 19:00:00,77.14,77.19495
2020-04-05 20:00:00,77.14,77.1811
2020-04-05 21:00:00,77.14,77.14454
2020-04-05 22:00:00,77.14,77.14211
2020-04-05 23:00:00,77.14,77.14747
2020-04-06 00:00:00,77.14,77.15394
2020-04-06 01:00:00,77.14,77.15773
2020-04-06 02:00:00,77.14,77.153366
2020-04-06 03:00:00,77.14,77.15665
2020-04-06 04:00:00,77.15,77.171585
2020-04-06 05:00:00,77.15,77.17524
2020-04-06 06:00:00,77.15,77.16422
2020-04-06 07:00:00,77.15,77.17468
2020-04-06 08:00:00,77.15,77.17185
2020-04-06 09:00:00,77.15,77.16525
2020-04-06 10:00:00,77.15,77.14938
2020-04-06 11:00:00,77.15,77.13286
2020-04-06 12:00:00,77.16,77.14356
2020-04-06 13:00:00,77.16,77.156876
2020-04-06 14:00:00,77.16,77.16836
2020-04-06 15:00:00,77.17,77.180374
2020-04-06 16:00:00,77.16,77.21697
2020-04-06 17:00:00,77.16,77.194496
2020-04-06 18:00:00,77.15,77.20188
2020-04-06 19:00:00,77.15,77.175995
2020-04-06 20:00:00,77.15,77.2067
2020-04-06 21:00:00,77.15,77.16368
2020-04-06 22:00:00,77.15,77.13859
2020-04-06 23:00:00,77.15,77.136604
2020-04-07 00:00:00,77.15,77.13415
2020-04-07 01:00:00,77.15,77.129845
2020-04-07 02:00:00,77.15,77.15551
2020-04-07 03:00:00,77.15,77.126785
2020-04-07 04:00:00,77.15,77.1254
2020-04-07 05:00:00,77.15,77.124565
2020-04-07 06:00:00,77.15,77.12595
2020-04-07 07:00:00,77.15,77.124985
2020-04-07 08:00:00,77.15,77.1607
2020-04-07 09:00:00,77.15,77.15967
2020-04-07 10:00:00,77.16,77.178474
2020-04-07 11:00:00,77.16,77.23979
2020-04-07 12:00:00,77.16,77.261444
2020-04-07 13:00:00,77.17,77.2693
2020-04-07 14:00:00,77.17,77.27425
2020-04-07 15:00:00,77.17,77.284386
2020-04-07 16:00:00,77.17,77.284966
2020-04-07 17:00:00,77.16,77.29026
2020-04-07 18:00:00,77.16,77.26901
2020-04-07 19:00:00,77.16,77.26165
2020-04-07 20:00:00,77.15,77.25207
2020-04-07 21:00:00,77.15,77.23967
2020-04-07 22:00:00,77.15,77.22701
2020-04-07 23:00:00,77.15,77.20651
2020-04-08 00:00:00,77.15,77.186905
2020-04-08 01:00:00,77.15,77.194084
2020-04-08 02:00:00,77.15,77.17422
2020-04-08 03:00:00,77.16,77.158066
2020-04-08 04:00:00,77.16,77.17565
2020-04-08 05:00:00,77.16,77.13884
2020-04-08 06:00:00,77.16,77.14259
2020-04-08 07:00:00,77.16,77.14556
2020-04-08 08:00:00,77.16,77.14536
2020-04-08 09:00:00,77.16,77.14894
2020-04-08 10:00:00,77.16,77.15596
2020-04-08 11:00:00,77.16,77.17924
2020-04-08 12:00:00,77.16,77.22573
2020-04-08 13:00:00,77.17,77.22489
2020-04-08 14:00:00,77.17,77.23362
2020-04-08 15:00:00,77.17,77.24332
2020-04-08 16:00:00,77.17,77.2537
2020-04-08 17:00:00,77.16,77.23431
2020-04-08 18:00:00,77.16,77.22507
2020-04-08 19:00:00,77.15,77.187294
2020-04-08 20:00:00,77.15,77.177284
2020-04-08 21:00:00,77.15,77.164185
2020-04-08 22:00:00,77.15,77.145035
2020-04-08 23:00:00,77.15,77.135826
2020-04-09 00:00:00,77.15,77.131905
2020-04-09 01:00:00,77.15,77.12248
2020-04-09 02:00:00,77.15,77.12408
2020-04-09 03:00:00,77.15,77.12069
2020-04-09 04:00:00,77.15,77.149185
2020-04-09 05:00:00,77.16,77.16436
2020-04-09 06:00:00,77.15,77.140816
2020-04-09 07:00:00,77.15,77.14138
2020-04-09 08:00:00,77.15,77.136284
2020-04-10 09:00:00,77.08,77.15167
2020-04-10 10:00:00,77.08,77.21162
2020-04-10 11:00:00,77.08,77.21084
2020-04-10 12:00:00,77.08,77.19228
2020-04-10 13:00:00,77.09,77.180626
2020-04-10 14:00:00,77.09,77.1838
2020-04-10 15:00:00,77.09,77.163826
2020-04-10 16:00:00,77.09,77.183136
2020-04-10 17:00:00,77.09,77.16942
2020-04-10 18:00:00,77.08,77.180466
2020-04-10 19:00:00,77.08,77.16747
2020-04-10 20:00:00,77.08,77.174576
2020-04-10 21:00:00,77.08,77.164856
2020-04-10 22:00:00,77.08,77.18523
2020-04-10 23:00:00,77.08,77.20096
2020-04-11 00:00:00,77.08,77.199295
2020-04-11 01:00:00,77.08,77.211
2020-04-11 02:00:00,77.09,77.201195
2020-04-11 03:00:00,77.09,77.170845
2020-04-11 04:00:00,77.09,77.20058
2020-04-11 05:00:00,77.09,77.20839
2020-04-11 06:00:00,77.09,77.22387
2020-04-11 07:00:00,77.09,77.22071
2020-04-11 08:00:00,77.09,77.216644
2020-04-11 09:00:00,77.09,77.18309
2020-04-11 10:00:00,77.09,77.20971
2020-04-11 11:00:00,77.09,77.21811
2020-04-11 12:00:00,77.09,77.25955
2020-04-11 13:00:00,77.1,77.22813
2020-04-11 14:00:00,77.1,77.23343
2020-04-11 15:00:00,77.1,77.230354
2020-04-11 16:00:00,77.1,77.204384
2020-04-11 17:00:00,77.1,77.19625
2020-04-11 18:00:00,77.1,77.2081
2020-04-11 19:00:00,77.1,77.21962
2020-04-11 20:00:00,77.1,77.22102
2020-04-11 21:00:00,77.11,77.19232
2020-04-11 22:00:00,77.11,77.19414
2020-04-11 23:00:00,77.11,77.20716
2020-04-12 00:00:00,77.11,77.21032
2020-04-12 01:00:00,77.11,77.20415
2020-04-12 02:00:00,77.11,77.210686
2020-04-12 03:00:00,77.12,77.20784
2020-04-12 04:00:00,77.12,77.220055
2020-04-12 05:00:00,77.12,77.22524
2020-04-12 06:00:00,77.12,77.21517
2020-04-12 07:00:00,77.12,77.23752
2020-04-12 08:00:00,77.12,77.231384
2020-04-12 09:00:00,77.12,77.23934
2020-04-12 10:00:00,77.12,77.2589
2020-04-12 11:00:00,77.13,77.26043
2020-04-12 12:00:00,77.13,77.26527
2020-04-12 13:00:00,77.13,77.269806
2020-04-12 14:00:00,77.13,77.30768
2020-04-12 15:00:00,77.13,77.29562
2020-04-12 16:00:00,77.13,77.28184
2020-04-12 17:00:00,77.13,77.23745
2020-04-12 18:00:00,77.13,77.30288
2020-04-12 19:00:00,77.13,77.24683
2020-04-12 20:00:00,77.13,77.25136
2020-04-12 21:00:00,77.14,77.27037
2020-04-12 22:00:00,77.14,77.246735
2020-04-12 23:00:00,77.14,77.25684
2020-04-13 00:00:00,77.14,77.24625
2020-04-13 01:00:00,77.14,77.25206
2020-04-13 02:00:00,77.14,77.22856
2020-04-13 03:00:00,77.15,77.23104
2020-04-13 04:00:00,77.15,77.2472
2020-04-13 05:00:00,77.15,77.2438
2020-04-13 06:00:00,77.15,77.24446
2020-04-13 07:00:00,77.15,77.2395
2020-04-13 08:00:00,77.15,77.20371
2020-04-13 09:00:00,77.16,77.19907
2020-04-13 10:00:00,77.16,77.19437
2020-04-13 11:00:00,77.16,77.22594
2020-04-13 12:00:00,77.16,77.22643
2020-04-13 13:00:00,77.16,77.21069
2020-04-13 14:00:00,77.17,77.2064
2020-04-13 15:00:00,77.17,77.22865
2020-04-13 16:00:00,77.17,77.235016
2020-04-13 17:00:00,77.17,77.217735
2020-04-13 18:00:00,77.16,77.20579
2020-04-13 19:00:00,77.16,77.20233
2020-04-13 20:00:00,77.16,77.17675
2020-04-13 21:00:00,77.16,77.17147
2020-04-13 22:00:00,77.16,77.171684
2020-04-13 23:00:00,77.16,77.20761
2020-04-14 00:00:00,77.16,77.20352
2020-04-14 01:00:00,77.16,77.19758
2020-04-14 02:00:00,77.16,77.19476
2020-04-14 03:00:00,77.16,77.20489
2020-04-14 04:00:00,77.17,77.179855
2020-04-14 05:00:00,77.17,77.19288
2020-04-14 06:00:00,77.17,77.17047
2020-04-14 07:00:00,77.17,77.166405
2020-04-14 08:00:00,77.17,77.1808
2020-04-14 09:00:00,77.17,77.16692
2020-04-14 10:00:00,77.17,77.153336
2020-04-14 11:00:00,77.18,77.16624
2020-04-14 12:00:00,77.18,77.18959
2020-04-14 13:00:00,77.18,77.20244
2020-04-14 14:00:00,77.19,77.21932
2020-04-14 15:00:00,77.19,77.237915
2020-04-14 16:00:00,77.19,77.248924
2020-04-14 17:00:00,77.19,77.25192
2020-04-14 18:00:00,77.18,77.23973
2020-04-14 19:00:00,77.17,77.23631
2020-04-14 20:00:00,77.17,77.20985
2020-04-14 21:00:00,77.17,77.17394
2020-04-14 22:00:00,77.17,77.20655
2020-04-14 23:00:00,77.17,77.20485
2020-04-15 00:00:00,77.17,77.19079
2020-04-15 01:00:00,77.17,77.19565
2020-04-15 02:00:00,77.17,77.20435
2020-04-15 03:00:00,77.17,77.205086
2020-04-15 04:00:00,77.17,77.20419
2020-04-15 05:00:00,77.17,77.195114
2020-04-15 06:00:00,77.17,77.19024
2020-04-15 07:00:00,77.17,77.20098
2020-04-15 08:00:00,77.17,77.2135
2020-04-15 09:00:00,77.17,77.22021
2020-04-15 10:00:00,77.17,77.17688
2020-04-15 11:00:00,77.17,77.18228
2020-04-15 12:00:00,77.17,77.21783
2020-04-15 13:00:00,77.18,77.267914
2020-04-15 14:00:00,77.18,77.264
2020-04-15 15:00:00,77.18,77.31498
2020-04-15 16:00:00,77.18,77.28105
2020-04-15 17:00:00,77.17,77.25705
2020-04-15 18:00:00,77.17,77.274956
2020-04-15 19:00:00,77.16,77.23911
2020-04-15 20:00:00,77.16,77.2674
2020-04-15 21:00:00,77.16,77.26279
2020-04-15 22:00:00,77.16,77.2549
2020-04-15 23:00:00,77.16,77.2659
2020-04-16 00:00:00,77.16,77.2547
2020-04-16 01:00:00,77.16,77.23092
2020-04-16 02:00:00,77.16,77.227394
2020-04-16 03:00:00,77.16,77.232086
2020-04-16 04:00:00,77.16,77.21992
2020-04-16 05:00:00,77.17,77.21419
2020-04-16 06:00:00,77.16,77.21617
2020-04-16 07:00:00,77.16,77.19767
2020-04-16 08:00:00,77.16,77.18585
2020-04-16 09:00:00,77.16,77.20875
2020-04-16 10:00:00,77.17,77.19869
2020-04-16 11:00:00,77.17,77.1913
2020-04-16 12:00:00,77.17,77.19894
2020-04-16 13:00:00,77.18,77.20605
2020-04-16 14:00:00,77.18,77.214905
2020-04-16 15:00:00,77.18,77.22506
2020-04-16 16:00:00,77.18,77.23304
2020-04-16 17:00:00,77.17,77.230095
2020-04-16 18:00:00,77.17,77.26301
2020-04-16 19:00:00,77.16,77.20438
2020-04-16 20:00:00,77.16,77.209915
2020-04-16 21:00:00,77.16,77.19768
2020-04-16 22:00:00,77.16,77.20807
2020-04-16 23:00:00,77.16,77.20917
2020-04-17 00:00:00,77.16,77.20664
2020-04-17 01:00:00,77.17,77.206
2020-04-17 02:00:00,77.17,77.21515
2020-04-17 03:00:00,77.17,77.2166
2020-04-17 04:00:00,77.17,77.218834
2020-04-17 05:00:00,77.17,77.221016
2020-04-17 06:00:00,77.17,77.230644
2020-04-17 07:00:00,77.17,77.24209
2020-04-17 08:00:00,77.18,77.30708
2020-04-17 09:00:00,77.18,77.275154
2020-04-17 10:00:00,77.19,77.30071
2020-04-17 11:00:00,77.2,77.34258
2020-04-17 12:00:00,77.21,77.34467
2020-04-17 13:00:00,77.22,77.31998
2020-04-17 14:00:00,77.23,77.31981
2020-04-17 15:00:00,77.24,77.328606
2020-04-17 16:00:00,77.25,77.33862
2020-04-17 17:00:00,77.25,77.340965
2020-04-17 18:00:00,77.25,77.358795
2020-04-17 19:00:00,77.25,77.37035
2020-04-17 20:00:00,77.25,77.3525
2020-04-17 21:00:00,77.25,77.33716
2020-04-17 22:00:00,77.25,77.3388
2020-04-17 23:00:00,77.24,77.332886
2020-04-18 00:00:00,77.24,77.331314
2020-04-18 01:00:00,77.23,77.30699
2020-04-18 02:00:00,77.22,77.31092
2020-04-18 03:00:00,77.22,77.26011
2020-04-18 04:00:00,77.22,77.24948
2020-04-18 05:00:00,77.21,77.29737
2020-04-18 06:00:00,77.21,77.30934
2020-04-18 07:00:00,77.2,77.31649
2020-04-18 08:00:00,77.2,77.31084
2020-04-18 09:00:00,77.19,77.28332
2020-04-18 10:00:00,77.19,77.26988
2020-04-18 11:00:00,77.19,77.31009
2020-04-18 12:00:00,77.19,77.32499
2020-04-18 13:00:00,77.19,77.29288
2020-04-18 14:00:00,77.19,77.29094
2020-04-18 15:00:00,77.19,77.29771
2020-04-18 16:00:00,77.18,77.29829
2020-04-18 17:00:00,77.18,77.30686
2020-04-18 18:00:00,77.17,77.30603
2020-04-18 19:00:00,77.16,77.29992
2020-04-18 20:00:00,77.16,77.3022
2020-04-18 21:00:00,77.15,77.286
2020-04-18 22:00:00,77.15,77.29162
2020-04-18 23:00:00,77.15,77.26289
2020-04-19 00:00:00,77.15,77.25966
2020-04-19 01:00:00,77.15,77.255684
2020-04-19 02:00:00,77.15,77.25601
2020-04-19 03:00:00,77.15,77.25646
2020-04-19 04:00:00,77.15,77.23318
2020-04-19 05:00:00,77.15,77.249466
2020-04-19 06:00:00,77.15,77.23976
2020-04-19 07:00:00,77.14,77.23332
2020-04-19 08:00:00,77.14,77.22469
2020-04-19 09:00:00,77.14,77.22369
2020-04-19 10:00:00,77.14,77.22995
2020-04-19 11:00:00,77.14,77.230156
2020-04-19 12:00:00,77.14,77.22683
2020-04-19 13:00:00,77.14,77.23551
2020-04-19 14:00:00,77.14,77.22906
2020-04-19 15:00:00,77.15,77.23848
2020-04-19 16:00:00,77.15,77.27397
2020-04-19 17:00:00,77.15,77.3038
2020-04-19 18:00:00,77.16,77.28374
2020-04-19 19:00:00,77.17,77.29083
2020-04-19 20:00:00,77.18,77.280136
2020-04-19 21:00:00,77.19,77.29026
2020-04-19 22:00:00,77.2,77.265305
2020-04-19 23:00:00,77.21,77.27518
2020-04-20 00:00:00,77.22,77.283226
2020-04-20 01:00:00,77.23,77.279816
2020-04-20 02:00:00,77.24,77.28027
2020-04-20 03:00:00,77.25,77.2743
2020-04-20 04:00:00,77.25,77.28926
2020-04-20 05:00:00,77.26,77.29263
2020-04-20 06:00:00,77.26,77.3174
2020-04-20 07:00:00,77.26,77.30248
2020-04-20 08:00:00,77.26,77.29999
2020-04-20 09:00:00,77.26,77.2853
2020-04-20 10:00:00,77.27,77.33637
2020-04-20 11:00:00,77.27,77.3239
2020-04-20 12:00:00,77.27,77.316025
2020-04-20 13:00:00,77.28,77.3201
2020-04-20 14:00:00,77.28,77.31617
2020-04-20 15:00:00,77.28,77.31515
2020-04-20 16:00:00,77.28,77.321754
2020-04-20 17:00:00,77.27,77.307755
2020-04-20 18:00:00,77.27,77.29579
2020-04-20 19:00:00,77.27,77.28515
2020-04-20 20:00:00,77.27,77.28304
2020-04-20 21:00:00,77.26,77.26993
2020-04-20 22:00:00,77.26,77.29948
2020-04-20 23:00:00,77.26,77.22803
2020-04-21 00:00:00,77.26,77.24536
2020-04-21 01:00:00,77.26,77.236404
2020-04-21 02:00:00,77.26,77.223335
2020-04-21 03:00:00,77.26,77.22942
2020-04-21 04:00:00,77.26,77.22989
2020-04-21 05:00:00,77.26,77.22597
2020-04-21 06:00:00,77.25,77.244934
2020-04-21 07:00:00,77.25,77.21266
2020-04-21 08:00:00,77.25,77.21302
2020-04-21 09:00:00,77.25,77.20547
2020-04-21 10:00:00,77.25,77.21427
2020-04-21 11:00:00,77.25,77.21475
2020-04-21 12:00:00,77.25,77.22289
2020-04-21 13:00:00,77.25,77.22259
2020-04-21 14:00:00,77.25,77.23292
2020-04-21 15:00:00,77.25,77.2301
2020-04-21 16:00:00,77.25,77.22861
2020-04-21 17:00:00,77.24,77.229836
2020-04-21 18:00:00,77.24,77.20316
2020-04-21 19:00:00,77.23,77.20582
2020-04-21 20:00:00,77.23,77.17503
2020-04-21 21:00:00,77.22,77.16839
2020-04-21 22:00:00,77.22,77.17213
2020-04-21 23:00:00,77.22,77.170494
2020-04-22 00:00:00,77.22,77.17499
2020-04-22 01:00:00,77.22,77.1731
2020-04-22 02:00:00,77.22,77.16467
2020-04-22 03:00:00,77.22,77.16182
2020-04-22 04:00:00,77.22,77.159035
2020-04-22 05:00:00,77.22,77.15909
2020-04-22 06:00:00,77.21,77.16093
2020-04-22 07:00:00,77.21,77.17875
2020-04-22 08:00:00,77.21,77.16691
2020-04-22 09:00:00,77.21,77.14451
2020-04-22 10:00:00,77.21,77.15091
2020-04-22 11:00:00,77.21,77.17065
2020-04-22 12:00:00,77.21,77.179054
2020-04-22 13:00:00,77.21,77.17921
2020-04-22 14:00:00,77.21,77.221725
2020-04-22 15:00:00,77.21,77.20141
2020-04-22 16:00:00,77.21,77.17921
2020-04-22 17:00:00,77.2,77.17128
2020-04-22 18:00:00,77.19,77.16578
2020-04-22 19:00:00,77.19,77.15465
2020-04-22 20:00:00,77.18,77.149605
2020-04-22 21:00:00,77.18,77.14823
2020-04-22 22:00:00,77.18,77.15967
2020-04-22 23:00:00,77.18,77.14251
2020-04-23 00:00:00,77.18,77.142334
2020-04-23 01:00:00,77.18,77.147896
2020-04-23 02:00:00,77.18,77.15004
2020-04-23 03:00:00,77.18,77.16023
2020-04-23 04:00:00,77.18,77.16074
2020-04-23 05:00:00,77.18,77.15331
2020-04-23 06:00:00,77.17,77.16388
2020-04-23 07:00:00,77.17,77.16624
2020-04-23 08:00:00,77.17,77.17127
2020-04-23 09:00:00,77.17,77.15245
2020-04-23 10:00:00,77.17,77.15615
2020-04-23 11:00:00,77.17,77.15688
2020-04-23 12:00:00,77.17,77.16331
2020-04-23 13:00:00,77.18,77.16138
2020-04-23 14:00:00,77.17,77.16808
2020-04-23 15:00:00,77.18,77.18463
2020-04-23 16:00:00,77.17,77.18752
2020-04-23 17:00:00,77.17,77.18731
2020-04-23 18:00:00,77.16,77.18621
2020-04-23 19:00:00,77.16,77.16174
2020-04-23 20:00:00,77.15,77.155495
2020-04-23 21:00:00,77.15,77.18215
2020-04-23 22:00:00,77.15,77.18178
2020-04-23 23:00:00,77.15,77.16155
2020-04-24 00:00:00,77.15,77.15681
2020-04-24 01:00:00,77.15,77.156906
2020-04-24 02:00:00,77.15,77.15323
2020-04-24 03:00:00,77.15,77.159355
2020-04-24 04:00:00,77.15,77.156654
2020-04-24 05:00:00,77.15,77.14531
2020-04-24 06:00:00,77.14,77.15119
2020-04-24 07:00:00,77.14,77.16795
2020-04-24 08:00:00,77.14,77.183655
2020-04-24 09:00:00,77.14,77.16825
2020-04-24 10:00:00,77.14,77.14992
2020-04-24 11:00:00,77.15,77.15876
2020-04-24 12:00:00,77.15,77.16566
2020-04-24 13:00:00,77.15,77.20363
2020-04-24 14:00:00,77.15,77.19986
2020-04-24 15:00:00,77.15,77.18976
2020-04-24 16:00:00,77.15,77.191246
2020-04-24 17:00:00,77.14,77.18699
2020-04-24 18:00:00,77.14,77.21412
2020-04-24 19:00:00,77.13,77.16757
2020-04-24 20:00:00,77.13,77.16342
2020-04-24 21:00:00,77.13,77.171936
2020-04-24 22:00:00,77.12,77.18714
2020-04-24 23:00:00,77.12,77.18995
2020-04-25 00:00:00,77.12,77.196495
2020-04-25 01:00:00,77.12,77.20327
2020-04-25 02:00:00,77.12,77.20216
2020-04-25 03:00:00,77.12,77.20079
2020-04-25 04:00:00,77.12,77.19934
2020-04-25 05:00:00,77.12,77.19801
2020-04-25 06:00:00,77.12,77.18192
2020-04-25 07:00:00,77.12,77.189415
2020-04-25 08:00:00,77.12,77.19657
2020-04-25 09:00:00,77.12,77.1981
2020-04-25 10:00:00,77.12,77.1907
2020-04-25 11:00:00,77.12,77.18026
2020-04-25 12:00:00,77.13,77.191864
2020-04-25 13:00:00,77.13,77.2184
2020-04-25 14:00:00,77.13,77.23742
2020-04-25 15:00:00,77.13,77.25497
2020-04-25 16:00:00,77.13,77.27421
2020-04-25 17:00:00,77.12,77.25439
2020-04-25 18:00:00,77.12,77.259125
2020-04-25 19:00:00,77.11,77.22466
2020-04-25 20:00:00,77.11,77.2041
2020-04-25 21:00:00,77.11,77.228134
2020-04-25 22:00:00,77.11,77.2143
2020-04-25 23:00:00,77.1,77.21504
2020-04-26 00:00:00,77.1,77.21369
2020-04-26 01:00:00,77.1,77.22414
2020-04-26 02:00:00,77.1,77.20392
2020-04-26 03:00:00,77.1,77.21406
2020-04-26 04:00:00,77.1,77.209274
2020-04-26 05:00:00,77.1,77.19387
2020-04-26 06:00:00,77.1,77.199135
2020-04-26 07:00:00,77.1,77.19365
2020-04-26 08:00:00,77.1,77.20156
2020-04-26 09:00:00,77.1,77.224434
2020-04-26 10:00:00,77.1,77.231674
2020-04-26 11:00:00,77.1,77.24325
2020-04-26 12:00:00,77.11,77.24759
2020-04-26 13:00:00,77.11,77.25959
2020-04-26 14:00:00,77.11,77.27363
2020-04-26 15:00:00,77.11,77.27968
2020-04-26 16:00:00,77.11,77.27913
2020-04-26 17:00:00,77.1,77.30396
2020-04-26 18:00:00,77.1,77.28792
2020-04-26 19:00:00,77.09,77.252266
2020-04-26 20:00:00,77.09,77.24083
2020-04-26 21:00:00,77.09,77.222534
2020-04-26 22:00:00,77.09,77.21065
2020-04-26 23:00:00,77.09,77.207886
2020-04-27 00:00:00,77.08,77.18869
2020-04-27 01:00:00,77.08,77.17953
2020-04-27 02:00:00,77.08,77.167564
2020-04-27 03:00:00,77.08,77.17303
2020-04-27 04:00:00,77.08,77.1488
2020-04-27 05:00:00,77.08,77.171234
2020-04-27 06:00:00,77.08,77.17398
2020-04-27 07:00:00,77.08,77.19212
2020-04-27 08:00:00,77.08,77.20845
2020-04-27 09:00:00,77.08,77.22223
2020-04-27 10:00:00,77.09,77.20323
2020-04-27 11:00:00,77.09,77.20274
2020-04-27 12:00:00,77.09,77.19701
2020-04-27 13:00:00,77.09,77.207924
2020-04-27 14:00:00,77.09,77.21965
2020-04-27 15:00:00,77.09,77.286575
2020-04-27 16:00:00,77.09,77.23309
2020-04-27 17:00:00,77.09,77.22406
2020-04-27 18:00:00,77.08,77.22128
2020-04-27 19:00:00,77.08,77.20225
2020-04-27 20:00:00,77.07,77.18769
2020-04-27 21:00:00,77.07,77.19054
2020-04-27 22:00:00,77.07,77.18774
2020-04-27 23:00:00,77.07,77.186424
2020-04-28 00:00:00,77.07,77.18349
2020-04-28 01:00:00,77.07,77.21018
2020-04-28 02:00:00,77.07,77.18947
2020-04-28 03:00:00,77.07,77.20677
2020-04-28 04:00:00,77.07,77.20365
2020-04-28 05:00:00,77.07,77.207344
2020-04-28 06:00:00,77.07,77.2045
2020-04-28 07:00:00,77.07,77.19589
2020-04-28 08:00:00,77.07,77.19672
2020-04-28 09:00:00,77.08,77.19837
2020-04-28 10:00:00,77.07,77.1853
2020-04-28 11:00:00,77.07,77.18144
2020-04-28 12:00:00,77.08,77.18476
2020-04-28 13:00:00,77.08,77.203064
2020-04-28 14:00:00,77.08,77.21195
2020-04-28 15:00:00,77.08,77.21659
2020-04-28 16:00:00,77.08,77.22607
2020-04-28 17:00:00,77.08,77.23051
2020-04-28 18:00:00,77.07,77.22173
2020-04-28 19:00:00,77.07,77.208755
2020-04-28 20:00:00,77.06,77.19773
2020-04-28 21:00:00,77.06,77.217384
2020-04-28 22:00:00,77.06,77.20489
2020-04-28 23:00:00,77.06,77.19669
2020-04-29 00:00:00,77.06,77.204445
2020-04-29 01:00:00,77.06,77.1915
2020-04-29 02:00:00,77.06,77.205315
2020-04-29 03:00:00,77.06,77.21653
2020-04-29 04:00:00,77.06,77.209175
2020-04-29 05:00:00,77.06,77.1961
2020-04-29 06:00:00,77.06,77.17952
2020-04-29 07:00:00,77.06,77.18355
2020-04-29 08:00:00,77.06,77.18513
2020-04-29 09:00:00,77.06,77.18738
2020-04-29 10:00:00,77.06,77.19455
2020-04-29 11:00:00,77.06,77.20296
2020-04-29 12:00:00,77.07,77.2073
2020-04-29 13:00:00,77.07,77.22392
2020-04-29 14:00:00,77.07,77.274635
2020-04-29 15:00:00,77.07,77.290405
2020-04-29 16:00:00,77.07,77.2946
2020-04-29 17:00:00,77.07,77.26566
2020-04-29 18:00:00,77.06,77.244995
2020-04-29 19:00:00,77.06,77.22417
2020-04-29 20:00:00,77.05,77.21329
2020-04-29 21:00:00,77.05,77.24628
2020-04-29 22:00:00,77.05,77.228
2020-04-29 23:00:00,77.05,77.24208
2020-04-30 00:00:00,77.05,77.233635
2020-04-30 01:00:00,77.05,77.22691
2020-04-30 02:00:00,77.05,77.22189
2020-04-30 03:00:00,77.05,77.200874
2020-04-30 04:00:00,77.05,77.20793
2020-04-30 05:00:00,77.05,77.19388
2020-04-30 06:00:00,77.05,77.192215
2020-04-30 07:00:00,77.05,77.18909
2020-04-30 08:00:00,77.05,77.21622
2020-04-30 09:00:00,77.05,77.23908
2020-04-30 10:00:00,77.05,77.25336
2020-04-30 11:00:00,77.06,77.229416
2020-04-30 12:00:00,77.06,77.234375
2020-04-30 13:00:00,77.07,77.24771
2020-04-30 14:00:00,77.07,77.27153
2020-04-30 15:00:00,77.07,77.28855
2020-04-30 16:00:00,77.06,77.28659
2020-04-30 17:00:00,77.06,77.27623
2020-04-30 18:00:00,77.05,77.266594
2020-04-30 19:00:00,77.05,77.25515
2020-04-30 20:00:00,77.04,77.24804
2020-04-30 21:00:00,77.04,77.261055
2020-04-30 22:00:00,77.04,77.25589
2020-04-30 23:00:00,77.04,77.2423
2020-05-01 00:00:00,77.04,77.23914
2020-05-01 01:00:00,77.04,77.24385
2020-05-01 02:00:00,77.04,77.25635
2020-05-01 03:00:00,77.04,77.25635
2020-05-01 04:00:00,77.04,77.26493
2020-05-01 05:00:00,77.04,77.26866
2020-05-01 06:00:00,77.04,77.26578
2020-05-01 07:00:00,77.04,77.28964
2020-05-01 08:00:00,77.04,77.32055
2020-05-01 09:00:00,77.04,77.329605
2020-05-01 10:00:00,77.04,77.35772
2020-05-01 11:00:00,77.04,77.364815
2020-05-01 12:00:00,77.04,77.37772
2020-05-01 13:00:00,77.05,77.38705
2020-05-01 14:00:00,77.05,77.4034
2020-05-01 15:00:00,77.05,77.4069
2020-05-01 16:00:00,77.05,77.40998
2020-05-01 17:00:00,77.05,77.40853
2020-05-01 18:00:00,77.04,77.39807
2020-05-01 19:00:00,77.04,77.391045
2020-05-01 20:00:00,77.03,77.38663
2020-05-01 21:00:00,77.04,77.370895
2020-05-01 22:00:00,77.04,77.360954
2020-05-01 23:00:00,77.05,77.348335
2020-05-02 00:00:00,77.06,77.344025
2020-05-02 01:00:00,77.07,77.34079
2020-05-02 02:00:00,77.07,77.33991
2020-05-02 03:00:00,77.08,77.34587
2020-05-02 04:00:00,77.08,77.34437
2020-05-02 05:00:00,77.09,77.34727
2020-05-02 06:00:00,77.09,77.33802
2020-05-02 07:00:00,77.09,77.32441
2020-05-02 08:00:00,77.09,77.33829
2020-05-02 09:00:00,77.1,77.356544
2020-05-02 10:00:00,77.1,77.38992
2020-05-02 11:00:00,77.11,77.41
2020-05-02 12:00:00,77.11,77.41149
2020-05-02 13:00:00,77.12,77.38711
2020-05-02 14:00:00,77.12,77.377754
2020-05-02 15:00:00,77.12,77.375626
2020-05-02 16:00:00,77.12,77.37645
2020-05-02 17:00:00,77.11,77.39071
2020-05-02 18:00:00,77.11,77.36818
2020-05-02 19:00:00,77.11,77.381584
2020-05-02 20:00:00,77.11,77.38045
2020-05-02 21:00:00,77.1,77.392426
2020-05-02 22:00:00,77.09,77.38798
2020-05-02 23:00:00,77.09,77.38669
2020-05-03 00:00:00,77.09,77.38241
2020-05-03 01:00:00,77.08,77.35562
2020-05-03 02:00:00,77.08,77.3642
2020-05-03 03:00:00,77.08,77.357765
2020-05-03 04:00:00,77.08,77.365616
2020-05-03 05:00:00,77.08,77.3729
2020-05-03 06:00:00,77.08,77.3781
2020-05-03 07:00:00,77.08,77.37675
2020-05-03 08:00:00,77.08,77.395836
2020-05-03 09:00:00,77.08,77.48363
2020-05-03 10:00:00,77.09,77.43978
2020-05-03 11:00:00,77.11,77.43516
2020-05-03 12:00:00,77.13,77.43538
2020-05-03 13:00:00,77.14,77.45544
2020-05-03 14:00:00,77.16,77.457504
2020-05-03 15:00:00,77.17,77.46906
2020-05-03 16:00:00,77.18,77.473366
2020-05-03 17:00:00,77.18,77.47244
2020-05-03 18:00:00,77.19,77.473045
2020-05-03 19:00:00,77.19,77.472725
2020-05-03 20:00:00,77.19,77.471695
2020-05-03 21:00:00,77.2,77.48112
2020-05-03 22:00:00,77.2,77.470535
2020-05-03 23:00:00,77.2,77.46103
2020-05-04 00:00:00,77.2,77.45866
2020-05-04 01:00:00,77.2,77.458755
2020-05-04 02:00:00,77.2,77.45585
2020-05-04 03:00:00,77.21,77.45954
2020-05-04 04:00:00,77.21,77.45863
2020-05-04 05:00:00,77.21,77.45202
2020-05-04 06:00:00,77.21,77.44438
2020-05-04 07:00:00,77.21,77.4466
2020-05-04 08:00:00,77.2,77.44931
2020-05-04 09:00:00,77.19,77.411545
2020-05-04 10:00:00,77.18,77.399086
2020-05-04 11:00:00,77.18,77.41159
2020-05-04 12:00:00,77.18,77.406105
2020-05-04 13:00:00,77.18,77.41771
2020-05-04 14:00:00,77.18,77.42732
2020-05-04 15:00:00,77.17,77.43181
2020-05-04 16:00:00,77.17,77.43858
2020-05-04 17:00:00,77.16,77.439095
2020-05-04 18:00:00,77.16,77.43341
2020-05-04 19:00:00,77.15,77.42965
2020-05-04 20:00:00,77.14,77.43227
2020-05-04 21:00:00,77.14,77.40164
2020-05-04 22:00:00,77.14,77.39777
2020-05-04 23:00:00,77.14,77.39095
2020-05-05 00:00:00,77.14,77.383484
2020-05-05 01:00:00,77.14,77.39518
2020-05-05 02:00:00,77.14,77.390144
2020-05-05 03:00:00,77.14,77.393654
2020-05-05 04:00:00,77.14,77.399574
2020-05-05 05:00:00,77.14,77.39736
2020-05-05 06:00:00,77.14,77.39715
2020-05-05 07:00:00,77.14,77.379944
2020-05-05 08:00:00,77.14,77.36748
2020-05-05 09:00:00,77.14,77.36537
2020-05-05 10:00:00,77.15,77.36431
2020-05-05 11:00:00,77.16,77.36689
2020-05-05 12:00:00,77.17,77.368324
2020-05-05 13:00:00,77.17,77.37717
2020-05-05 14:00:00,77.18,77.36736
2020-05-05 15:00:00,77.18,77.38619
2020-05-05 16:00:00,77.19,77.40733
2020-05-05 17:00:00,77.19,77.388054
2020-05-05 18:00:00,77.19,77.38186
2020-05-05 19:00:00,77.18,77.37919
2020-05-05 20:00:00,77.18,77.37193
2020-05-05 21:00:00,77.18,77.38342
2020-05-05 22:00:00,77.19,77.369705
2020-05-05 23:00:00,77.2,77.36248
2020-05-06 00:00:00,77.2,77.363846
2020-05-06 01:00:00,77.21,77.37226
2020-05-06 02:00:00,77.22,77.376366
2020-05-06 03:00:00,77.22,77.377686
2020-05-06 04:00:00,77.22,77.37766
2020-05-06 05:00:00,77.23,77.36875
2020-05-06 06:00:00,77.23,77.37823
2020-05-06 07:00:00,77.23,77.36453
2020-05-06 08:00:00,77.23,77.3372
2020-05-06 09:00:00,77.24,77.332184
2020-05-06 10:00:00,77.24,77.35418
2020-05-06 11:00:00,77.24,77.37084
2020-05-06 12:00:00,77.25,77.40409
2020-05-06 13:00:00,77.25,77.39062
2020-05-06 14:00:00,77.25,77.40738
2020-05-06 15:00:00,77.25,77.42129
2020-05-06 16:00:00,77.25,77.43377
2020-05-06 17:00:00,77.25,77.41571
2020-05-06 18:00:00,77.25,77.40687
2020-05-06 19:00:00,77.24,77.38986
2020-05-06 20:00:00,77.24,77.38151
2020-05-06 21:00:00,77.23,77.37555
2020-05-06 22:00:00,77.22,77.38113
2020-05-06 23:00:00,77.22,77.37897
2020-05-07 00:00:00,77.21,77.37025
2020-05-07 01:00:00,77.21,77.366974
2020-05-07 02:00:00,77.21,77.35961
2020-05-07 03:00:00,77.21,77.34607
2020-05-07 04:00:00,77.2,77.35157
2020-05-07 05:00:00,77.2,77.34863
2020-05-07 06:00:00,77.2,77.335945
2020-05-07 07:00:00,77.2,77.32654
2020-05-07 08:00:00,77.2,77.336876
2020-05-07 09:00:00,77.2,77.33335
2020-05-07 10:00:00,77.2,77.28582
2020-05-07 11:00:00,77.2,77.3007
2020-05-07 12:00:00,77.2,77.30865
2020-05-07 13:00:00,77.2,77.30672
2020-05-07 14:00:00,77.21,77.3112
2020-05-07 15:00:00,77.21,77.31561
2020-05-07 16:00:00,77.21,77.3219
2020-05-07 17:00:00,77.21,77.31479
2020-05-07 18:00:00,77.2,77.29096
2020-05-07 19:00:00,77.2,77.29633
2020-05-07 20:00:00,77.2,77.30387
2020-05-07 21:00:00,77.21,77.28943
2020-05-07 22:00:00,77.22,77.29428
2020-05-07 23:00:00,77.23,77.286705
2020-05-08 00:00:00,77.24,77.25929
2020-05-08 01:00:00,77.24,77.26461
2020-05-08 02:00:00,77.25,77.251526
2020-05-08 03:00:00,77.26,77.25862
2020-05-08 04:00:00,77.26,77.26454
2020-05-08 05:00:00,77.27,77.2433
2020-05-08 06:00:00,77.27,77.24093
2020-05-08 07:00:00,77.27,77.24157
2020-05-08 08:00:00,77.28,77.252014
2020-05-08 09:00:00,77.28,77.25534
2020-05-08 10:00:00,77.28,77.278755
2020-05-08 11:00:00,77.29,77.268326
2020-05-08 12:00:00,77.3,77.26011
2020-05-08 13:00:00,77.3,77.25635
2020-05-08 14:00:00,77.3,77.27547
2020-05-08 15:00:00,77.3,77.27603
2020-05-08 16:00:00,77.3,77.28061
2020-05-08 17:00:00,77.3,77.287476
2020-05-08 18:00:00,77.29,77.280975
2020-05-08 19:00:00,77.29,77.26676
2020-05-08 20:00:00,77.29,77.269554
2020-05-08 21:00:00,77.29,77.27127
2020-05-08 22:00:00,77.3,77.27709
2020-05-08 23:00:00,77.3,77.271324
2020-05-09 00:00:00,77.3,77.26868
2020-05-09 01:00:00,77.3,77.26976
2020-05-09 02:00:00,77.3,77.29352
2020-05-09 03:00:00,77.31,77.43575
2020-05-09 04:00:00,77.32,77.43516
2020-05-09 05:00:00,77.32,77.43833
2020-05-09 06:00:00,77.33,77.444244
2020-05-09 07:00:00,77.34,77.416
2020-05-09 08:00:00,77.35,77.47343
2020-05-09 09:00:00,77.35,77.4253
2020-05-09 10:00:00,77.36,77.415474
2020-05-09 11:00:00,77.36,77.43
2020-05-09 12:00:00,77.37,77.44292
2020-05-09 13:00:00,77.37,77.42386
2020-05-09 14:00:00,77.37,77.43183
2020-05-09 15:00:00,77.37,77.4559
2020-05-09 16:00:00,77.38,77.4602
2020-05-09 17:00:00,77.37,77.45453
2020-05-09 18:00:00,77.37,77.44362
2020-05-09 19:00:00,77.37,77.44169
2020-05-09 20:00:00,77.36,77.44768
2020-05-09 21:00:00,77.36,77.44209
2020-05-09 22:00:00,77.36,77.419174
2020-05-09 23:00:00,77.36,77.41827
2020-05-10 00:00:00,77.35,77.417984
2020-05-10 01:00:00,77.35,77.42705
2020-05-10 02:00:00,77.35,77.40942
2020-05-10 03:00:00,77.35,77.38146
2020-05-10 04:00:00,77.35,77.41353
2020-05-10 05:00:00,77.34,77.42242
2020-05-10 06:00:00,77.34,77.41977
2020-05-10 07:00:00,77.34,77.3996
2020-05-10 08:00:00,77.34,77.37521
2020-05-10 09:00:00,77.33,77.37352
2020-05-10 10:00:00,77.32,77.379166
2020-05-10 11:00:00,77.31,77.382545
2020-05-10 12:00:00,77.3,77.37586
2020-05-10 13:00:00,77.29,77.37709
2020-05-10 14:00:00,77.29,77.36701
2020-05-10 15:00:00,77.29,77.35847
2020-05-10 16:00:00,77.28,77.3635
2020-05-10 17:00:00,77.28,77.37048
2020-05-10 18:00:00,77.28,77.37251
2020-05-10 19:00:00,77.27,77.35991
2020-05-10 20:00:00,77.27,77.35058
2020-05-10 21:00:00,77.26,77.34036
2020-05-10 22:00:00,77.26,77.331535
2020-05-10 23:00:00,77.25,77.339165
2020-05-11 00:00:00,77.25,77.32011
2020-05-11 01:00:00,77.25,77.306015
2020-05-11 02:00:00,77.25,77.29377
2020-05-11 03:00:00,77.25,77.29793
2020-05-11 04:00:00,77.25,77.30745
2020-05-11 05:00:00,77.25,77.310745
2020-05-11 06:00:00,77.24,77.29814
2020-05-11 07:00:00,77.24,77.296486
2020-05-11 08:00:00,77.24,77.329796
2020-05-11 09:00:00,77.24,77.34652
2020-05-11 10:00:00,77.25,77.32409
2020-05-11 11:00:00,77.26,77.33694
2020-05-11 12:00:00,77.27,77.35398
2020-05-11 13:00:00,77.28,77.36709
2020-05-11 14:00:00,77.28,77.39079
2020-05-11 15:00:00,77.28,77.395546
2020-05-11 16:00:00,77.28,77.40737
2020-05-11 17:00:00,77.28,77.40498
2020-05-11 18:00:00,77.27,77.40757
2020-05-11 19:00:00,77.25,77.41408
2020-05-11 20:00:00,77.24,77.406
2020-05-11 21:00:00,77.23,77.39915
2020-05-11 22:00:00,77.22,77.39204
2020-05-11 23:00:00,77.22,77.38762
2020-05-12 00:00:00,77.22,77.35759
2020-05-12 01:00:00,77.21,77.35248
2020-05-12 02:00:00,77.21,77.339005
2020-05-12 03:00:00,77.21,77.35978
2020-05-12 04:00:00,77.21,77.34855
2020-05-12 05:00:00,77.21,77.38158
2020-05-12 06:00:00,77.21,77.36366
2020-05-12 07:00:00,77.21,77.33702
2020-05-12 08:00:00,77.21,77.36284
2020-05-12 09:00:00,77.21,77.35292
2020-05-12 10:00:00,77.22,77.391975
2020-05-12 11:00:00,77.22,77.36779
2020-05-12 12:00:00,77.22,77.37463
2020-05-12 13:00:00,77.22,77.385864
2020-05-12 14:00:00,77.22,77.38507
2020-05-12 15:00:00,77.22,77.38317
2020-05-12 16:00:00,77.22,77.39549
2020-05-12 17:00:00,77.21,77.38921
2020-05-12 18:00:00,77.21,77.37917
2020-05-12 19:00:00,77.2,77.32639
2020-05-12 20:00:00,77.2,77.30814
2020-05-12 21:00:00,77.19,77.28768
2020-05-12 22:00:00,77.19,77.28421
2020-05-12 23:00:00,77.19,77.275856
2020-05-13 00:00:00,77.19,77.264885
2020-05-13 01:00:00,77.19,77.25987
2020-05-13 02:00:00,77.19,77.29681
2020-05-13 03:00:00,77.19,77.26061
2020-05-13 04:00:00,77.2,77.25542
2020-05-13 05:00:00,77.2,77.24079
2020-05-13 06:00:00,77.2,77.283745
2020-05-13 07:00:00,77.2,77.258255
2020-05-13 08:00:00,77.2,77.25829
2020-05-13 09:00:00,77.21,77.258316
2020-05-13 10:00:00,77.21,77.2479
2020-05-13 11:00:00,77.21,77.25127
2020-05-13 12:00:00,77.21,77.25102
2020-05-13 13:00:00,77.21,77.25357
2020-05-13 14:00:00,77.2,77.2679
2020-05-13 15:00:00,77.2,77.277985
2020-05-13 16:00:00,77.2,77.29737
2020-05-13 17:00:00,77.2,77.29905
2020-05-13 18:00:00,77.2,77.29404
2020-05-13 19:00:00,77.2,77.28959
2020-05-13 20:00:00,77.19,77.275536
2020-05-13 21:00:00,77.19,77.248764
2020-05-13 22:00:00,77.19,77.27247
2020-05-13 23:00:00,77.19,77.26613
2020-05-14 00:00:00,77.2,77.2648
2020-05-14 01:00:00,77.2,77.257904
2020-05-14 02:00:00,77.2,77.25885
2020-05-14 03:00:00,77.2,77.25212
2020-05-14 04:00:00,77.2,77.25931
2020-05-14 05:00:00,77.19,77.25716
2020-05-14 06:00:00,77.19,77.24923
2020-05-14 07:00:00,77.19,77.24441
2020-05-14 08:00:00,77.19,77.255775
2020-05-14 09:00:00,77.2,77.26967
2020-05-14 10:00:00,77.2,77.28305
2020-05-14 11:00:00,77.2,77.30701
2020-05-14 12:00:00,77.2,77.317635
2020-05-14 13:00:00,77.2,77.301445
2020-05-14 14:00:00,77.2,77.31719
2020-05-14 15:00:00,77.2,77.314644
2020-05-14 16:00:00,77.2,77.32153
2020-05-14 17:00:00,77.19,77.32141
2020-05-14 18:00:00,77.18,77.313255
2020-05-14 19:00:00,77.18,77.31683
2020-05-14 20:00:00,77.17,77.30072
2020-05-14 21:00:00,77.17,77.31243
2020-05-14 22:00:00,77.17,77.31389
2020-05-14 23:00:00,77.16,77.309814
2020-05-15 00:00:00,77.16,77.31376
2020-05-15 01:00:00,77.16,77.28897
2020-05-15 02:00:00,77.16,77.30788
2020-05-15 03:00:00,77.16,77.31116
2020-05-15 04:00:00,77.16,77.29572
2020-05-15 05:00:00,77.16,77.29864
2020-05-15 06:00:00,77.17,77.29343
2020-05-15 07:00:00,77.17,77.30505
2020-05-15 08:00:00,77.17,77.45147
2020-05-15 09:00:00,77.17,77.35599
2020-05-15 10:00:00,77.18,77.36834
2020-05-15 11:00:00,77.18,77.360176
2020-05-15 12:00:00,77.19,77.35875
2020-05-15 13:00:00,77.19,77.342735
2020-05-15 14:00:00,77.2,77.36289
2020-05-15 15:00:00,77.2,77.37384
2020-05-15 16:00:00,77.21,77.375595
2020-05-15 17:00:00,77.21,77.38003
2020-05-15 18:00:00,77.21,77.37121
2020-05-15 19:00:00,77.21,77.36524
2020-05-15 20:00:00,77.21,77.36169
2020-05-19 17:00:00,77.65,77.36536
2020-05-19 18:00:00,77.65,77.36032
2020-05-19 19:00:00,77.66,77.373955
2020-05-19 20:00:00,77.66,77.38809
2020-05-19 21:00:00,77.66,77.39051
2020-05-19 22:00:00,77.66,77.36033
2020-05-19 23:00:00,77.66,77.364944
2020-05-20 00:00:00,77.67,77.36031
2020-05-20 01:00:00,77.67,77.36726
2020-05-20 02:00:00,77.67,77.363815
2020-05-20 03:00:00,77.67,77.36967
2020-05-20 04:00:00,77.68,77.328735
2020-05-20 05:00:00,77.68,77.316414
2020-05-20 06:00:00,77.68,77.312904
2020-05-20 07:00:00,77.68,77.314735
2020-05-20 08:00:00,77.68,77.293625
2020-05-20 09:00:00,77.69,77.31346
2020-05-20 10:00:00,77.69,77.31142
2020-05-20 11:00:00,77.7,77.354576
2020-05-20 12:00:00,77.7,77.34821
2020-05-20 13:00:00,77.71,77.36007
2020-05-20 14:00:00,77.71,77.36752
2020-05-20 15:00:00,77.71,77.39015
2020-05-20 16:00:00,77.71,77.37541
2020-05-20 17:00:00,77.71,77.36466
2020-05-20 18:00:00,77.71,77.360054
2020-05-20 19:00:00,77.71,77.37621
2020-05-20 20:00:00,77.7,77.38677
2020-05-20 21:00:00,77.7,77.37007
2020-05-20 22:00:00,77.7,77.3738
2020-05-20 23:00:00,77.7,77.36619
2020-05-21 00:00:00,77.71,77.35393
2020-05-21 01:00:00,77.71,77.35823
2020-05-21 02:00:00,77.71,77.36168
2020-05-21 03:00:00,77.71,77.360985
2020-05-21 04:00:00,77.71,77.36056
2020-05-21 05:00:00,77.72,77.35513
2020-05-21 06:00:00,77.72,77.3296
2020-05-21 07:00:00,77.72,77.33421
2020-05-21 08:00:00,77.72,77.33795
2020-05-21 09:00:00,77.72,77.3314
2020-05-21 10:00:00,77.72,77.33823
2020-05-21 11:00:00,77.73,77.34822
2020-05-21 12:00:00,77.73,77.34376
2020-05-21 13:00:00,77.73,77.34783
2020-05-21 14:00:00,77.73,77.35409
2020-05-21 15:00:00,77.72,77.35829
2020-05-21 16:00:00,77.71,77.368324
2020-05-21 17:00:00,77.7,77.36385
2020-05-21 18:00:00,77.7,77.35846
2020-05-21 19:00:00,77.69,77.344444
2020-05-21 20:00:00,77.69,77.34722
2020-05-21 21:00:00,77.69,77.34322
2020-05-21 22:00:00,77.69,77.34809
2020-05-21 23:00:00,77.69,77.35847
2020-05-22 00:00:00,77.7,77.35846
2020-05-22 01:00:00,77.7,77.35402
2020-05-22 02:00:00,77.7,77.34464
2020-05-22 03:00:00,77.7,77.352295
2020-05-22 04:00:00,77.7,77.349236
2020-05-22 05:00:00,77.7,77.347824
2020-05-22 06:00:00,77.71,77.35722
2020-05-22 07:00:00,77.71,77.35575
2020-05-22 08:00:00,77.71,77.364136
2020-05-22 09:00:00,77.71,77.3633
2020-05-22 10:00:00,77.71,77.36724
2020-05-22 11:00:00,77.71,77.37767
2020-05-22 12:00:00,77.72,77.378456
2020-05-22 13:00:00,77.72,77.37863
2020-05-22 14:00:00,77.72,77.37061
2020-05-22 15:00:00,77.73,77.380745
2020-05-22 16:00:00,77.72,77.396805
2020-05-22 17:00:00,77.72,77.40107
2020-05-22 18:00:00,77.71,77.40216
2020-05-22 19:00:00,77.71,77.38623
2020-05-22 20:00:00,77.7,77.3964
2020-05-22 21:00:00,77.7,77.396454
2020-05-22 22:00:00,77.7,77.39245
2020-05-22 23:00:00,77.7,77.38026
2020-05-23 00:00:00,77.7,77.379715
2020-05-23 01:00:00,77.7,77.38219
2020-05-23 02:00:00,77.7,77.37177
2020-05-23 03:00:00,77.7,77.365395
2020-05-23 04:00:00,77.71,77.382286
2020-05-23 05:00:00,77.71,77.378685
2020-05-23 06:00:00,77.71,77.38595
2020-05-23 07:00:00,77.71,77.39595
2020-05-23 08:00:00,77.71,77.385254
2020-05-23 09:00:00,77.71,77.35514
2020-05-23 10:00:00,77.71,77.38463
2020-05-23 11:00:00,77.72,77.38906
2020-05-23 12:00:00,77.72,77.40442
2020-05-23 13:00:00,77.72,77.423706
2020-05-23 14:00:00,77.72,77.42748
2020-05-23 15:00:00,77.72,77.41626
2020-05-23 16:00:00,77.72,77.42482
2020-05-23 17:00:00,77.72,77.42209
2020-05-23 18:00:00,77.71,77.42242
2020-05-23 19:00:00,77.7,77.42805
2020-05-23 20:00:00,77.7,77.44089
2020-05-23 21:00:00,77.7,77.428154
2020-05-23 22:00:00,77.69,77.4093
2020-05-23 23:00:00,77.69,77.41175
2020-05-24 00:00:00,77.69,77.39327
2020-05-24 01:00:00,77.7,77.41527
2020-05-24 02:00:00,77.7,77.41476
2020-05-24 03:00:00,77.7,77.41405
2020-05-24 04:00:00,77.7,77.40576
2020-05-24 05:00:00,77.7,77.42358
2020-05-24 06:00:00,77.7,77.4316
2020-05-24 07:00:00,77.7,77.435486
2020-05-24 08:00:00,77.7,77.45826
2020-05-24 09:00:00,77.7,77.45189
2020-05-24 10:00:00,77.7,77.471016
2020-05-24 11:00:00,77.71,77.467026
2020-05-24 12:00:00,77.71,77.461945
2020-05-24 13:00:00,77.71,77.46899
2020-05-24 14:00:00,77.7,77.46345
2020-05-24 15:00:00,77.7,77.43339
2020-05-24 16:00:00,77.7,77.46567
2020-05-24 17:00:00,77.7,77.444046
2020-05-24 18:00:00,77.7,77.44666
2020-05-24 19:00:00,77.71,77.44526
2020-05-24 20:00:00,77.71,77.45574
2020-05-24 21:00:00,77.71,77.45173
2020-05-24 22:00:00,77.71,77.4343
2020-05-24 23:00:00,77.71,77.42655
2020-05-25 00:00:00,77.71,77.44212
2020-05-25 01:00:00,77.71,77.41858
2020-05-25 02:00:00,77.71,77.42929
2020-05-25 03:00:00,77.72,77.43084
2020-05-25 04:00:00,77.72,77.4449
2020-05-25 05:00:00,77.72,77.44326
2020-05-25 06:00:00,77.72,77.44062
2020-05-25 07:00:00,77.72,77.46419
2020-05-25 08:00:00,77.72,77.46574
2020-05-25 09:00:00,77.72,77.46657
2020-05-25 10:00:00,77.72,77.48462
2020-05-25 11:00:00,77.72,77.487595
2020-05-25 12:00:00,77.72,77.49028
2020-05-25 13:00:00,77.73,77.48488
2020-05-25 14:00:00,77.73,77.4886
2020-05-25 15:00:00,77.73,77.49204
2020-05-25 16:00:00,77.73,77.49802
2020-05-25 17:00:00,77.72,77.50713
2020-05-25 18:00:00,77.72,77.49247
2020-05-25 19:00:00,77.72,77.49948
2020-05-25 20:00:00,77.71,77.48548
2020-05-25 21:00:00,77.71,77.493256
2020-05-25 22:00:00,77.71,77.499405
2020-05-25 23:00:00,77.71,77.483505
2020-05-26 00:00:00,77.71,77.50262
2020-05-26 01:00:00,77.71,77.49542
2020-05-26 02:00:00,77.71,77.49985
2020-05-26 03:00:00,77.71,77.495834
2020-05-26 04:00:00,77.71,77.505035
2020-05-26 05:00:00,77.71,77.493286
2020-05-26 06:00:00,77.71,77.50044
2020-05-26 07:00:00,77.71,77.50039
2020-05-26 08:00:00,77.71,77.49115
2020-05-26 09:00:00,77.71,77.4967
2020-05-26 10:00:00,77.71,77.47311
2020-05-26 11:00:00,77.71,77.47438
2020-05-26 12:00:00,77.71,77.4928
2020-05-26 13:00:00,77.72,77.48996
2020-05-26 14:00:00,77.72,77.51514
2020-05-26 15:00:00,77.72,77.527466
2020-05-26 16:00:00,77.72,77.53091
2020-05-26 17:00:00,77.72,77.5343
2020-05-26 18:00:00,77.72,77.52009
2020-05-26 19:00:00,77.71,77.54701
2020-05-26 20:00:00,77.7,77.51215
2020-05-26 21:00:00,77.7,77.52898
2020-05-26 22:00:00,77.69,77.51231
2020-05-26 23:00:00,77.69,77.51056
2020-05-27 00:00:00,77.69,77.516495
2020-05-27 01:00:00,77.69,77.52007
2020-05-27 02:00:00,77.69,77.513695
2020-05-27 03:00:00,77.69,77.49546
2020-05-27 04:00:00,77.69,77.50337
2020-05-27 05:00:00,77.69,77.500015
2020-05-27 06:00:00,77.68,77.49487
2020-05-27 07:00:00,77.68,77.50303
2020-05-27 08:00:00,77.68,77.508026
2020-05-27 09:00:00,77.69,77.50799
2020-05-27 10:00:00,77.69,77.5112
2020-05-27 11:00:00,77.69,77.5225
2020-05-27 12:00:00,77.69,77.524124
2020-05-27 13:00:00,77.69,77.53327
2020-05-27 14:00:00,77.69,77.5464
2020-05-27 15:00:00,77.69,77.54679
2020-05-27 16:00:00,77.69,77.5542
2020-05-27 17:00:00,77.69,77.5661
2020-05-27 18:00:00,77.68,77.56748
2020-05-27 19:00:00,77.67,77.56067
2020-05-27 20:00:00,77.66,77.54064
2020-05-27 21:00:00,77.66,77.524254
2020-05-27 22:00:00,77.65,77.53731
2020-05-27 23:00:00,77.65,77.52162
2020-05-28 00:00:00,77.65,77.53146
2020-05-28 01:00:00,77.65,77.55346
2020-05-28 02:00:00,77.65,77.54977
2020-05-28 03:00:00,77.65,77.56052
2020-05-28 04:00:00,77.64,77.550705
2020-05-28 05:00:00,77.65,77.54345
2020-05-28 06:00:00,77.64,77.53301
2020-05-28 07:00:00,77.65,77.50465
2020-05-28 08:00:00,77.65,77.50877
2020-05-28 09:00:00,77.65,77.50799
2020-05-28 10:00:00,77.65,77.54114
2020-05-28 11:00:00,77.65,77.53572
2020-05-28 12:00:00,77.66,77.52911
2020-05-28 13:00:00,77.66,77.5356
2020-05-28 14:00:00,77.66,77.54216
2020-05-28 15:00:00,77.66,77.52635
2020-05-28 16:00:00,77.66,77.54703
2020-05-28 17:00:00,77.65,77.531395
2020-05-28 18:00:00,77.65,77.519806
2020-05-28 19:00:00,77.64,77.505745
2020-05-28 20:00:00,77.63,77.50141
2020-05-28 21:00:00,77.63,77.49616
2020-05-28 22:00:00,77.63,77.496994
2020-05-28 23:00:00,77.62,77.49504
2020-05-29 00:00:00,77.62,77.46554
2020-05-29 01:00:00,77.62,77.45512
2020-05-29 02:00:00,77.62,77.45037
2020-05-29 03:00:00,77.62,77.44694
2020-05-29 04:00:00,77.63,77.45165
2020-05-29 05:00:00,77.63,77.45265
2020-05-29 06:00:00,77.63,77.454796
2020-05-29 07:00:00,77.63,77.47689
2020-05-29 08:00:00,77.63,77.503624
2020-05-29 09:00:00,77.64,77.49688
2020-05-29 10:00:00,77.64,77.54224
2020-05-29 11:00:00,77.65,77.59817
2020-05-29 12:00:00,77.65,77.57188
2020-05-29 13:00:00,77.66,77.571106
2020-05-29 14:00:00,77.66,77.58725
2020-05-29 15:00:00,77.66,77.585686
2020-05-29 16:00:00,77.66,77.56507
2020-05-29 17:00:00,77.65,77.56161
2020-05-29 18:00:00,77.65,77.56576
2020-05-29 19:00:00,77.64,77.56623
2020-05-29 20:00:00,77.64,77.57164
2020-05-29 21:00:00,77.64,77.54392
2020-05-29 22:00:00,77.64,77.55398
2020-05-29 23:00:00,77.64,77.5625
2020-05-30 00:00:00,77.64,77.55825
2020-05-30 01:00:00,77.65,77.548744
2020-05-30 02:00:00,77.65,77.55342
2020-05-30 03:00:00,77.65,77.53024
2020-05-30 04:00:00,77.65,77.53858
2020-05-30 05:00:00,77.65,77.5446
2020-05-30 06:00:00,77.65,77.53716
2020-05-30 07:00:00,77.65,77.54766
2020-05-30 08:00:00,77.65,77.54287
2020-05-30 09:00:00,77.65,77.5494
2020-05-30 10:00:00,77.65,77.53129
2020-05-30 11:00:00,77.65,77.57683
2020-05-30 12:00:00,77.66,77.556404
2020-05-30 13:00:00,77.66,77.571724
2020-05-30 14:00:00,77.66,77.57148
2020-05-30 15:00:00,77.65,77.55304
2020-05-30 16:00:00,77.65,77.56652
2020-05-30 17:00:00,77.65,77.559105
2020-05-30 18:00:00,77.64,77.55548
2020-05-30 19:00:00,77.64,77.56053
2020-05-30 20:00:00,77.64,77.58305
2020-05-30 21:00:00,77.63,77.55909
2020-05-30 22:00:00,77.63,77.5636
2020-05-30 23:00:00,77.63,77.57277
2020-05-31 00:00:00,77.63,77.56127
2020-05-31 01:00:00,77.63,77.559296
2020-05-31 02:00:00,77.63,77.56021
2020-05-31 03:00:00,77.62,77.55387
2020-05-31 04:00:00,77.62,77.53791
2020-05-31 05:00:00,77.62,77.52689
2020-05-31 06:00:00,77.62,77.54116
2020-05-31 07:00:00,77.61,77.51144
2020-05-31 08:00:00,77.61,77.55495
2020-05-31 09:00:00,77.61,77.51764
2020-05-31 10:00:00,77.61,77.5365
2020-05-31 11:00:00,77.62,77.54641
2020-05-31 12:00:00,77.62,77.54531
2020-05-31 13:00:00,77.62,77.5305
2020-05-31 14:00:00,77.62,77.54543
2020-05-31 15:00:00,77.62,77.53974
2020-05-31 16:00:00,77.61,77.56017
2020-05-31 17:00:00,77.61,77.55871
2020-05-31 18:00:00,77.6,77.54136
2020-05-31 19:00:00,77.59,77.53838
2020-05-31 20:00:00,77.59,77.538
2020-05-31 21:00:00,77.59,77.560104
2020-05-31 22:00:00,77.58,77.57004
2020-05-31 23:00:00,77.58,77.56684
2020-06-01 00:00:00,77.58,77.559
2020-06-01 01:00:00,77.58,77.561356
2020-06-01 02:00:00,77.58,77.56807
2020-06-01 03:00:00,77.58,77.56215
2020-06-01 04:00:00,77.58,77.55218
2020-06-01 05:00:00,77.58,77.5551
2020-06-01 06:00:00,77.58,77.54818
2020-06-01 07:00:00,77.58,77.56079
2020-06-01 08:00:00,77.58,77.554535
2020-06-01 09:00:00,77.58,77.56217
2020-06-01 10:00:00,77.58,77.578545
2020-06-01 11:00:00,77.58,77.58312
2020-06-01 12:00:00,77.59,77.6039
2020-06-01 13:00:00,77.59,77.615265
2020-06-01 14:00:00,77.59,77.62588
2020-06-01 15:00:00,77.59,77.62722
2020-06-01 16:00:00,77.58,77.635544
2020-06-01 17:00:00,77.57,77.63354
2020-06-01 18:00:00,77.56,77.63184
2020-06-01 19:00:00,77.55,77.629456
2020-06-01 20:00:00,77.54,77.641556
2020-06-01 21:00:00,77.54,77.63167
2020-06-01 22:00:00,77.54,77.63013
2020-06-01 23:00:00,77.54,77.63903
2020-06-02 00:00:00,77.55,77.634224
2020-06-02 01:00:00,77.55,77.64166
2020-06-02 02:00:00,77.55,77.642654
2020-06-02 03:00:00,77.56,77.63681
2020-06-02 04:00:00,77.56,77.63439
2020-06-02 05:00:00,77.57,77.6322
2020-06-02 06:00:00,77.57,77.623116
2020-06-02 07:00:00,77.57,77.615295
2020-06-02 08:00:00,77.57,77.61064
2020-06-02 09:00:00,77.58,77.5938
2020-06-02 10:00:00,77.58,77.59569
2020-06-02 11:00:00,77.59,77.60621
2020-06-02 12:00:00,77.59,77.59775
2020-06-02 13:00:00,77.6,77.62834
2020-06-02 14:00:00,77.6,77.63322
2020-06-02 15:00:00,77.6,77.64411
2020-06-02 16:00:00,77.6,77.64892
2020-06-02 17:00:00,77.6,77.63974
2020-06-02 18:00:00,77.59,77.63214
2020-06-02 19:00:00,77.59,77.613075
2020-06-02 20:00:00,77.58,77.615486
2020-06-02 21:00:00,77.58,77.62289
2020-06-02 22:00:00,77.58,77.6117
2020-06-02 23:00:00,77.58,77.60857
2020-06-03 00:00:00,77.59,77.61074
2020-06-03 01:00:00,77.59,77.61545
2020-06-03 02:00:00,77.59,77.61049
2020-06-03 03:00:00,77.59,77.61113
2020-06-03 04:00:00,77.59,77.62598
2020-06-03 05:00:00,77.59,77.617676
2020-06-03 06:00:00,77.6,77.62785
2020-06-03 07:00:00,77.6,77.62935
2020-06-03 08:00:00,77.6,77.63755
2020-06-03 09:00:00,77.6,77.63841
2020-06-03 10:00:00,77.6,77.63374
2020-06-03 11:00:00,77.6,77.62312
2020-06-03 12:00:00,77.6,77.63249
2020-06-03 13:00:00,77.61,77.62679
2020-06-03 14:00:00,77.61,77.62969
2020-06-03 15:00:00,77.61,77.63848
2020-06-03 16:00:00,77.61,77.63271
2020-06-03 17:00:00,77.61,77.64271
2020-06-03 18:00:00,77.6,77.64476
2020-06-03 19:00:00,77.59,77.633766
2020-06-03 20:00:00,77.59,77.62565
2020-06-03 21:00:00,77.58,77.62303
2020-06-03 22:00:00,77.58,77.62382
2020-06-03 23:00:00,77.58,77.62371
2020-06-04 00:00:00,77.58,77.61824
2020-06-04 01:00:00,77.58,77.626045
2020-06-04 02:00:00,77.58,77.631805
2020-06-04 03:00:00,77.58,77.63472
2020-06-04 04:00:00,77.58,77.63917
2020-06-04 05:00:00,77.58,77.648766
2020-06-04 06:00:00,77.58,77.6539
2020-06-04 07:00:00,77.58,77.63474
2020-06-04 08:00:00,77.59,77.652054
2020-06-04 09:00:00,77.59,77.65825
2020-06-04 10:00:00,77.59,77.65873
2020-06-04 11:00:00,77.6,77.66681
2020-06-04 12:00:00,77.6,77.68291
2020-06-04 13:00:00,77.6,77.69938
2020-06-04 14:00:00,77.61,77.72081
2020-06-04 15:00:00,77.61,77.71932
2020-06-04 16:00:00,77.6,77.72603
2020-06-04 17:00:00,77.6,77.722626
2020-06-04 18:00:00,77.59,77.720985
2020-06-04 19:00:00,77.58,77.71022
2020-06-04 20:00:00,77.57,77.70267
2020-06-04 21:00:00,77.56,77.69444
2020-06-04 22:00:00,77.56,77.674614
2020-06-04 23:00:00,77.57,77.67102
2020-06-05 00:00:00,77.57,77.663734
2020-06-05 01:00:00,77.58,77.6739
2020-06-05 02:00:00,77.58,77.67424
2020-06-05 03:00:00,77.58,77.67142
2020-06-05 04:00:00,77.59,77.671036
2020-06-05 05:00:00,77.59,77.67641
2020-06-05 06:00:00,77.59,77.68281
2020-06-05 07:00:00,77.6,77.66687
2020-06-05 08:00:00,77.6,77.65932
2020-06-05 09:00:00,77.6,77.676765
2020-06-05 10:00:00,77.61,77.68331
2020-06-05 11:00:00,77.61,77.68597
2020-06-05 12:00:00,77.62,77.69587
2020-06-05 13:00:00,77.62,77.7027
2020-06-05 14:00:00,77.62,77.713524
2020-06-05 15:00:00,77.62,77.71953
2020-06-05 16:00:00,77.62,77.73036
2020-06-05 17:00:00,77.62,77.736946
2020-06-05 18:00:00,77.62,77.72387
2020-06-05 19:00:00,77.61,77.70673
2020-06-05 20:00:00,77.61,77.68732
2020-06-05 21:00:00,77.61,77.67747
2020-06-05 22:00:00,77.61,77.66926
2020-06-05 23:00:00,77.6,77.663704
2020-06-06 00:00:00,77.6,77.66543
2020-06-06 01:00:00,77.61,77.66168
2020-06-06 02:00:00,77.61,77.672104
2020-06-06 03:00:00,77.61,77.66011
2020-06-06 04:00:00,77.61,77.68643
2020-06-06 05:00:00,77.61,77.68533
2020-06-06 06:00:00,77.61,77.694275
2020-06-06 07:00:00,77.61,77.69857
2020-06-06 08:00:00,77.61,77.69349
2020-06-06 09:00:00,77.61,77.69055
2020-06-06 10:00:00,77.61,77.70266
2020-06-06 11:00:00,77.61,77.703415
2020-06-06 12:00:00,77.61,77.71045
2020-06-06 13:00:00,77.61,77.723656
2020-06-06 14:00:00,77.61,77.72876
2020-06-06 15:00:00,77.6,77.73596
2020-06-06 16:00:00,77.59,77.73148
2020-06-06 17:00:00,77.58,77.72822
2020-06-06 18:00:00,77.57,77.7277
2020-06-06 19:00:00,77.56,77.70544
2020-06-06 20:00:00,77.57,77.792786
2020-06-06 21:00:00,77.58,77.84952
2020-06-06 22:00:00,77.6,77.84363
2020-06-06 23:00:00,77.62,77.84293
2020-06-07 00:00:00,77.64,77.846436
2020-06-07 01:00:00,77.66,77.825134
2020-06-07 02:00:00,77.68,77.836464
2020-06-07 03:00:00,77.7,77.80607
2020-06-07 04:00:00,77.71,77.80232
2020-06-07 05:00:00,77.73,77.80229
2020-06-07 06:00:00,77.74,77.83884
2020-06-07 07:00:00,77.75,77.82967
2020-06-07 08:00:00,77.76,77.82471
2020-06-07 09:00:00,77.76,77.7971
2020-06-07 10:00:00,77.77,77.80639
2020-06-07 11:00:00,77.78,77.79179
2020-06-07 12:00:00,77.79,77.80481
2020-06-07 13:00:00,77.79,77.80069
2020-06-07 14:00:00,77.8,77.820335
2020-06-07 15:00:00,77.8,77.82524
2020-06-07 16:00:00,77.79,77.835884
2020-06-07 17:00:00,77.79,77.83996
2020-06-07 18:00:00,77.79,77.83411
2020-06-07 19:00:00,77.78,77.826416
2020-06-07 20:00:00,77.78,77.70833
2020-06-07 21:00:00,77.77,77.70576
2020-06-07 22:00:00,77.77,77.70759
2020-06-07 23:00:00,77.76,77.70548
2020-06-08 00:00:00,77.76,77.710785
2020-06-08 01:00:00,77.75,77.711464
2020-06-08 02:00:00,77.75,77.70533
2020-06-08 03:00:00,77.75,77.709366
2020-06-08 04:00:00,77.74,77.704636
2020-06-08 05:00:00,77.74,77.715866
2020-06-08 06:00:00,77.73,77.7045
2020-06-08 07:00:00,77.73,77.7048
2020-06-08 08:00:00,77.73,77.69086
2020-06-08 09:00:00,77.73,77.6849
2020-06-08 10:00:00,77.73,77.68947
2020-06-08 11:00:00,77.73,77.68954
2020-06-08 12:00:00,77.72,77.69734
2020-06-08 13:00:00,77.72,77.719696
2020-06-08 14:00:00,77.72,77.72745
2020-06-08 15:00:00,77.72,77.73627
2020-06-08 16:00:00,77.71,77.73772
2020-06-08 17:00:00,77.71,77.731346
2020-06-08 18:00:00,77.7,77.73661
2020-06-08 19:00:00,77.69,77.73846
2020-06-08 20:00:00,77.68,77.731026
2020-06-08 21:00:00,77.68,77.70295
2020-06-08 22:00:00,77.68,77.71236
2020-06-08 23:00:00,77.67,77.699066
2020-06-09 00:00:00,77.67,77.70367
2020-06-09 01:00:00,77.67,77.699394
2020-06-09 02:00:00,77.67,77.69219
2020-06-09 03:00:00,77.67,77.707985
2020-06-09 04:00:00,77.67,77.712166
2020-06-09 05:00:00,77.66,77.71812
2020-06-09 06:00:00,77.66,77.71861
2020-06-09 07:00:00,77.66,77.72311
2020-06-09 08:00:00,77.66,77.71377
2020-06-09 09:00:00,77.66,77.71428
2020-06-09 10:00:00,77.66,77.7159
2020-06-09 13:00:00,77.67,77.74044
2020-06-09 14:00:00,77.67,77.7224
2020-06-09 15:00:00,77.67,77.72903
2020-06-09 16:00:00,77.67,77.72949
2020-06-09 17:00:00,77.66,77.72487
2020-06-09 18:00:00,77.66,77.71873
2020-06-09 19:00:00,77.65,77.70801
2020-06-09 20:00:00,77.65,77.70489
2020-06-09 21:00:00,77.64,77.68266
2020-06-09 22:00:00,77.64,77.67457
2020-06-09 23:00:00,77.64,77.67042
2020-06-10 00:00:00,77.64,77.68236
2020-06-10 01:00:00,77.64,77.67658
2020-06-10 02:00:00,77.64,77.68329
2020-06-10 03:00:00,77.64,77.68208
2020-06-10 04:00:00,77.65,77.68622
2020-06-10 05:00:00,77.65,77.69229
2020-06-10 06:00:00,77.65,77.69201
2020-06-10 07:00:00,77.65,77.696106
2020-06-10 08:00:00,77.65,77.70898
2020-06-10 09:00:00,77.65,77.728165
2020-06-10 10:00:00,77.66,77.72884
2020-06-10 11:00:00,77.66,77.74168
2020-06-10 12:00:00,77.67,77.7494
2020-06-10 13:00:00,77.67,77.75123
2020-06-10 14:00:00,77.67,77.74913
2020-06-10 15:00:00,77.67,77.74745
2020-06-10 16:00:00,77.66,77.75006
2020-06-10 17:00:00,77.66,77.74489
2020-06-10 18:00:00,77.65,77.72831
2020-06-10 19:00:00,77.65,77.71109
2020-06-10 20:00:00,77.65,77.69902
2020-06-10 21:00:00,77.65,77.69727
2020-06-10 22:00:00,77.66,77.72049
2020-06-10 23:00:00,77.66,77.70891
2020-06-11 00:00:00,77.67,77.72285
2020-06-11 01:00:00,77.67,77.71025
2020-06-11 02:00:00,77.67,77.71403
2020-06-11 03:00:00,77.68,77.71113
2020-06-11 04:00:00,77.67,77.71935
2020-06-11 05:00:00,77.67,77.7246
2020-06-11 06:00:00,77.68,77.734795
2020-06-11 07:00:00,77.68,77.73749
2020-06-11 08:00:00,77.67,77.73529
2020-06-11 09:00:00,77.67,77.73328
2020-06-11 10:00:00,77.67,77.744675
2020-06-11 11:00:00,77.67,77.74714
2020-06-11 12:00:00,77.67,77.74653
2020-06-11 13:00:00,77.67,77.75492
2020-06-11 14:00:00,77.67,77.75845
2020-06-11 15:00:00,77.67,77.76732
2020-06-11 16:00:00,77.67,77.7729
2020-06-11 17:00:00,77.67,77.767654
2020-06-11 18:00:00,77.66,77.7721
2020-06-11 19:00:00,77.65,77.761635
2020-06-11 20:00:00,77.65,77.75666
2020-06-11 21:00:00,77.64,77.75012
2020-06-11 22:00:00,77.63,77.75805
2020-06-11 23:00:00,77.63,77.75899
2020-06-12 00:00:00,77.63,77.76262
2020-06-12 01:00:00,77.63,77.764404
2020-06-12 02:00:00,77.63,77.76429
2020-06-12 03:00:00,77.63,77.76883
2020-06-12 04:00:00,77.62,77.77388
2020-06-12 05:00:00,77.62,77.771675
2020-06-16 16:00:00,77.76,77.77473
2020-06-16 17:00:00,77.76,77.823845
2020-06-16 18:00:00,77.75,77.82515
2020-06-16 19:00:00,77.74,77.831276
2020-06-16 20:00:00,77.74,77.83244
2020-06-16 21:00:00,77.73,77.83314
2020-06-16 22:00:00,77.73,77.832726
2020-06-16 23:00:00,77.72,77.83366
2020-06-17 00:00:00,77.72,77.83013
2020-06-17 01:00:00,77.72,77.82532
2020-06-17 02:00:00,77.72,77.82637
2020-06-17 03:00:00,77.72,77.824905
2020-06-17 04:00:00,77.72,77.821236
2020-06-17 05:00:00,77.71,77.8231
2020-06-17 06:00:00,77.71,77.82091
2020-06-17 07:00:00,77.71,77.81665
2020-06-17 08:00:00,77.71,77.813614
2020-06-17 09:00:00,77.71,77.806274
2020-06-17 10:00:00,77.71,77.800575
2020-06-17 11:00:00,77.71,77.79568
2020-06-17 12:00:00,77.71,77.79267
2020-06-17 13:00:00,77.71,77.79303
2020-06-17 14:00:00,77.71,77.79327
2020-06-17 15:00:00,77.71,77.7825
2020-06-17 16:00:00,77.7,77.77728
2020-06-17 17:00:00,77.69,77.78013
2020-06-17 18:00:00,77.69,77.770546
2020-06-17 19:00:00,77.69,77.77357
2020-06-17 20:00:00,77.68,77.77712
2020-06-17 21:00:00,77.68,77.78565
2020-06-17 22:00:00,77.68,77.783195
2020-06-17 23:00:00,77.68,77.78568
2020-06-18 00:00:00,77.68,77.780106
2020-06-18 01:00:00,77.68,77.78073
2020-06-18 02:00:00,77.68,77.81491
2020-06-18 03:00:00,77.69,77.82192
2020-06-18 04:00:00,77.69,77.79905
2020-06-18 05:00:00,77.69,77.80077
2020-06-18 06:00:00,77.69,77.810486
2020-06-18 07:00:00,77.7,77.81236
2020-06-18 08:00:00,77.7,77.8384
2020-06-18 09:00:00,77.7,77.820435
2020-06-18 10:00:00,77.71,77.842354
2020-06-18 11:00:00,77.72,77.84586
2020-06-18 12:00:00,77.72,77.826164
2020-06-18 13:00:00,77.73,77.841385
2020-06-18 14:00:00,77.74,77.86192
2020-06-18 15:00:00,77.75,77.84191
2020-06-18 16:00:00,77.77,77.83047
2020-06-18 17:00:00,77.78,77.82345
2020-06-18 18:00:00,77.78,77.85629
2020-06-18 19:00:00,77.79,77.86358
2020-06-18 20:00:00,77.8,77.854485
2020-06-18 21:00:00,77.81,77.84692
2020-06-18 22:00:00,77.82,77.85315
2020-06-18 23:00:00,77.82,77.85606
2020-06-19 00:00:00,77.83,77.85317
2020-06-19 01:00:00,77.83,77.84876
2020-06-19 02:00:00,77.84,77.84953
2020-06-19 03:00:00,77.84,77.84894
2020-06-19 04:00:00,77.84,77.85523
2020-06-19 05:00:00,77.84,77.87106
2020-06-19 06:00:00,77.84,77.875595
2020-06-19 07:00:00,77.84,77.86826
2020-06-19 08:00:00,77.84,77.86146
2020-06-19 09:00:00,77.84,77.85286
2020-06-19 10:00:00,77.84,77.85315
2020-06-19 11:00:00,77.84,77.869064
2020-06-19 12:00:00,77.84,77.86334
2020-06-19 13:00:00,77.84,77.87414
2020-06-19 14:00:00,77.84,77.87737
2020-06-19 15:00:00,77.84,77.88256
2020-06-19 16:00:00,77.84,77.88143
2020-06-19 17:00:00,77.83,77.88919
2020-06-19 18:00:00,77.82,77.88872
2020-06-19 19:00:00,77.82,77.819435
2020-06-19 20:00:00,77.81,77.80798
2020-06-19 21:00:00,77.8,77.81024
2020-06-19 22:00:00,77.8,77.81303
2020-06-19 23:00:00,77.79,77.817085
2020-06-20 00:00:00,77.79,77.82507
2020-06-20 01:00:00,77.79,77.82578
2020-06-20 02:00:00,77.79,77.8311
2020-06-20 03:00:00,77.79,77.82659
2020-06-20 04:00:00,77.78,77.831894
2020-06-20 05:00:00,77.78,77.83424
2020-06-20 06:00:00,77.78,77.8358
2020-06-20 07:00:00,77.78,77.83628
2020-06-20 08:00:00,77.77,77.83049
2020-06-20 09:00:00,77.77,77.83368
2020-06-20 10:00:00,77.77,77.82385
2020-06-20 11:00:00,77.77,77.812706
2020-06-20 12:00:00,77.77,77.80991
2020-06-20 13:00:00,77.77,77.80227
2020-06-20 14:00:00,77.78,77.80002
2020-06-20 15:00:00,77.77,77.80387
2020-06-20 16:00:00,77.77,77.80237
2020-06-20 17:00:00,77.76,77.80726
2020-06-20 18:00:00,77.76,77.8023
2020-06-20 19:00:00,77.74,77.79845
2020-06-20 20:00:00,77.73,77.79886
2020-06-20 21:00:00,77.73,77.79944
2020-06-20 22:00:00,77.73,77.80065
2020-06-20 23:00:00,77.74,77.80099
2020-06-21 00:00:00,77.75,77.80919
2020-06-21 01:00:00,77.76,77.81039
2020-06-21 02:00:00,77.77,77.81058
2020-06-21 03:00:00,77.78,77.809975
2020-06-21 04:00:00,77.78,77.81352
2020-06-21 05:00:00,77.78,77.81298
2020-06-21 06:00:00,77.78,77.81193
2020-06-21 07:00:00,77.79,77.81441
2020-06-21 08:00:00,77.79,77.81406
2020-06-21 09:00:00,77.79,77.81186
2020-06-21 10:00:00,77.79,77.803925
2020-06-21 11:00:00,77.79,77.80002
2020-06-21 12:00:00,77.8,77.79986
2020-06-21 13:00:00,77.79,77.80069
2020-06-21 14:00:00,77.79,77.8017
2020-06-21 15:00:00,77.79,77.803894
2020-06-21 16:00:00,77.79,77.80371
2020-06-21 17:00:00,77.78,77.801834
2020-06-21 18:00:00,77.77,77.800735
2020-06-21 19:00:00,77.76,77.80053
2020-06-21 20:00:00,77.76,77.801125
2020-06-21 21:00:00,77.76,77.80437
2020-06-21 22:00:00,77.75,77.813354
2020-06-21 23:00:00,77.75,77.81048
2020-06-22 00:00:00,77.75,77.81177
2020-06-22 01:00:00,77.75,77.81273
2020-06-22 02:00:00,77.75,77.81569
2020-06-22 03:00:00,77.74,77.81413
2020-06-22 04:00:00,77.74,77.81276
2020-06-22 05:00:00,77.74,77.81174
2020-06-22 06:00:00,77.74,77.80887
2020-06-22 07:00:00,77.74,77.80945
2020-06-22 08:00:00,77.74,77.802155
2020-06-22 09:00:00,77.73,77.797386
2020-06-22 10:00:00,77.73,77.802956
2020-06-22 11:00:00,77.74,77.79912
2020-06-22 12:00:00,77.74,77.80295
2020-06-22 13:00:00,77.74,77.807014
2020-06-22 14:00:00,77.74,77.81077
2020-06-22 15:00:00,77.74,77.81033
2020-06-22 16:00:00,77.73,77.81293
2020-06-22 17:00:00,77.73,77.81587
2020-06-22 18:00:00,77.72,77.81011
2020-06-22 19:00:00,77.71,77.81508
2020-06-22 20:00:00,77.7,77.80568
2020-06-22 21:00:00,77.7,77.80672
2020-06-22 22:00:00,77.69,77.81196
2020-06-22 23:00:00,77.69,77.8112
2020-06-23 00:00:00,77.69,77.80342
2020-06-23 01:00:00,77.69,77.810356
2020-06-23 02:00:00,77.69,77.81089
2020-06-23 03:00:00,77.69,77.81066
2020-06-23 04:00:00,77.69,77.81004
2020-06-23 05:00:00,77.68,77.80848
2020-06-23 06:00:00,77.68,77.80468
2020-06-23 07:00:00,77.68,77.80168
2020-06-23 08:00:00,77.68,77.79674
2020-06-23 09:00:00,77.68,77.79125
2020-06-23 10:00:00,77.68,77.78028
2020-06-23 11:00:00,77.68,77.78239
2020-06-23 12:00:00,77.68,77.79255
2020-06-23 13:00:00,77.68,77.798454
2020-06-23 14:00:00,77.68,77.81369
2020-06-23 15:00:00,77.68,77.80724
2020-06-23 16:00:00,77.67,77.81306
2020-06-23 17:00:00,77.67,77.81145
2020-06-23 18:00:00,77.66,77.805565
2020-06-23 19:00:00,77.66,77.79255
2020-06-23 20:00:00,77.66,77.792
2020-06-23 21:00:00,77.66,77.78663
2020-06-23 22:00:00,77.65,77.78592
2020-06-23 23:00:00,77.65,77.7905
2020-06-24 00:00:00,77.65,77.78175
2020-06-24 01:00:00,77.66,77.78939
2020-06-24 02:00:00,77.66,77.7887
2020-06-24 03:00:00,77.66,77.796715
2020-06-24 04:00:00,77.66,77.80269
2020-06-24 05:00:00,77.66,77.80375
2020-06-24 06:00:00,77.66,77.80936
2020-06-24 07:00:00,77.66,77.8185
2020-06-24 08:00:00,77.66,77.82258
2020-06-24 09:00:00,77.65,77.822685
2020-06-24 10:00:00,77.66,77.82412
2020-06-24 11:00:00,77.66,77.818054
2020-06-24 12:00:00,77.66,77.81896
2020-06-24 13:00:00,77.66,77.8245
2020-06-24 14:00:00,77.66,77.830246
2020-06-24 15:00:00,77.66,77.86995
2020-06-24 16:00:00,77.66,77.918495
2020-06-24 17:00:00,77.66,77.93456
2020-06-24 18:00:00,77.66,77.9126
2020-06-24 19:00:00,77.66,77.90824
2020-06-24 20:00:00,77.66,77.85716
2020-06-24 21:00:00,77.66,77.85962
2020-06-24 22:00:00,77.65,77.863754
2020-06-24 23:00:00,77.65,77.85617
2020-06-25 00:00:00,77.65,77.86019
2020-06-25 01:00:00,77.65,77.858765
2020-06-25 02:00:00,77.65,77.86213
2020-06-25 03:00:00,77.65,77.86162
2020-06-25 04:00:00,77.64,77.86531
2020-06-25 05:00:00,77.64,77.860535
2020-06-25 06:00:00,77.64,77.85845
2020-06-25 07:00:00,77.64,77.8578
2020-06-25 08:00:00,77.64,77.85606
2020-06-25 09:00:00,77.63,77.852264
2020-06-25 10:00:00,77.63,77.85681
2020-06-25 11:00:00,77.63,77.85818
2020-06-25 12:00:00,77.63,77.86552
2020-06-25 13:00:00,77.63,77.868385
2020-06-25 14:00:00,77.62,77.86874
2020-06-25 15:00:00,77.62,77.874
2020-06-25 16:00:00,77.62,77.855194
2020-06-25 17:00:00,77.62,77.84303
2020-06-25 18:00:00,77.62,77.8441
2020-06-25 19:00:00,77.61,77.83535
2020-06-25 20:00:00,77.61,77.828995
2020-06-25 21:00:00,77.61,77.82763
2020-06-25 22:00:00,77.61,77.83471
2020-06-25 23:00:00,77.6,77.83833
2020-06-26 00:00:00,77.6,77.836945
2020-06-26 01:00:00,77.6,77.83995
2020-06-26 02:00:00,77.6,77.83594
2020-06-26 03:00:00,77.6,77.83493
2020-06-26 04:00:00,77.6,77.83379
2020-06-26 05:00:00,77.6,77.83939
2020-06-26 06:00:00,77.6,77.83644
2020-06-26 07:00:00,77.6,77.83957
2020-06-26 08:00:00,77.6,77.83682
2020-06-26 09:00:00,77.59,77.8336
2020-06-26 10:00:00,77.59,77.83224
2020-06-26 11:00:00,77.6,77.834496
2020-06-26 12:00:00,77.6,77.82678
2020-06-26 13:00:00,77.6,77.82783
2020-06-26 14:00:00,77.6,77.82476
2020-06-26 15:00:00,77.6,77.82543
2020-06-26 16:00:00,77.6,77.82466
2020-06-26 17:00:00,77.6,77.8279
2020-06-26 18:00:00,77.59,77.83026
2020-06-26 19:00:00,77.59,77.827255
2020-06-26 20:00:00,77.59,77.82878
2020-06-26 21:00:00,77.59,77.8352
2020-06-26 22:00:00,77.59,77.83472
2020-06-26 23:00:00,77.58,77.83314
2020-06-27 00:00:00,77.58,77.83361
2020-06-27 01:00:00,77.58,77.83936
2020-06-27 02:00:00,77.58,77.84859
2020-06-27 03:00:00,77.59,77.84778
2020-06-27 04:00:00,77.59,77.843376
2020-06-27 05:00:00,77.59,77.83835
2020-06-27 06:00:00,77.59,77.836685
2020-06-27 07:00:00,77.59,77.827065
2020-06-27 08:00:00,77.59,77.82359
2020-06-27 09:00:00,77.59,77.82368
2020-06-27 10:00:00,77.59,77.82442
2020-06-27 11:00:00,77.59,77.819176
2020-06-27 12:00:00,77.59,77.823
2020-06-27 13:00:00,77.6,77.817184
2020-06-27 14:00:00,77.6,77.81924
2020-06-27 15:00:00,77.6,77.81714
2020-06-27 16:00:00,77.6,77.82846
2020-06-27 17:00:00,77.6,77.82996
2020-06-27 18:00:00,77.6,77.829575
2020-06-27 19:00:00,77.59,77.81692
2020-06-27 20:00:00,77.59,77.81051
2020-06-27 21:00:00,77.59,77.804756
2020-06-27 22:00:00,77.59,77.80901
2020-06-27 23:00:00,77.59,77.820435
2020-06-28 00:00:00,77.59,77.81961
2020-06-28 01:00:00,77.59,77.82341
2020-06-28 02:00:00,77.59,77.826096
2020-06-28 03:00:00,77.59,77.825966
2020-06-28 04:00:00,77.59,77.82856
2020-06-28 05:00:00,77.59,77.82777
2020-06-28 06:00:00,77.59,77.82333
2020-06-28 07:00:00,77.59,77.82922
2020-06-28 08:00:00,77.59,77.829414
2020-06-28 09:00:00,77.59,77.82663
2020-06-28 10:00:00,77.59,77.82408
2020-06-28 11:00:00,77.6,77.8272
2020-06-28 12:00:00,77.6,77.824585
2020-06-28 13:00:00,77.6,77.82828
2020-06-28 14:00:00,77.6,77.82813
2020-06-28 15:00:00,77.6,77.832664
2020-06-28 16:00:00,77.6,77.839516
2020-06-28 17:00:00,77.59,77.84165
2020-06-28 18:00:00,77.59,77.842606
2020-06-28 19:00:00,77.58,77.83082
2020-06-28 20:00:00,77.58,77.83566
2020-06-28 21:00:00,77.57,77.83632
2020-06-28 22:00:00,77.57,77.83665
2020-06-28 23:00:00,77.57,77.83689
2020-06-29 00:00:00,77.57,77.83291
2020-06-29 01:00:00,77.57,77.83384
2020-06-29 02:00:00,77.57,77.83556
2020-06-29 03:00:00,77.58,77.833595
2020-06-29 04:00:00,77.58,77.83535
2020-06-29 05:00:00,77.58,77.83819
2020-06-29 06:00:00,77.57,77.84367
2020-06-29 07:00:00,77.58,77.832985
2020-06-29 09:00:00,77.56,77.828415
2020-06-29 10:00:00,77.57,77.82518
2020-06-29 11:00:00,77.58,77.81516
2020-06-29 12:00:00,77.58,77.81378
2020-06-29 13:00:00,77.58,77.80639
2020-06-29 14:00:00,77.58,77.82943
2020-06-29 15:00:00,77.58,77.856926
2020-06-29 16:00:00,77.59,77.868706
2020-06-29 17:00:00,77.6,77.90625
2020-06-29 18:00:00,77.61,77.950714
2020-06-29 19:00:00,77.62,77.93665
2020-06-29 20:00:00,77.64,77.90758
2020-06-29 21:00:00,77.65,77.92981
2020-06-29 22:00:00,77.67,77.862816
2020-06-29 23:00:00,77.69,77.915634
2020-06-30 00:00:00,77.7,77.97446
2020-06-30 01:00:00,77.72,77.92912
2020-06-30 02:00:00,77.73,77.94108
2020-06-30 03:00:00,77.74,77.94626
2020-06-30 04:00:00,77.75,77.93921
2020-06-30 05:00:00,77.75,77.95097
2020-06-30 06:00:00,77.75,77.96129
2020-06-30 07:00:00,77.76,77.92819
2020-06-30 08:00:00,77.76,77.97296
2020-06-30 09:00:00,77.76,77.97972
2020-06-30 10:00:00,77.76,77.97827
2020-06-30 11:00:00,77.76,77.98195
2020-06-30 12:00:00,77.76,77.97385
2020-06-30 13:00:00,77.76,77.96601
2020-06-30 14:00:00,77.76,77.93961
2020-06-30 15:00:00,77.76,77.97842
2020-06-30 16:00:00,77.76,77.97027
2020-06-30 17:00:00,77.75,77.97473
2020-06-30 18:00:00,77.75,77.97399
2020-06-30 19:00:00,77.75,77.987236
2020-06-30 20:00:00,77.74,77.99208
2020-06-30 21:00:00,77.74,77.9993
2020-06-30 22:00:00,77.74,77.960724
2020-06-30 23:00:00,77.74,77.89206
2020-07-01 00:00:00,77.73,77.862206
2020-07-01 01:00:00,77.73,77.86682
2020-07-01 02:00:00,77.73,77.865425
2020-07-01 03:00:00,77.73,77.864655
2020-07-01 04:00:00,77.73,77.86266
2020-07-01 05:00:00,77.72,77.86442
2020-07-01 06:00:00,77.72,77.86187
2020-07-01 07:00:00,77.72,77.86604
2020-07-01 08:00:00,77.71,77.85679
2020-07-01 09:00:00,77.71,77.85028
2020-07-01 10:00:00,77.71,77.83909
2020-07-01 11:00:00,77.71,77.83251
2020-07-01 12:00:00,77.72,77.82345
2020-07-01 13:00:00,77.72,77.82298
2020-07-01 14:00:00,77.71,77.82573
2020-07-01 15:00:00,77.71,77.8319
2020-07-01 16:00:00,77.71,77.83499
2020-07-01 17:00:00,77.7,77.83601
2020-07-01 18:00:00,77.69,77.84181
2020-07-01 19:00:00,77.69,77.838356
2020-07-01 20:00:00,77.68,77.84999
2020-07-01 21:00:00,77.68,77.852646
2020-07-01 22:00:00,77.68,77.85742
2020-07-01 23:00:00,77.68,77.85976
2020-07-02 00:00:00,77.67,77.87207
2020-07-02 01:00:00,77.67,77.87281
2020-07-02 02:00:00,77.67,77.87151
2020-07-02 03:00:00,77.67,77.86968
2020-07-02 04:00:00,77.67,77.874275
2020-07-02 05:00:00,77.67,77.87295
2020-07-02 06:00:00,77.66,77.86409
2020-07-02 07:00:00,77.66,77.85482
2020-07-02 08:00:00,77.66,77.83563
2020-07-02 09:00:00,77.66,77.81748
2020-07-02 10:00:00,77.66,77.809364
2020-07-02 11:00:00,77.66,77.79991
2020-07-02 12:00:00,77.66,77.79426
2020-07-02 13:00:00,77.66,77.79507
2020-07-02 14:00:00,77.66,77.79087
2020-07-02 15:00:00,77.66,77.79663
2020-07-02 16:00:00,77.65,77.792145
2020-07-02 17:00:00,77.65,77.79572
2020-07-02 18:00:00,77.65,77.79524
2020-07-02 19:00:00,77.64,77.788765
2020-07-02 20:00:00,77.64,77.79534
2020-07-02 21:00:00,77.63,77.7969
2020-07-02 22:00:00,77.63,77.80952
2020-07-02 23:00:00,77.63,77.81029
2020-07-03 00:00:00,77.63,77.808525
2020-07-03 01:00:00,77.63,77.80655
2020-07-03 02:00:00,77.62,77.80965
2020-07-03 03:00:00,77.62,77.81151
2020-07-03 04:00:00,77.62,77.802345
2020-07-03 05:00:00,77.62,77.80912
2020-07-03 06:00:00,77.62,77.81245
2020-07-03 07:00:00,77.62,77.81363
2020-07-03 08:00:00,77.62,77.81635
2020-07-03 09:00:00,77.61,77.81151
2020-07-03 10:00:00,77.61,77.80899
2020-07-03 11:00:00,77.61,77.80982
2020-07-03 12:00:00,77.61,77.80341
2020-07-03 13:00:00,77.61,77.80052
2020-07-03 14:00:00,77.61,77.79846
2020-07-03 15:00:00,77.61,77.794334
2020-07-03 16:00:00,77.61,77.79797
2020-07-03 17:00:00,77.6,77.795654
2020-07-03 18:00:00,77.6,77.80268
2020-07-03 19:00:00,77.6,77.79561
2020-07-03 20:00:00,77.6,77.87886
2020-07-03 21:00:00,77.6,77.86939
2020-07-03 22:00:00,77.61,77.93024
2020-07-03 23:00:00,77.61,77.91406
2020-07-04 00:00:00,77.61,77.9225
2020-07-04 01:00:00,77.62,77.929474
2020-07-04 02:00:00,77.62,77.934456
2020-07-04 03:00:00,77.62,77.92348
2020-07-04 04:00:00,77.63,77.9075
2020-07-04 05:00:00,77.63,77.921104
2020-07-04 06:00:00,77.63,77.92342
2020-07-04 07:00:00,77.63,77.935814
2020-07-04 08:00:00,77.62,77.94175
2020-07-04 09:00:00,77.62,77.94524
2020-07-04 10:00:00,77.62,77.942635
2020-07-04 11:00:00,77.62,77.944786
2020-07-04 12:00:00,77.62,77.92084
2020-07-04 13:00:00,77.62,77.942314
2020-07-04 14:00:00,77.62,77.9249
2020-07-04 15:00:00,77.62,77.92465
2020-07-04 16:00:00,77.61,77.94529
2020-07-04 17:00:00,77.61,77.94389
2020-07-04 18:00:00,77.6,77.936874
2020-07-04 19:00:00,77.6,77.95642
2020-07-04 20:00:00,77.6,77.95675
2020-07-04 21:00:00,77.6,77.81005
2020-07-04 22:00:00,77.59,77.80788
2020-07-04 23:00:00,77.59,77.80999
2020-07-05 00:00:00,77.59,77.81063
2020-07-05 01:00:00,77.59,77.81061
2020-07-05 02:00:00,77.59,77.81388
2020-07-05 03:00:00,77.59,77.810814
2020-07-05 04:00:00,77.59,77.811584
2020-07-05 05:00:00,77.58,77.81203
2020-07-05 06:00:00,77.58,77.81334
2020-07-05 07:00:00,77.58,77.81364
2020-07-05 08:00:00,77.58,77.81265
2020-07-05 09:00:00,77.58,77.810074
2020-07-05 10:00:00,77.58,77.80877
2020-07-05 11:00:00,77.58,77.80808
2020-07-05 12:00:00,77.58,77.80125
2020-07-05 13:00:00,77.58,77.80431
2020-07-05 14:00:00,77.58,77.8038
2020-07-05 15:00:00,77.58,77.8031
2020-07-05 16:00:00,77.58,77.80087
2020-07-05 17:00:00,77.57,77.79921
2020-07-05 18:00:00,77.57,77.8028
2020-07-05 19:00:00,77.57,77.80373
2020-07-05 20:00:00,77.56,77.80505
2020-07-05 21:00:00,77.56,77.8125
2020-07-05 22:00:00,77.56,77.80586
2020-07-05 23:00:00,77.56,77.80949
2020-07-06 00:00:00,77.55,77.81241
2020-07-06 01:00:00,77.55,77.814926
2020-07-06 02:00:00,77.55,77.818985
2020-07-06 03:00:00,77.55,77.8171
2020-07-06 04:00:00,77.55,77.8164
2020-07-06 05:00:00,77.55,77.81581
2020-07-06 06:00:00,77.55,77.81567
2020-07-06 07:00:00,77.55,77.824905
2020-07-06 08:00:00,77.55,77.819115
2020-07-06 09:00:00,77.54,77.81678
2020-07-06 10:00:00,77.55,77.8148
2020-07-06 11:00:00,77.55,77.816826
2020-07-06 12:00:00,77.54,77.823044
2020-07-06 13:00:00,77.54,77.81899
2020-07-06 14:00:00,77.54,77.825516
2020-07-06 15:00:00,77.53,77.82167
2020-07-06 16:00:00,77.53,77.82149
2020-07-06 17:00:00,77.53,77.81865
2020-07-06 18:00:00,77.53,77.821915
2020-07-06 19:00:00,77.53,77.82076
2020-07-06 20:00:00,77.53,77.82428
2020-07-06 21:00:00,77.52,77.82268
2020-07-06 22:00:00,77.52,77.826965
2020-07-06 23:00:00,77.52,77.82638
2020-07-07 00:00:00,77.51,77.826805
2020-07-07 01:00:00,77.51,77.83156
2020-07-07 02:00:00,77.51,77.83339
2020-07-07 03:00:00,77.51,77.84067
2020-07-07 04:00:00,77.51,77.84597
2020-07-07 05:00:00,77.51,77.845024
2020-07-07 06:00:00,77.5,77.83596
2020-07-07 07:00:00,77.5,77.845474
2020-07-07 08:00:00,77.5,77.84762
2020-07-07 09:00:00,77.5,77.8396
2020-07-07 10:00:00,77.5,77.833206
2020-07-07 11:00:00,77.5,77.830154
2020-07-07 12:00:00,77.51,77.83363
2020-07-07 13:00:00,77.51,77.84029
2020-07-07 14:00:00,77.51,77.83888
2020-07-07 15:00:00,77.5,77.84317
2020-07-07 16:00:00,77.5,77.84138
2020-07-07 17:00:00,77.5,77.8361
2020-07-07 18:00:00,77.49,77.83192
2020-07-07 19:00:00,77.49,77.831215
2020-07-07 20:00:00,77.48,77.83767
2020-07-07 21:00:00,77.48,77.83654
2020-07-07 22:00:00,77.47,77.927444
2020-07-07 23:00:00,77.48,77.972
2020-07-08 00:00:00,77.47,77.965645
2020-07-08 01:00:00,77.47,77.97166
2020-07-08 02:00:00,77.47,77.97495
2020-07-08 03:00:00,77.47,77.97307
2020-07-08 04:00:00,77.47,77.966866
2020-07-08 05:00:00,77.47,77.96268
2020-07-08 06:00:00,77.47,77.96037
2020-07-08 07:00:00,77.47,77.966866
2020-07-08 08:00:00,77.47,77.9685
2020-07-08 09:00:00,77.47,77.961876
2020-07-08 10:00:00,77.47,77.95797
2020-07-08 11:00:00,77.47,77.95131
2020-07-08 12:00:00,77.48,77.94859
2020-07-08 13:00:00,77.48,77.95137
2020-07-08 14:00:00,77.48,77.94604
2020-07-08 15:00:00,77.48,77.9566
2020-07-08 16:00:00,77.48,77.949165
2020-07-08 17:00:00,77.47,77.95118
2020-07-08 18:00:00,77.46,77.95988
2020-07-08 19:00:00,77.46,77.95888
2020-07-08 20:00:00,77.46,77.95863
2020-07-08 21:00:00,77.45,77.97196
2020-07-08 22:00:00,77.45,77.84887
2020-07-08 23:00:00,77.45,77.85133
2020-07-09 00:00:00,77.45,77.85393
2020-07-09 01:00:00,77.45,77.85601
2020-07-09 02:00:00,77.45,77.855545
2020-07-09 03:00:00,77.45,77.85528
2020-07-09 04:00:00,77.45,77.85271
2020-07-09 05:00:00,77.45,77.85226
2020-07-09 06:00:00,77.45,77.84995
2020-07-09 07:00:00,77.45,77.834435
2020-07-09 08:00:00,77.45,77.833855
2020-07-09 09:00:00,77.45,77.8314
2020-07-09 10:00:00,77.45,77.81901
2020-07-09 11:00:00,77.45,77.815895
2020-07-09 12:00:00,77.45,77.81339
2020-07-09 13:00:00,77.45,77.81313
2020-07-09 14:00:00,77.45,77.814476
2020-07-09 15:00:00,77.45,77.81439
2020-07-09 16:00:00,77.45,77.815346
2020-07-09 17:00:00,77.44,77.81665
2020-07-09 18:00:00,77.44,77.818275
2020-07-09 19:00:00,77.43,77.81827
2020-07-09 20:00:00,77.43,77.82286
2020-07-09 21:00:00,77.43,77.82449
2020-07-09 22:00:00,77.43,77.82561
2020-07-09 23:00:00,77.43,77.82704
2020-07-10 00:00:00,77.42,77.82368
2020-07-10 01:00:00,77.43,77.82807
2020-07-10 02:00:00,77.43,77.823166
2020-07-10 03:00:00,77.43,77.83624
2020-07-10 04:00:00,77.43,77.90926
2020-07-10 05:00:00,77.44,77.95092
2020-07-10 06:00:00,77.46,77.943985
2020-07-10 07:00:00,77.5,78.00889
2020-07-10 08:00:00,77.55,78.02192
2020-07-10 09:00:00,77.6,77.96366
2020-07-10 10:00:00,77.66,78.03645
2020-07-10 11:00:00,77.71,78.01656
2020-07-10 12:00:00,77.75,78.012764
2020-07-10 13:00:00,77.79,78.01664
2020-07-10 14:00:00,77.82,78.010376
2020-07-10 15:00:00,77.84,78.00786
2020-07-10 16:00:00,77.86,78.014305
2020-07-10 17:00:00,77.87,78.0184
2020-07-10 18:00:00,77.88,78.01462
2020-07-10 19:00:00,77.89,78.02326
2020-07-10 20:00:00,77.89,78.02762
2020-07-10 21:00:00,77.89,78.02707
2020-07-10 22:00:00,77.9,78.035645
2020-07-10 23:00:00,77.9,78.03873
2020-07-11 00:00:00,77.9,78.04383
2020-07-11 01:00:00,77.9,78.04445
2020-07-11 02:00:00,77.9,78.049126
2020-07-11 03:00:00,77.9,78.03909
2020-07-11 04:00:00,77.9,78.04857
2020-07-11 05:00:00,77.89,78.04838
2020-07-11 06:00:00,77.89,78.05751
2020-07-11 07:00:00,77.89,78.054
2020-07-11 08:00:00,77.88,78.056915
2020-07-11 09:00:00,77.88,77.86001
2020-07-11 10:00:00,77.88,77.850204
2020-07-11 11:00:00,77.88,77.84312
2020-07-11 12:00:00,77.87,77.84201
2020-07-11 13:00:00,77.87,77.842224
2020-07-11 14:00:00,77.87,77.842285
2020-07-11 15:00:00,77.86,77.84581
2020-07-11 16:00:00,77.85,77.860954
2020-07-11 17:00:00,77.84,77.854324
2020-07-11 18:00:00,77.84,77.85904
2020-07-11 19:00:00,77.83,77.85911
2020-07-11 20:00:00,77.82,77.86217
2020-07-11 21:00:00,77.82,77.861946
2020-07-11 22:00:00,77.81,77.8621
2020-07-11 23:00:00,77.81,77.85893
2020-07-12 00:00:00,77.8,77.857635
2020-07-12 01:00:00,77.79,77.85833
2020-07-12 02:00:00,77.79,77.85888
2020-07-12 03:00:00,77.78,77.86535
2020-07-12 04:00:00,77.78,77.87316
2020-07-12 05:00:00,77.78,77.87364
2020-07-12 06:00:00,77.77,77.87906
2020-07-12 07:00:00,77.77,77.87767
2020-07-12 08:00:00,77.76,77.86817
2020-07-12 09:00:00,77.76,77.85774
2020-07-12 10:00:00,77.75,77.850426
2020-07-12 11:00:00,77.75,77.8462
2020-07-12 12:00:00,77.74,77.8615
2020-07-12 13:00:00,77.74,77.869644
2020-07-12 14:00:00,77.74,77.84823
2020-07-12 15:00:00,77.74,77.85627
2020-07-12 16:00:00,77.74,77.93991
2020-07-12 17:00:00,77.75,77.91623
2020-07-12 18:00:00,77.75,77.929085
2020-07-12 19:00:00,77.76,77.95393
2020-07-12 20:00:00,77.77,77.97
2020-07-12 21:00:00,77.79,77.98318
2020-07-12 22:00:00,77.8,77.974236
2020-07-12 23:00:00,77.82,77.95991
2020-07-13 00:00:00,77.83,77.958084
2020-07-13 01:00:00,77.84,77.95544
2020-07-13 02:00:00,77.85,77.953545
2020-07-13 03:00:00,77.87,77.97473
2020-07-13 04:00:00,77.88,77.95524
2020-07-13 05:00:00,77.9,77.96397
2020-07-13 06:00:00,77.92,77.93962
2020-07-13 07:00:00,77.96,77.95515
2020-07-13 08:00:00,78.0,77.982666
2020-07-13 09:00:00,78.04,77.93813
2020-07-13 10:00:00,78.08,77.99495
2020-07-13 11:00:00,78.13,78.092964
2020-07-13 12:00:00,78.17,78.095436
2020-07-13 13:00:00,78.2,78.10474
2020-07-13 14:00:00,78.23,78.09853
2020-07-13 15:00:00,78.26,78.08135
2020-07-13 16:00:00,78.28,78.08024
2020-07-13 17:00:00,78.29,78.07732
2020-07-13 18:00:00,78.3,78.07487
2020-07-13 19:00:00,78.3,78.07635
2020-07-13 20:00:00,78.3,78.07187
2020-07-13 21:00:00,78.3,78.06852
2020-07-13 22:00:00,78.3,78.08191
2020-07-13 23:00:00,78.3,78.075714
2020-07-14 00:00:00,78.29,78.073524
2020-07-14 01:00:00,78.29,78.06863
2020-07-14 02:00:00,78.28,78.07113
2020-07-14 03:00:00,78.27,78.07118
2020-07-14 04:00:00,78.27,78.06629
2020-07-14 05:00:00,78.26,78.0687
2020-07-14 06:00:00,78.25,78.07033
2020-07-14 07:00:00,78.24,78.07162
2020-07-14 08:00:00,78.23,78.07488
2020-07-14 09:00:00,78.23,78.046265
2020-07-14 10:00:00,78.22,77.923416
2020-07-14 11:00:00,78.21,77.91716
2020-07-14 12:00:00,78.2,77.88957
2020-07-14 13:00:00,78.2,77.87133
2020-07-14 14:00:00,78.19,77.82622
2020-07-14 15:00:00,78.18,77.821625
2020-07-14 16:00:00,78.17,77.82833
2020-07-14 17:00:00,78.16,77.8231
2020-07-14 18:00:00,78.15,77.82003
2020-07-14 19:00:00,78.14,77.82642
2020-07-14 20:00:00,78.14,77.8306
2020-07-14 21:00:00,78.13,77.83429
2020-07-14 22:00:00,78.12,77.832886
2020-07-14 23:00:00,78.11,77.83734
2020-07-15 00:00:00,78.1,77.84224
2020-07-15 01:00:00,78.1,77.841705
2020-07-15 02:00:00,78.09,77.84368
2020-07-15 03:00:00,78.08,77.84082
2020-07-15 04:00:00,78.08,77.84094
2020-07-15 05:00:00,78.07,77.8428
2020-07-15 06:00:00,78.06,77.84152
2020-07-15 07:00:00,78.06,77.8429
2020-07-15 08:00:00,78.05,77.84239
2020-07-15 09:00:00,78.05,77.83904
2020-07-15 10:00:00,78.04,77.8416
2020-07-15 11:00:00,78.04,77.84261
2020-07-15 12:00:00,78.03,77.843094
2020-07-15 13:00:00,78.03,77.84012
2020-07-15 14:00:00,78.02,77.836975
2020-07-15 15:00:00,78.02,77.83511
2020-07-15 16:00:00,78.01,77.82473
2020-07-15 17:00:00,78.01,77.82297
2020-07-15 18:00:00,78.0,77.825264
2020-07-15 19:00:00,77.99,77.82692
2020-07-15 20:00:00,77.98,77.82451
2020-07-15 21:00:00,77.98,77.83083
2020-07-15 22:00:00,77.97,77.83707
2020-07-15 23:00:00,77.96,77.84119
2020-07-16 00:00:00,77.96,77.84197
2020-07-16 01:00:00,77.95,77.84336
2020-07-16 02:00:00,77.95,77.84199
2020-07-16 03:00:00,77.94,77.84228
2020-07-16 04:00:00,77.94,77.8423
2020-07-16 05:00:00,77.93,77.8429
2020-07-16 06:00:00,77.93,77.84223
2020-07-16 07:00:00,77.92,77.84201
2020-07-16 08:00:00,77.92,77.83765
2020-07-16 09:00:00,77.91,77.83139
2020-07-16 10:00:00,77.91,77.82283
2020-07-16 11:00:00,77.91,77.82236
2020-07-16 12:00:00,77.91,77.81566
2020-07-16 13:00:00,77.91,77.80508
2020-07-16 14:00:00,77.91,77.80387
2020-07-16 15:00:00,77.9,77.807175
2020-07-16 16:00:00,77.89,77.81374
2020-07-16 17:00:00,77.89,77.81821
2020-07-16 18:00:00,77.88,77.810135
2020-07-16 19:00:00,77.87,77.81086
2020-07-16 20:00:00,77.86,77.812614
2020-07-16 21:00:00,77.85,77.81715
2020-07-16 22:00:00,77.84,77.82222
2020-07-16 23:00:00,77.84,77.827415
2020-07-17 00:00:00,77.84,77.82613
2020-07-17 01:00:00,77.83,77.83107
2020-07-17 02:00:00,77.83,77.82987
2020-07-17 03:00:00,77.83,77.83355
2020-07-17 04:00:00,77.82,77.83543
2020-07-17 05:00:00,77.82,77.838806
2020-07-17 06:00:00,77.81,77.83934
2020-07-17 07:00:00,77.81,77.841125
2020-07-17 08:00:00,77.81,77.84663
2020-07-17 09:00:00,77.8,77.84071
2020-07-17 10:00:00,77.81,77.83868
2020-07-17 11:00:00,77.81,77.82754
2020-07-17 12:00:00,77.81,77.82706
2020-07-17 13:00:00,77.8,77.8218
2020-07-17 14:00:00,77.8,77.82956
2020-07-17 15:00:00,77.8,77.82947
2020-07-17 16:00:00,77.8,77.83381
2020-07-17 17:00:00,77.79,77.83635
2020-07-17 18:00:00,77.78,77.82884
2020-07-17 19:00:00,77.77,77.816086
2020-07-17 20:00:00,77.77,77.82581
2020-07-17 21:00:00,77.76,77.82866
2020-07-17 22:00:00,77.76,77.83891
2020-07-17 23:00:00,77.75,77.836174
2020-07-18 00:00:00,77.75,77.83767
2020-07-18 01:00:00,77.75,77.841125
2020-07-18 02:00:00,77.75,77.84175
2020-07-18 03:00:00,77.75,77.84582
2020-07-18 04:00:00,77.75,77.84426
2020-07-18 05:00:00,77.75,77.84587
2020-07-18 06:00:00,77.74,77.84711
2020-07-18 07:00:00,77.74,77.842064
2020-07-18 08:00:00,77.74,77.8359
2020-07-18 09:00:00,77.73,77.83223
2020-07-18 10:00:00,77.72,77.82626
2020-07-18 11:00:00,77.71,77.82087
2020-07-18 12:00:00,77.71,77.81491
2020-07-18 13:00:00,77.7,77.820145
2020-07-18 14:00:00,77.7,77.8177
2020-07-18 15:00:00,77.69,77.81957
2020-07-18 16:00:00,77.69,77.821556
2020-07-18 17:00:00,77.68,77.815186
2020-07-18 18:00:00,77.68,77.81539
2020-07-18 19:00:00,77.67,77.81957
2020-07-18 20:00:00,77.67,77.82325
2020-07-18 21:00:00,77.67,77.82913
2020-07-18 22:00:00,77.67,77.82945
2020-07-18 23:00:00,77.67,77.82982
2020-07-19 00:00:00,77.67,77.83404
2020-07-19 01:00:00,77.67,77.83495
2020-07-19 02:00:00,77.67,77.837105
2020-07-19 03:00:00,77.67,77.83571
2020-07-19 04:00:00,77.67,77.8402
2020-07-19 05:00:00,77.67,77.84212
2020-07-19 06:00:00,77.67,77.84465
2020-07-19 07:00:00,77.67,77.84845
2020-07-19 08:00:00,77.66,77.85187
2020-07-19 09:00:00,77.66,77.85332
2020-07-19 10:00:00,77.66,77.85734
2020-07-19 11:00:00,77.67,77.85729
2020-07-19 12:00:00,77.66,77.855064
2020-07-19 13:00:00,77.66,77.853745
2020-07-19 14:00:00,77.66,77.85614
2020-07-19 15:00:00,77.66,77.85996
2020-07-19 16:00:00,77.66,77.86271
2020-07-19 17:00:00,77.65,77.86216
2020-07-19 18:00:00,77.65,77.864845
2020-07-19 19:00:00,77.64,77.86383
2020-07-19 20:00:00,77.64,77.8693
2020-07-19 21:00:00,77.63,77.875015
2020-07-19 22:00:00,77.63,77.87503
2020-07-19 23:00:00,77.63,77.8747
2020-07-20 00:00:00,77.63,77.87608
2020-07-20 01:00:00,77.63,77.8757
2020-07-20 02:00:00,77.63,77.87148
2020-07-20 03:00:00,77.62,77.87322
2020-07-20 04:00:00,77.62,77.88214
2020-07-20 05:00:00,77.62,77.8793
2020-07-20 06:00:00,77.62,77.879555
2020-07-20 07:00:00,77.62,77.88289
2020-07-20 08:00:00,77.62,77.8819
2020-07-20 09:00:00,77.61,77.89006
2020-07-20 10:00:00,77.61,77.903015
2020-07-20 11:00:00,77.61,77.88479
2020-07-20 12:00:00,77.61,77.87899
2020-07-20 13:00:00,77.61,77.8796
2020-07-20 14:00:00,77.61,77.87976
2020-07-20 15:00:00,77.61,77.88594
2020-07-20 16:00:00,77.61,77.881966
2020-07-20 17:00:00,77.61,77.88844
2020-07-20 18:00:00,77.61,77.886154
2020-07-20 19:00:00,77.6,77.88581
2020-07-20 20:00:00,77.6,77.892456
2020-07-20 21:00:00,77.6,77.89803
2020-07-20 22:00:00,77.59,77.89663
2020-07-20 23:00:00,77.59,77.89659
2020-07-21 00:00:00,77.59,77.89558
2020-07-21 01:00:00,77.59,77.90954
2020-07-21 02:00:00,77.59,77.98223
2020-07-21 03:00:00,77.59,77.97842
2020-07-21 04:00:00,77.59,77.976425
2020-07-21 05:00:00,77.6,77.9714
2020-07-21 06:00:00,77.59,77.97849
2020-07-21 07:00:00,77.59,77.97446
2020-07-21 08:00:00,77.59,77.962364
2020-07-21 09:00:00,77.59,77.952156
2020-07-21 10:00:00,77.59,77.95821
2020-07-21 11:00:00,77.6,77.971176
2020-07-21 12:00:00,77.6,77.95482
2020-07-21 13:00:00,77.6,77.95801
2020-07-21 14:00:00,77.6,77.97046
2020-07-21 15:00:00,77.6,77.975746
2020-07-21 16:00:00,77.59,77.96587
2020-07-21 17:00:00,77.59,77.9725
2020-07-21 18:00:00,77.59,77.99044
2020-07-21 19:00:00,77.58,77.96685
2020-07-21 20:00:00,77.58,77.95247
2020-07-21 21:00:00,77.58,77.967865
2020-07-21 22:00:00,77.58,77.9582
2020-07-21 23:00:00,77.58,77.9497
2020-07-22 00:00:00,77.58,77.97426
2020-07-22 01:00:00,77.58,77.9828
2020-07-22 02:00:00,77.59,77.917595
2020-07-22 03:00:00,77.59,77.89564
2020-07-22 04:00:00,77.6,77.88708
2020-07-22 05:00:00,77.61,77.90687
2020-07-22 06:00:00,77.62,77.90003
2020-07-22 07:00:00,77.62,77.89726
2020-07-22 08:00:00,77.63,77.922134
2020-07-22 09:00:00,77.63,77.88829
2020-07-22 10:00:00,77.64,77.888336
2020-07-22 11:00:00,77.64,77.88747
2020-07-22 12:00:00,77.65,77.89577
2020-07-22 13:00:00,77.65,77.915535
2020-07-22 14:00:00,77.66,77.974205
2020-07-22 15:00:00,77.67,77.94003
2020-07-22 16:00:00,77.68,77.918144
2020-07-22 17:00:00,77.7,77.92525
2020-07-22 18:00:00,77.7,77.92463
2020-07-22 19:00:00,77.72,77.919014
2020-07-22 20:00:00,77.72,77.91641
2020-07-22 21:00:00,77.73,77.908844
2020-07-22 22:00:00,77.73,77.90074
2020-07-22 23:00:00,77.74,77.91016
2020-07-23 00:00:00,77.75,77.922264
2020-07-23 01:00:00,77.75,77.929184
2020-07-23 02:00:00,77.75,77.92459
2020-07-23 03:00:00,77.76,77.91418
2020-07-23 04:00:00,77.76,77.89932
2020-07-23 05:00:00,77.77,77.88952
2020-07-23 06:00:00,77.77,78.01799
2020-07-23 07:00:00,77.77,77.94045
2020-07-23 08:00:00,77.78,77.91318
2020-07-23 09:00:00,77.79,77.96608
2020-07-23 10:00:00,77.8,77.93334
2020-07-23 11:00:00,77.81,77.94056
2020-07-23 12:00:00,77.83,77.97675
2020-07-23 13:00:00,77.85,77.95476
2020-07-23 14:00:00,77.87,78.03357
2020-07-23 15:00:00,77.89,78.0619
2020-07-23 16:00:00,77.91,78.06572
2020-07-23 17:00:00,77.93,78.03139
2020-07-23 18:00:00,77.95,78.059
2020-07-23 19:00:00,77.96,77.89865
2020-07-23 20:00:00,77.98,78.037735
2020-07-23 21:00:00,78.0,77.89267
2020-07-23 22:00:00,78.01,78.06498
2020-07-23 23:00:00,78.03,78.02975
2020-07-24 00:00:00,78.04,78.01898
2020-07-24 01:00:00,78.06,78.02783
2020-07-24 02:00:00,78.07,78.0169
2020-07-24 03:00:00,78.08,78.01419
2020-07-24 04:00:00,78.09,78.0097
2020-07-24 05:00:00,78.09,78.00595
2020-07-24 06:00:00,78.1,78.01066
2020-07-24 07:00:00,78.11,78.018326
2020-07-24 08:00:00,78.11,78.010796
2020-07-24 09:00:00,78.11,78.03664
2020-07-24 10:00:00,78.11,78.02169
2020-07-24 11:00:00,78.11,78.01
2020-07-24 12:00:00,78.11,78.01709
2020-07-24 13:00:00,78.11,78.02305
2020-07-24 14:00:00,78.11,78.02206
2020-07-24 15:00:00,78.11,78.02738
2020-07-24 16:00:00,78.11,78.04088
2020-07-24 17:00:00,78.11,78.02757
2020-07-24 18:00:00,78.11,78.03107
2020-07-24 19:00:00,78.1,78.027336
2020-07-24 20:00:00,78.1,78.026764
2020-07-24 21:00:00,78.1,77.88868
2020-07-24 22:00:00,78.1,77.87623
2020-07-24 23:00:00,78.09,77.87109
2020-07-25 00:00:00,78.09,77.87029
2020-07-25 01:00:00,78.09,77.87763
2020-07-25 02:00:00,78.09,77.88174
2020-07-25 03:00:00,78.08,77.88588
2020-07-25 04:00:00,78.08,77.885315
2020-07-25 05:00:00,78.08,77.87547
2020-07-25 06:00:00,78.07,77.87282
2020-07-25 07:00:00,78.07,77.8722
2020-07-25 08:00:00,78.07,77.876274
2020-07-25 09:00:00,78.06,77.87294
2020-07-25 10:00:00,78.06,77.858246
2020-07-25 11:00:00,78.06,77.86267
2020-07-25 12:00:00,78.06,77.86061
2020-07-25 13:00:00,78.05,77.86306
2020-07-25 14:00:00,78.05,77.85992
2020-07-25 15:00:00,78.05,77.879074
2020-07-25 16:00:00,78.05,77.85159
2020-07-25 17:00:00,78.04,77.844734
2020-07-25 18:00:00,78.03,77.84289
2020-07-25 19:00:00,78.02,77.84409
2020-07-25 20:00:00,78.02,77.846375
2020-07-25 21:00:00,78.02,77.85386
2020-07-25 22:00:00,78.01,77.85826
2020-07-25 23:00:00,78.01,77.86616
2020-07-26 00:00:00,78.01,77.86768
2020-07-26 01:00:00,78.01,77.86756
2020-07-26 02:00:00,78.0,77.86577
2020-07-26 03:00:00,78.0,77.86363
2020-07-26 04:00:00,78.0,77.86652
2020-07-26 05:00:00,78.0,77.86854
2020-07-26 06:00:00,77.99,77.872055
2020-07-26 07:00:00,77.99,77.87393
2020-07-26 08:00:00,77.99,77.877075
2020-07-26 09:00:00,77.99,77.86359
2020-07-26 10:00:00,77.99,77.84571
2020-07-26 11:00:00,77.99,77.831764
2020-07-26 12:00:00,77.99,77.83309
2020-07-26 13:00:00,77.99,77.83052
2020-07-26 14:00:00,77.99,77.831924
2020-07-26 15:00:00,77.99,77.827614
2020-07-26 16:00:00,77.98,77.83109
2020-07-26 17:00:00,77.97,77.83879
2020-07-26 18:00:00,77.96,77.83446
2020-07-26 19:00:00,77.96,77.82767
2020-07-26 20:00:00,77.96,77.83735
2020-07-26 21:00:00,77.96,77.84076
2020-07-26 22:00:00,77.96,77.84589
2020-07-26 23:00:00,77.96,77.84705
2020-07-27 00:00:00,77.95,77.847755
2020-07-27 01:00:00,77.95,77.845436
2020-07-27 02:00:00,77.95,77.84135
2020-07-27 03:00:00,77.95,77.84372
2020-07-27 04:00:00,77.95,77.84631
2020-07-27 05:00:00,77.95,77.83564
2020-07-27 06:00:00,77.95,77.8402
2020-07-27 07:00:00,77.94,77.83301
2020-07-27 08:00:00,77.94,77.82962
2020-07-27 09:00:00,77.94,77.83503
2020-07-27 10:00:00,77.94,77.827896
2020-07-27 11:00:00,77.94,77.83156
2020-07-27 12:00:00,77.94,77.82569
2020-07-27 13:00:00,77.94,77.82809
2020-07-27 14:00:00,77.94,77.81961
2020-07-27 15:00:00,77.94,77.82353
2020-07-27 16:00:00,77.93,77.851746
2020-07-27 17:00:00,77.93,77.86113
2020-07-27 18:00:00,77.93,77.95798
2020-07-27 19:00:00,77.93,77.94531
2020-07-27 20:00:00,77.93,78.08506
2020-07-27 21:00:00,77.93,78.08049
2020-07-27 22:00:00,77.94,78.07599
2020-07-27 23:00:00,77.94,78.07681
2020-07-28 00:00:00,77.94,78.07954
2020-07-28 01:00:00,77.95,78.08725
2020-07-28 02:00:00,77.95,78.08728
2020-07-28 03:00:00,77.95,78.09185
2020-07-28 04:00:00,77.95,78.0934
2020-07-28 05:00:00,77.95,78.09208
2020-07-28 06:00:00,77.94,78.09782
2020-07-28 07:00:00,77.95,78.10033
2020-07-28 08:00:00,77.95,78.09945
2020-07-28 09:00:00,77.95,78.10271
2020-07-28 10:00:00,77.95,78.10033
2020-07-28 11:00:00,77.95,78.10102
2020-07-28 12:00:00,77.95,78.10698
2020-07-28 13:00:00,77.95,78.111275
2020-07-28 14:00:00,77.96,78.11476
2020-07-28 15:00:00,77.95,78.11832
2020-07-28 16:00:00,77.95,78.115654
2020-07-28 17:00:00,77.95,78.10693
2020-07-28 18:00:00,77.95,78.04079
2020-07-28 19:00:00,77.95,77.88298
2020-07-28 20:00:00,77.97,77.87938
2020-07-28 21:00:00,77.98,78.00183
2020-07-28 22:00:00,77.99,77.946335
2020-07-28 23:00:00,78.02,77.96078
2020-07-29 00:00:00,78.04,77.96911
2020-07-29 01:00:00,78.06,77.97964
2020-07-29 02:00:00,78.08,77.977295
2020-07-29 03:00:00,78.09,77.96784
2020-07-29 04:00:00,78.1,77.951805
2020-07-29 05:00:00,78.12,77.958954
2020-07-29 06:00:00,78.12,77.966125
2020-07-29 07:00:00,78.13,77.98082
2020-07-29 08:00:00,78.14,77.98572
2020-07-29 09:00:00,78.14,77.979355
2020-07-29 10:00:00,78.15,77.966995
2020-07-29 11:00:00,78.16,77.95585
2020-07-29 12:00:00,78.17,77.96711
2020-07-29 13:00:00,78.18,78.09267
2020-07-29 14:00:00,78.2,78.05624
2020-07-29 15:00:00,78.21,77.99394
2020-07-29 16:00:00,78.23,77.96621
2020-07-29 17:00:00,78.25,77.98918
2020-07-29 18:00:00,78.26,77.94261
2020-07-29 19:00:00,78.27,77.98212
2020-07-29 20:00:00,78.28,77.96574
2020-07-29 21:00:00,78.28,77.96869
2020-07-29 22:00:00,78.29,77.95628
2020-07-29 23:00:00,78.29,77.95978
2020-07-30 00:00:00,78.29,77.95561
2020-07-30 01:00:00,78.29,77.963715
2020-07-30 02:00:00,78.29,77.97245
2020-07-30 03:00:00,78.29,77.96767
2020-07-30 04:00:00,78.28,77.96174
2020-07-30 05:00:00,78.28,77.94177
2020-07-30 06:00:00,78.28,77.92608
2020-07-30 07:00:00,78.27,77.923584
2020-07-30 08:00:00,78.27,77.980354
2020-07-30 09:00:00,78.26,77.944496
2020-07-30 10:00:00,78.26,77.96291
2020-07-30 11:00:00,78.26,77.97611
2020-07-30 12:00:00,78.27,77.98891
2020-07-30 13:00:00,78.3,78.02438
2020-07-30 14:00:00,78.32,77.96862
2020-07-30 15:00:00,78.35,77.92643
2020-07-30 16:00:00,78.36,77.97218
2020-07-30 17:00:00,78.37,77.986824
2020-07-30 18:00:00,78.39,78.035774
2020-07-30 19:00:00,78.39,78.04993
2020-07-30 20:00:00,78.4,78.0437
2020-07-30 21:00:00,78.41,78.04113
2020-07-30 22:00:00,78.41,78.06402
2020-07-30 23:00:00,78.41,78.03827
2020-07-31 00:00:00,78.41,78.04568
2020-07-31 01:00:00,78.4,78.034645
2020-07-31 02:00:00,78.4,78.03429
2020-07-31 03:00:00,78.39,78.049
2020-07-31 04:00:00,78.39,78.044235
2020-07-31 05:00:00,78.38,78.046455
2020-07-31 06:00:00,78.39,78.0542
2020-07-31 07:00:00,78.39,78.0421
2020-07-31 08:00:00,78.39,78.03315
2020-07-31 09:00:00,78.39,78.03625
2020-07-31 10:00:00,78.39,78.06043
2020-07-31 11:00:00,78.39,78.06446
2020-07-31 12:00:00,78.39,78.05687
2020-07-31 13:00:00,78.39,78.06504
2020-07-31 14:00:00,78.38,78.07397
2020-07-31 15:00:00,78.37,78.06863
2020-07-31 16:00:00,78.36,78.07228
2020-07-31 17:00:00,78.35,78.06421
2020-07-31 18:00:00,78.34,77.86669
2020-07-31 19:00:00,78.33,77.86785
2020-07-31 20:00:00,78.32,77.870476
2020-07-31 21:00:00,78.31,77.869606
2020-07-31 22:00:00,78.31,77.86548
2020-07-31 23:00:00,78.29,77.863976
2020-08-01 00:00:00,78.29,77.867386
2020-08-01 01:00:00,78.28,77.863846
2020-08-01 02:00:00,78.27,77.860916
2020-08-01 03:00:00,78.27,77.86289
2020-08-01 04:00:00,78.26,77.87089
2020-08-01 05:00:00,78.25,77.875244
2020-08-01 06:00:00,78.25,77.87284
2020-08-01 07:00:00,78.24,77.86968
2020-08-01 08:00:00,78.23,77.87051
2020-08-01 09:00:00,78.23,77.87253
2020-08-01 10:00:00,78.22,77.87136
2020-08-01 11:00:00,78.22,77.87344
2020-08-01 12:00:00,78.22,77.87845
2020-08-01 13:00:00,78.21,77.874664
2020-08-01 14:00:00,78.2,77.87206
2020-08-01 15:00:00,78.19,77.875984
2020-08-01 16:00:00,78.18,77.88164
2020-08-01 17:00:00,78.17,77.88049
2020-08-01 18:00:00,78.16,77.876274
2020-08-01 19:00:00,78.16,77.873405
2020-08-01 20:00:00,78.15,77.87025
2020-08-01 21:00:00,78.14,77.87087
2020-08-01 22:00:00,78.14,77.874794
2020-08-01 23:00:00,78.13,77.87813
2020-08-02 00:00:00,78.12,77.879
2020-08-02 01:00:00,78.12,77.879974
2020-08-02 02:00:00,78.11,77.882286
2020-08-02 03:00:00,78.11,77.886604
2020-08-02 04:00:00,78.1,77.8868
2020-08-02 05:00:00,78.09,77.8903
2020-08-02 06:00:00,78.09,77.89109
2020-08-02 07:00:00,78.08,77.892395
2020-08-02 08:00:00,78.07,77.89972
2020-08-02 09:00:00,78.07,77.90221
2020-08-02 10:00:00,78.07,77.89231
2020-08-02 11:00:00,78.06,77.89185
2020-08-02 12:00:00,78.06,77.88161
2020-08-02 13:00:00,78.05,77.88367
2020-08-02 14:00:00,78.05,77.88488
2020-08-02 15:00:00,78.04,77.88153
2020-08-02 16:00:00,78.04,77.88568
2020-08-02 17:00:00,78.03,77.89043
2020-08-02 18:00:00,78.02,77.87743
2020-08-02 19:00:00,78.01,77.87972
2020-08-02 20:00:00,78.01,77.87769
2020-08-02 21:00:00,78.0,77.88596
2020-08-02 22:00:00,77.99,77.89279
2020-08-02 23:00:00,77.99,77.89527
2020-08-03 00:00:00,77.98,77.89896
2020-08-03 01:00:00,77.98,77.89946
2020-08-03 02:00:00,77.97,77.9025
2020-08-03 03:00:00,77.97,77.903885
2020-08-03 04:00:00,77.96,77.90184
2020-08-03 05:00:00,77.96,77.90473
2020-08-03 06:00:00,77.96,77.906364
2020-08-03 07:00:00,77.95,77.90772
2020-08-03 08:00:00,77.95,77.91412
2020-08-03 09:00:00,77.95,77.90561
2020-08-03 10:00:00,77.94,77.907906
2020-08-03 11:00:00,77.94,77.90383
2020-08-03 12:00:00,77.94,77.91104
2020-08-03 13:00:00,77.94,77.9027
2020-08-03 14:00:00,77.93,77.90231
2020-08-03 15:00:00,77.93,77.898315
2020-08-03 16:00:00,77.92,77.90061
2020-08-03 17:00:00,77.91,77.90136
2020-08-03 18:00:00,77.91,77.90544
2020-08-03 19:00:00,77.9,77.90933
2020-08-03 20:00:00,77.9,77.915375
2020-08-03 21:00:00,77.89,77.91699
2020-08-03 22:00:00,77.89,77.9132
2020-08-03 23:00:00,77.89,77.91501
2020-08-04 00:00:00,77.88,77.91642
2020-08-04 01:00:00,77.88,77.91258
2020-08-04 02:00:00,77.88,77.917336
2020-08-04 03:00:00,77.87,77.91027
2020-08-04 04:00:00,77.87,77.91313
2020-08-04 05:00:00,77.87,77.91513
2020-08-04 06:00:00,77.86,77.91538
2020-08-04 07:00:00,77.86,77.92216
2020-08-04 08:00:00,77.86,77.92533
2020-08-04 09:00:00,77.86,77.92344
2020-08-04 10:00:00,77.86,77.90988
2020-08-04 11:00:00,77.86,77.91398
2020-08-04 12:00:00,77.86,77.90823
2020-08-04 13:00:00,77.86,77.90748
2020-08-04 14:00:00,77.86,77.907684
2020-08-04 15:00:00,77.86,77.91349
2020-08-04 16:00:00,77.85,77.90971
2020-08-04 17:00:00,77.85,77.904594
2020-08-04 18:00:00,77.84,77.909546
2020-08-04 19:00:00,77.83,77.93575
2020-08-04 20:00:00,77.83,77.906334
2020-08-04 21:00:00,77.82,77.908714
2020-08-04 22:00:00,77.82,77.9038
2020-08-04 23:00:00,77.82,77.90381
2020-08-05 00:00:00,77.82,77.90547
2020-08-05 01:00:00,77.82,77.90245
2020-08-05 02:00:00,77.82,77.909386
2020-08-05 03:00:00,77.81,77.907166
2020-08-05 04:00:00,77.81,77.909035
2020-08-05 05:00:00,77.81,77.911026
2020-08-05 06:00:00,77.81,77.91009
2020-08-05 07:00:00,77.81,77.90945
2020-08-05 08:00:00,77.81,77.91451
2020-08-05 09:00:00,77.81,77.91486
2020-08-05 10:00:00,77.82,77.915634
2020-08-05 11:00:00,77.83,77.91916
2020-08-05 12:00:00,77.86,77.91371
2020-08-05 13:00:00,77.9,77.9145
2020-08-05 14:00:00,77.94,77.915924
2020-08-05 15:00:00,77.98,77.91194
2020-08-05 16:00:00,78.02,78.01434
2020-08-05 17:00:00,78.05,77.96474
2020-08-05 18:00:00,78.08,77.997215
2020-08-05 19:00:00,78.09,78.004715
2020-08-05 20:00:00,78.11,77.994545
2020-08-05 21:00:00,78.12,77.99766
2020-08-05 22:00:00,78.13,78.0053
2020-08-05 23:00:00,78.13,77.99091
2020-08-06 00:00:00,78.14,78.00589
2020-08-06 01:00:00,78.15,77.99044
2020-08-06 02:00:00,78.15,78.00787
2020-08-06 03:00:00,78.15,77.99877
2020-08-06 04:00:00,78.16,78.006035
2020-08-06 05:00:00,78.16,78.06496
2020-08-06 06:00:00,78.16,78.04364
2020-08-06 07:00:00,78.16,78.06426
2020-08-06 08:00:00,78.16,78.06295
2020-08-06 09:00:00,78.17,78.04788
2020-08-06 10:00:00,78.17,78.04046
2020-08-06 11:00:00,78.18,78.12829
2020-08-06 12:00:00,78.19,78.12974
2020-08-06 13:00:00,78.2,78.167946
2020-08-06 14:00:00,78.21,78.13137
2020-08-06 15:00:00,78.22,78.170364
2020-08-06 16:00:00,78.22,78.146614
2020-08-06 17:00:00,78.23,78.116196
2020-08-06 18:00:00,78.23,78.103195
2020-08-06 19:00:00,78.23,78.10705
2020-08-06 20:00:00,78.23,78.10633
2020-08-06 21:00:00,78.23,78.108246
2020-08-06 22:00:00,78.22,78.11058
2020-08-06 23:00:00,78.22,78.11227
2020-08-07 00:00:00,78.22,78.1188
2020-08-07 01:00:00,78.21,78.11908
2020-08-07 02:00:00,78.21,78.11652
2020-08-07 03:00:00,78.21,78.11425
2020-08-07 04:00:00,78.2,78.11414
2020-08-07 05:00:00,78.21,78.111244
2020-08-07 06:00:00,78.21,78.11572
2020-08-07 07:00:00,78.22,78.123955
2020-08-07 08:00:00,78.22,78.115166
2020-08-07 09:00:00,78.23,78.11293
2020-08-07 10:00:00,78.23,77.921135
2020-08-07 11:00:00,78.23,77.91505
2020-08-07 12:00:00,78.23,77.9297
2020-08-07 13:00:00,78.25,77.99046
2020-08-07 14:00:00,78.28,77.92186
2020-08-07 15:00:00,78.32,77.95572
2020-08-07 16:00:00,78.37,77.95786
2020-08-07 17:00:00,78.43,78.03009
2020-08-07 18:00:00,78.79,78.00684
2020-08-08 23:00:00,78.95,78.01062
2020-08-09 00:00:00,78.92,78.15054
2020-08-09 01:00:00,78.89,78.13039
2020-08-09 02:00:00,78.86,78.13015
2020-08-09 03:00:00,78.83,78.1411
2020-08-09 04:00:00,78.81,78.13179
2020-08-09 05:00:00,78.78,78.13736
2020-08-09 06:00:00,78.76,78.1293
2020-08-09 07:00:00,78.74,78.12711
2020-08-09 08:00:00,78.72,78.12999
2020-08-09 09:00:00,78.69,78.13553
2020-08-09 10:00:00,78.67,78.133255
2020-08-09 11:00:00,78.66,78.16314
2020-08-09 12:00:00,78.64,78.14843
2020-08-09 13:00:00,78.63,78.12188
2020-08-09 14:00:00,78.61,78.133835
2020-08-09 15:00:00,78.59,78.140495
2020-08-09 16:00:00,78.57,78.1435
2020-08-09 17:00:00,78.55,78.14991
2020-08-09 18:00:00,78.53,78.17726
2020-08-09 19:00:00,78.51,78.17376
2020-08-09 20:00:00,78.49,78.15903
2020-08-09 21:00:00,78.47,78.18198
2020-08-09 22:00:00,78.46,78.10415
2020-08-09 23:00:00,78.45,77.93744
2020-08-10 00:00:00,78.43,77.936516
2020-08-10 01:00:00,78.42,77.96067
2020-08-10 02:00:00,78.41,77.9458
2020-08-10 03:00:00,78.4,78.00709
2020-08-10 04:00:00,78.39,77.962395
2020-08-10 05:00:00,78.38,77.97407
2020-08-10 06:00:00,78.38,78.01063
2020-08-10 07:00:00,78.37,77.98827
2020-08-10 08:00:00,78.36,77.98593
2020-08-10 09:00:00,78.36,77.99143
2020-08-10 10:00:00,78.36,78.00309
2020-08-10 11:00:00,78.36,78.00653
2020-08-10 12:00:00,78.36,77.99309
2020-08-10 13:00:00,78.37,78.10043
2020-08-10 14:00:00,78.38,78.09846
2020-08-10 15:00:00,78.4,78.11141
2020-08-10 16:00:00,78.43,78.1094
2020-08-10 17:00:00,78.45,78.098465
2020-08-10 18:00:00,78.46,78.08511
2020-08-10 19:00:00,78.47,78.07939
2020-08-10 20:00:00,78.47,78.08694
2020-08-10 21:00:00,78.47,78.09637
2020-08-10 22:00:00,78.47,78.10978
2020-08-10 23:00:00,78.46,78.11229
2020-08-11 00:00:00,78.46,78.12103
2020-08-11 01:00:00,78.46,78.119064
2020-08-11 02:00:00,78.46,78.121574
2020-08-11 03:00:00,78.45,78.12188
2020-08-11 04:00:00,78.45,78.12372
2020-08-11 05:00:00,78.44,78.11487
2020-08-11 06:00:00,78.43,78.12188
2020-08-11 07:00:00,78.43,78.101555
2020-08-11 08:00:00,78.42,78.102776
2020-08-11 09:00:00,78.41,78.114265
2020-08-11 10:00:00,78.41,78.13156
2020-08-11 11:00:00,78.4,78.134766
2020-08-11 12:00:00,78.39,77.97696
2020-08-11 13:00:00,78.39,78.09421
2020-08-11 14:00:00,78.38,78.0753
2020-08-11 15:00:00,78.37,78.091415
2020-08-11 16:00:00,78.37,78.03849
2020-08-11 17:00:00,78.36,78.00333
2020-08-11 18:00:00,78.35,78.01733
2020-08-11 19:00:00,78.35,77.990105
2020-08-11 20:00:00,78.35,78.07651
2020-08-11 21:00:00,78.35,78.06657
2020-08-11 22:00:00,78.35,78.09032
2020-08-11 23:00:00,78.35,78.09153
2020-08-12 00:00:00,78.35,78.08338
2020-08-12 01:00:00,78.35,78.06792
2020-08-12 02:00:00,78.35,78.06013
2020-08-12 03:00:00,78.35,78.04181
2020-08-12 04:00:00,78.34,78.03787
2020-08-12 05:00:00,78.34,78.02474
2020-08-12 06:00:00,78.33,78.01712
2020-08-12 07:00:00,78.33,78.0031
2020-08-12 08:00:00,78.32,77.995804
2020-08-13 09:00:00,78.28,78.06609
2020-08-13 10:00:00,78.28,78.03926
2020-08-13 11:00:00,78.27,78.07252
2020-08-13 12:00:00,78.27,77.94814
2020-08-13 13:00:00,78.25,77.940414
2020-08-13 16:00:00,78.24,77.95891
2020-08-13 17:00:00,78.23,77.95362
2020-08-13 18:00:00,78.23,77.95321
2020-08-13 19:00:00,78.21,77.950676
2020-08-13 20:00:00,78.2,77.94491
2020-08-13 21:00:00,78.19,77.92936
2020-08-13 22:00:00,78.19,77.94081
2020-08-13 23:00:00,78.18,77.93975
2020-08-14 00:00:00,78.18,77.9347
2020-08-14 01:00:00,78.17,77.934715
2020-08-14 02:00:00,78.16,77.93646
2020-08-14 03:00:00,78.15,77.924965
2020-08-14 04:00:00,78.15,77.932724
2020-08-14 05:00:00,78.14,77.924
2020-08-14 06:00:00,78.13,77.921524
2020-08-14 07:00:00,78.13,77.92751
2020-08-14 08:00:00,78.12,77.937996
2020-08-14 09:00:00,78.12,77.93605
2020-08-14 10:00:00,78.11,77.95193
2020-08-14 11:00:00,78.11,77.91551
2020-08-14 12:00:00,78.11,77.92406
2020-08-14 13:00:00,78.1,77.9224
2020-08-14 14:00:00,78.09,77.93038
2020-08-14 15:00:00,78.09,77.931625
2020-08-14 16:00:00,78.09,77.927795
2020-08-14 17:00:00,78.08,77.922775
2020-08-14 18:00:00,78.07,77.91954
2020-08-14 19:00:00,78.06,77.92485
2020-08-14 20:00:00,78.05,77.929924
2020-08-14 21:00:00,78.05,77.94045
2020-08-14 22:00:00,78.04,77.94235
2020-08-14 23:00:00,78.04,77.941635
2020-08-15 00:00:00,78.04,77.93905
2020-08-15 01:00:00,78.03,77.91665
2020-08-15 02:00:00,78.03,77.92691
2020-08-15 03:00:00,78.02,77.92392
2020-08-15 04:00:00,78.02,77.92308
2020-08-15 05:00:00,78.02,77.91888
2020-08-15 06:00:00,78.01,77.91967
2020-08-15 07:00:00,78.01,77.91823
2020-08-15 08:00:00,78.0,77.92146
2020-08-15 09:00:00,78.0,77.921646
2020-08-15 10:00:00,78.0,77.91607
2020-08-15 11:00:00,78.0,77.913666
2020-08-15 12:00:00,78.0,77.91289
2020-08-15 13:00:00,78.0,77.92476
2020-08-15 14:00:00,77.99,77.91136
2020-08-15 15:00:00,77.98,77.9153
2020-08-15 16:00:00,77.98,77.919716
2020-08-15 17:00:00,77.97,77.91767
2020-08-15 18:00:00,77.96,77.907814
2020-08-15 19:00:00,77.96,77.902954
2020-08-15 20:00:00,77.96,77.895386
2020-08-15 21:00:00,77.95,77.90444
2020-08-15 22:00:00,77.96,77.90227
2020-08-15 23:00:00,77.96,77.9025
2020-08-16 00:00:00,77.96,77.89755
2020-08-16 01:00:00,77.96,77.89932
2020-08-16 02:00:00,77.96,77.8929
2020-08-16 03:00:00,77.96,77.8876
2020-08-16 04:00:00,77.96,77.879875
2020-08-16 05:00:00,77.96,77.87991
2020-08-16 06:00:00,77.96,77.88116
2020-08-16 07:00:00,77.96,77.876915
2020-08-16 08:00:00,77.96,77.88558
2020-08-16 09:00:00,77.96,77.890755
2020-08-16 10:00:00,77.96,77.896484
2020-08-16 11:00:00,77.96,77.89633
2020-08-16 12:00:00,77.97,77.900894
2020-08-16 13:00:00,77.97,77.9017
2020-08-16 14:00:00,77.97,77.89326
2020-08-16 15:00:00,77.96,77.887436
2020-08-16 16:00:00,77.96,77.90634
2020-08-16 17:00:00,77.96,77.9027
2020-08-16 18:00:00,77.95,77.90465
2020-08-16 19:00:00,77.94,77.89477
2020-08-16 20:00:00,77.94,77.89603
2020-08-16 21:00:00,77.93,77.88223
2020-08-16 22:00:00,77.93,77.886375
2020-08-16 23:00:00,77.92,77.88491
2020-08-17 00:00:00,77.92,77.87959
2020-08-17 01:00:00,77.92,77.88107
2020-08-17 02:00:00,77.92,77.88535
2020-08-17 03:00:00,77.91,77.88486
2020-08-17 04:00:00,77.91,77.88965
2020-08-17 05:00:00,77.91,77.89243
2020-08-17 06:00:00,77.91,77.885414
2020-08-17 07:00:00,77.91,77.89433
2020-08-17 08:00:00,77.9,77.89334
2020-08-17 09:00:00,77.9,77.90115
2020-08-17 10:00:00,77.9,77.89149
2020-08-17 11:00:00,77.9,77.905464
2020-08-17 12:00:00,77.91,77.90929
2020-08-17 13:00:00,77.9,77.908295
2020-08-17 14:00:00,77.88,77.90851
2020-08-17 15:00:00,77.87,77.90711
2020-08-17 16:00:00,77.85,77.911575
2020-08-17 17:00:00,77.84,77.91228
2020-08-17 18:00:00,77.83,77.911064
2020-08-17 19:00:00,77.81,77.91099
2020-08-17 20:00:00,77.8,77.92001
2020-08-17 21:00:00,77.79,77.9176
2020-08-17 22:00:00,77.79,77.913795
2020-08-17 23:00:00,77.78,77.9096
2020-08-18 00:00:00,77.78,77.90842
2020-08-18 01:00:00,77.77,77.90534
2020-08-18 02:00:00,77.77,77.90191
2020-08-18 03:00:00,77.77,77.90216
2020-08-18 04:00:00,77.77,77.89932
2020-08-18 05:00:00,77.77,77.89987
2020-08-18 06:00:00,77.77,77.896126
2020-08-18 07:00:00,77.76,77.90399
2020-08-18 08:00:00,77.76,77.90964
2020-08-18 09:00:00,77.76,77.917435
2020-08-18 10:00:00,77.76,77.90241
2020-08-18 11:00:00,77.76,77.9117
2020-08-18 12:00:00,77.77,77.90765
2020-08-18 13:00:00,77.77,77.90513
2020-08-18 14:00:00,77.77,77.90517
2020-08-18 15:00:00,77.77,77.906906
2020-08-18 16:00:00,77.77,77.9095
2020-08-18 17:00:00,77.76,77.910904
2020-08-18 18:00:00,77.75,77.9101
2020-08-18 19:00:00,77.75,77.912155
2020-08-18 20:00:00,77.74,77.90874
2020-08-18 21:00:00,77.74,77.90906
2020-08-18 22:00:00,77.73,77.90628
2020-08-18 23:00:00,77.73,77.90714
2020-08-19 00:00:00,77.74,77.90746
2020-08-19 01:00:00,77.73,77.91307
2020-08-19 02:00:00,77.74,77.921715
2020-08-19 03:00:00,77.74,77.92021
2020-08-19 04:00:00,77.74,77.8952
2020-08-19 05:00:00,77.74,77.926414
2020-08-19 06:00:00,77.74,77.92131
2020-08-19 07:00:00,77.74,77.921684
2020-08-19 08:00:00,77.75,77.89471
2020-08-19 09:00:00,77.75,77.90102
2020-08-19 10:00:00,77.75,77.89359
2020-08-19 11:00:00,77.76,77.89209
2020-08-19 12:00:00,77.76,77.88894
2020-08-19 13:00:00,77.76,77.89471
2020-08-19 14:00:00,77.77,77.89904
2020-08-19 15:00:00,77.77,77.9187
2020-08-19 16:00:00,77.76,77.919365
2020-08-19 17:00:00,77.76,77.921455
2020-08-19 18:00:00,77.75,77.921684
2020-08-19 19:00:00,77.74,77.91088
2020-08-19 20:00:00,77.73,77.90674
2020-08-19 21:00:00,77.73,77.904655
2020-08-19 22:00:00,77.73,77.91906
2020-08-19 23:00:00,77.74,77.902504
2020-08-20 00:00:00,77.74,77.902664
2020-08-20 01:00:00,77.75,77.92839
2020-08-20 02:00:00,77.75,77.929634
2020-08-20 03:00:00,77.76,77.930145
2020-08-20 04:00:00,77.76,77.93223
2020-08-20 05:00:00,77.76,77.92504
2020-08-20 06:00:00,77.77,77.907486
2020-08-20 07:00:00,77.77,77.908195
2020-08-20 08:00:00,77.78,77.898705
2020-08-20 09:00:00,77.8,77.879944
2020-08-20 10:00:00,77.82,77.87809
2020-08-20 11:00:00,77.84,77.8884
2020-08-20 12:00:00,77.86,77.899445
2020-08-20 13:00:00,77.88,77.89467
2020-08-20 14:00:00,77.88,77.89483
2020-08-20 15:00:00,77.89,77.908455
2020-08-20 16:00:00,77.89,77.91396
2020-08-20 17:00:00,77.9,77.924
2020-08-20 18:00:00,77.89,77.91856
2020-08-20 19:00:00,77.89,77.912544
2020-08-20 20:00:00,77.89,77.91485
2020-08-20 21:00:00,77.89,77.91046
2020-08-20 22:00:00,77.89,77.91747
2020-08-20 23:00:00,77.9,77.91216
2020-08-21 00:00:00,77.9,77.912506
2020-08-21 01:00:00,77.9,77.90941
2020-08-21 02:00:00,77.9,77.90852
2020-08-21 03:00:00,77.91,77.90799
2020-08-21 04:00:00,77.91,77.90721
2020-08-21 05:00:00,77.91,77.91122
2020-08-21 06:00:00,77.92,77.913574
2020-08-21 07:00:00,77.92,77.91881
2020-08-21 08:00:00,77.92,77.90367
2020-08-21 09:00:00,77.92,77.90547
2020-08-21 10:00:00,77.93,77.9131
2020-08-21 11:00:00,77.93,77.92545
2020-08-21 12:00:00,77.93,77.92347
2020-08-21 13:00:00,77.94,77.90086
2020-08-21 14:00:00,77.94,77.89758
2020-08-21 15:00:00,77.94,77.90811
2020-08-21 16:00:00,77.94,77.90357
2020-08-21 17:00:00,77.94,77.90182
2020-08-21 18:00:00,77.94,77.91372
2020-08-21 19:00:00,77.94,77.90434
2020-08-21 20:00:00,77.93,77.901024
2020-08-21 21:00:00,77.93,77.90542
2020-08-21 22:00:00,77.93,77.8865
2020-08-21 23:00:00,77.93,77.89234
2020-08-22 00:00:00,77.94,77.88933
2020-08-22 01:00:00,77.94,77.906784
2020-08-22 02:00:00,77.94,77.91254
2020-08-22 03:00:00,77.94,77.91866
2020-08-22 04:00:00,77.95,77.92078
2020-08-22 05:00:00,77.95,77.9202
2020-08-22 06:00:00,77.95,77.916985
2020-08-22 07:00:00,77.95,77.89808
2020-08-22 08:00:00,77.95,77.928825
2020-08-22 09:00:00,77.96,77.933334
2020-08-22 10:00:00,77.96,77.90019
2020-08-22 11:00:00,77.96,77.902214
2020-08-22 12:00:00,77.97,77.90308
2020-08-22 13:00:00,77.97,77.88635
2020-08-22 14:00:00,77.98,77.89791
2020-08-22 15:00:00,77.98,77.90358
2020-08-22 16:00:00,77.98,77.89768
2020-08-22 17:00:00,77.98,77.888535
2020-08-22 18:00:00,77.98,77.88317
2020-08-22 19:00:00,77.98,77.87678
2020-08-22 20:00:00,77.98,77.89164
2020-08-22 21:00:00,77.98,77.902306
2020-08-22 22:00:00,77.98,77.915146
2020-08-22 23:00:00,77.99,77.91165
2020-08-23 00:00:00,77.99,77.90896
2020-08-23 01:00:00,77.99,77.85828
2020-08-23 02:00:00,77.99,77.88711
2020-08-23 03:00:00,77.99,77.894104
2020-08-23 04:00:00,77.99,77.887215
2020-08-23 05:00:00,78.0,77.87905
2020-08-23 06:00:00,78.0,77.87439
2020-08-23 07:00:00,78.0,77.87599
2020-08-23 08:00:00,78.0,77.87913
2020-08-23 09:00:00,78.0,77.88153
2020-08-23 10:00:00,77.99,77.86908
2020-08-23 11:00:00,77.99,77.88469
2020-08-23 12:00:00,77.99,77.880005
2020-08-23 13:00:00,78.0,77.869385
2020-08-23 14:00:00,78.0,77.88664
2020-08-23 15:00:00,78.0,77.899254
2020-08-23 16:00:00,78.0,77.89635
2020-08-23 17:00:00,78.0,77.88002
2020-08-23 18:00:00,77.99,77.8601
2020-08-23 19:00:00,77.99,77.8518
2020-08-23 20:00:00,77.99,77.84073
2020-08-23 21:00:00,77.99,77.87066
2020-08-23 22:00:00,77.99,77.88057
2020-08-23 23:00:00,77.99,77.87727
2020-08-24 00:00:00,77.99,77.87427
2020-08-24 01:00:00,77.99,77.89324
2020-08-24 02:00:00,77.99,77.89677
2020-08-24 03:00:00,77.99,77.89541
2020-08-24 04:00:00,77.99,77.895515
2020-08-24 05:00:00,77.99,77.89449
2020-08-24 06:00:00,77.99,77.895706
2020-08-24 07:00:00,78.0,77.89456
2020-08-24 08:00:00,78.0,77.89374
2020-08-24 09:00:00,78.0,77.908455
2020-08-24 10:00:00,78.0,77.897285
2020-08-24 11:00:00,78.0,77.90027
2020-08-24 12:00:00,78.01,77.902176
2020-08-24 13:00:00,78.01,77.91396
2020-08-24 14:00:00,78.01,77.90989
2020-08-24 15:00:00,78.01,77.91597
2020-08-24 16:00:00,78.01,77.92686
2020-08-24 17:00:00,78.0,77.91963
2020-08-24 18:00:00,78.0,77.91091
2020-08-24 19:00:00,77.99,77.901535
2020-08-24 20:00:00,77.99,77.894646
2020-08-24 21:00:00,77.98,77.902115
2020-08-24 22:00:00,77.98,77.91176
2020-08-24 23:00:00,77.98,77.91357
2020-08-25 00:00:00,77.98,77.9157
2020-08-25 01:00:00,77.98,77.903854
2020-08-25 02:00:00,77.98,77.896935
2020-08-25 03:00:00,77.98,77.89073
2020-08-25 04:00:00,77.99,77.89372
2020-08-25 05:00:00,77.99,77.89203
2020-08-25 06:00:00,77.99,77.89083
2020-08-25 07:00:00,77.98,77.88022
2020-08-25 08:00:00,77.98,77.89149
2020-08-25 09:00:00,77.98,77.928276
2020-08-25 10:00:00,77.99,77.90827
2020-08-25 11:00:00,78.0,77.916954
2020-08-25 12:00:00,78.0,77.919556
2020-08-25 13:00:00,78.0,77.90833
2020-08-25 14:00:00,78.0,77.95657
2020-08-25 15:00:00,78.0,77.92009
2020-08-25 16:00:00,78.0,77.90328
2020-08-25 17:00:00,78.0,77.90159
2020-08-25 18:00:00,77.99,77.90463
2020-08-25 19:00:00,77.98,77.90255
2020-08-25 20:00:00,77.98,77.88757
2020-08-25 21:00:00,77.97,77.896935
2020-08-25 22:00:00,77.98,77.911644
2020-08-25 23:00:00,77.98,77.92087
2020-08-26 00:00:00,77.98,77.91039
2020-08-26 01:00:00,77.98,77.90515
2020-08-26 02:00:00,77.98,77.89826
2020-08-26 03:00:00,77.98,77.89997
2020-08-26 04:00:00,77.98,77.90501
2020-08-26 05:00:00,77.98,77.89726
2020-08-26 06:00:00,77.98,77.893616
2020-08-26 07:00:00,77.98,77.89206
2020-08-26 08:00:00,77.98,77.898674
2020-08-26 09:00:00,77.98,77.89867
2020-08-26 10:00:00,77.98,77.89278
2020-08-26 11:00:00,77.98,77.8892
2020-08-26 12:00:00,77.98,77.88535
2020-08-26 13:00:00,77.98,77.94361
2020-08-26 14:00:00,77.97,77.89132
2020-08-26 15:00:00,77.97,78.03935
2020-08-26 16:00:00,77.96,78.04993
2020-08-26 17:00:00,77.96,78.04172
2020-08-26 18:00:00,77.96,77.91017
2020-08-26 19:00:00,77.96,77.86771
2020-08-26 20:00:00,77.96,77.795555
2020-08-26 21:00:00,77.97,78.074974
2020-08-26 22:00:00,77.99,77.86627
2020-08-26 23:00:00,78.0,78.091606
2020-08-27 00:00:00,78.02,78.06422
2020-08-27 01:00:00,78.02,78.118965
2020-08-27 02:00:00,78.03,78.05244
2020-08-27 03:00:00,78.04,78.09295
2020-08-27 04:00:00,78.04,78.13803
2020-08-27 05:00:00,78.04,78.13903
2020-08-27 06:00:00,78.04,78.14299
2020-08-27 07:00:00,78.04,78.15099
2020-08-27 08:00:00,78.03,78.15212
2020-08-27 09:00:00,78.03,78.15164
2020-08-27 10:00:00,78.02,78.152794
2020-08-27 11:00:00,78.02,78.15247
2020-08-27 12:00:00,78.02,78.15016
2020-08-27 13:00:00,78.01,78.151085
2020-08-27 14:00:00,78.01,78.15054
2020-08-27 15:00:00,78.01,78.1477
2020-08-27 16:00:00,78.01,78.14795
2020-08-27 17:00:00,78.0,78.14906
2020-08-27 18:00:00,77.99,78.15357
2020-08-27 19:00:00,77.98,78.15307
2020-08-27 20:00:00,77.98,78.15618
2020-08-27 21:00:00,77.97,78.15429
2020-08-27 22:00:00,77.96,78.057655
2020-08-27 23:00:00,77.96,77.98452
2020-08-28 00:00:00,77.96,78.016624
2020-08-28 01:00:00,77.96,78.02207
2020-08-28 02:00:00,77.95,77.998886
2020-08-28 03:00:00,77.96,77.97653
2020-08-28 04:00:00,77.96,77.98172
2020-08-28 05:00:00,77.97,77.992035
2020-08-28 06:00:00,77.98,77.97838
2020-08-28 07:00:00,77.99,77.9978
2020-08-28 08:00:00,78.0,77.97739
2020-08-28 09:00:00,78.0,77.9907
2020-08-28 10:00:00,78.0,78.00023
2020-08-28 11:00:00,78.01,77.98657
2020-08-28 12:00:00,78.01,77.98022
2020-08-28 13:00:00,78.01,77.97274
2020-08-28 14:00:00,78.02,77.965256
2020-08-28 15:00:00,78.01,77.96308
2020-08-28 16:00:00,78.01,77.96065
2020-08-28 17:00:00,78.0,77.95262
2020-08-28 18:00:00,78.0,77.957634
2020-08-28 19:00:00,77.99,77.95257
2020-08-28 20:00:00,77.98,77.952774
2020-08-28 21:00:00,77.98,77.96156
2020-08-28 22:00:00,77.98,77.97557
2020-08-28 23:00:00,77.98,77.97873
2020-08-29 00:00:00,77.97,77.9826
2020-08-29 01:00:00,77.97,77.980774
2020-08-29 02:00:00,77.97,77.92359
2020-08-29 03:00:00,77.97,77.97605
2020-08-29 04:00:00,77.97,77.97617
2020-08-29 05:00:00,77.96,77.97886
2020-08-29 06:00:00,77.96,77.96941
2020-08-29 07:00:00,77.96,77.94394
2020-08-29 08:00:00,77.96,77.96136
2020-08-29 09:00:00,77.95,77.95068
2020-08-29 10:00:00,77.96,77.934166
2020-08-29 11:00:00,77.96,77.967064
2020-08-29 12:00:00,77.95,77.94162
2020-08-29 13:00:00,77.96,77.93686
2020-08-29 14:00:00,77.96,77.94674
2020-08-29 15:00:00,77.95,77.94818
2020-08-29 16:00:00,77.95,78.016975
2020-08-29 17:00:00,77.94,78.010666
2020-08-29 18:00:00,77.93,77.97906
2020-08-29 19:00:00,77.93,78.03884
2020-08-29 20:00:00,77.92,78.00038
2020-08-29 21:00:00,77.92,77.95863
2020-08-29 22:00:00,77.92,78.04484
2020-08-29 23:00:00,77.92,78.03924
2020-08-30 00:00:00,77.92,78.06174
2020-08-30 01:00:00,77.92,78.05567
2020-08-30 02:00:00,77.92,78.05428
2020-08-30 03:00:00,77.92,78.06791
2020-08-30 04:00:00,77.92,78.03583
2020-08-30 05:00:00,77.91,78.030174
2020-08-30 06:00:00,77.91,78.00629
2020-08-30 07:00:00,77.91,78.01373
2020-08-30 08:00:00,77.91,78.014595
2020-08-30 09:00:00,77.91,78.00848
2020-08-30 10:00:00,77.91,78.02274
2020-08-30 11:00:00,77.91,78.1054
2020-08-30 12:00:00,77.91,78.09893
2020-08-30 13:00:00,77.91,78.06523
2020-08-30 14:00:00,77.91,78.06807
2020-08-30 15:00:00,77.91,78.05188
2020-08-30 16:00:00,77.91,78.06559
2020-08-30 17:00:00,77.9,78.05107
2020-08-30 18:00:00,77.89,78.0473
2020-08-30 19:00:00,77.89,77.99608
2020-08-30 20:00:00,77.88,78.10954
2020-08-30 21:00:00,77.88,77.96152
2020-08-30 22:00:00,77.87,77.95771
2020-08-30 23:00:00,77.87,77.96784
2020-08-31 00:00:00,77.87,77.967705
2020-08-31 01:00:00,77.87,77.96738
2020-08-31 02:00:00,77.87,77.96935
2020-08-31 03:00:00,77.87,77.9715
2020-08-31 04:00:00,77.87,77.970406
2020-08-31 05:00:00,77.87,77.97518
2020-08-31 06:00:00,77.87,77.98099
2020-08-31 07:00:00,77.86,77.978836
2020-08-31 08:00:00,77.86,77.98533
2020-08-31 09:00:00,77.86,77.97521
2020-08-31 10:00:00,77.86,77.967476
2020-08-31 11:00:00,77.87,77.969055
2020-08-31 12:00:00,77.87,77.957275
2020-08-31 13:00:00,77.87,77.948814
2020-08-31 14:00:00,77.87,77.93645
2020-08-31 15:00:00,77.87,77.94547
2020-08-31 16:00:00,77.86,77.929665
2020-08-31 17:00:00,77.86,77.92767
2020-08-31 18:00:00,77.85,77.92832
2020-08-31 19:00:00,77.85,77.92616
2020-08-31 20:00:00,77.85,77.9252
2020-08-31 21:00:00,77.84,77.93733
2020-08-31 22:00:00,77.85,77.958405
2020-08-31 23:00:00,77.84,77.959816
2020-09-01 00:00:00,77.85,77.958466
2020-09-01 01:00:00,77.84,77.951744
2020-09-01 02:00:00,77.84,77.94464
2020-09-01 03:00:00,77.84,77.93339
2020-09-01 04:00:00,77.84,77.88041
2020-09-01 05:00:00,77.84,77.90332
2020-09-01 06:00:00,77.84,77.89003
2020-09-01 07:00:00,77.84,77.88609
2020-09-01 08:00:00,77.84,77.880424
2020-09-01 09:00:00,77.84,77.89587
2020-09-01 10:00:00,77.84,77.88325
2020-09-01 11:00:00,77.84,77.89713
2020-09-01 12:00:00,77.85,77.89658
2020-09-01 13:00:00,77.85,77.90068
2020-09-01 14:00:00,77.85,77.91321
2020-09-01 15:00:00,77.85,77.90268
2020-09-01 16:00:00,77.84,77.89705
2020-09-01 17:00:00,77.84,77.88091
2020-09-01 18:00:00,77.83,77.887024
2020-09-01 19:00:00,77.83,77.897835
2020-09-01 20:00:00,77.83,77.90693
2020-09-01 21:00:00,77.82,77.909645
2020-09-01 22:00:00,77.82,77.90831
2020-09-01 23:00:00,77.82,77.91258
2020-09-02 00:00:00,77.82,77.920334
2020-09-02 01:00:00,77.82,77.92035
2020-09-02 02:00:00,77.82,77.91325
2020-09-02 03:00:00,77.81,77.9034
2020-09-02 04:00:00,77.81,77.92413
2020-09-02 05:00:00,77.81,77.92704
2020-09-02 06:00:00,77.81,77.925316
2020-09-02 07:00:00,77.81,77.92478
2020-09-02 08:00:00,77.8,77.94433
2020-09-02 09:00:00,77.8,77.94365
2020-09-02 10:00:00,77.8,77.94049
2020-09-02 11:00:00,77.8,77.94077
2020-09-02 12:00:00,77.8,77.90401
2020-09-02 13:00:00,77.8,77.90004
2020-09-02 14:00:00,77.8,77.89072
2020-09-02 15:00:00,77.8,77.87642
2020-09-02 16:00:00,77.8,77.86131
2020-09-02 17:00:00,77.8,77.83926
2020-09-02 18:00:00,77.8,77.9432
2020-09-02 19:00:00,77.8,77.894485
2020-09-02 20:00:00,77.81,77.92208
2020-09-02 21:00:00,77.82,77.85465
2020-09-02 22:00:00,77.84,77.91511
2020-09-02 23:00:00,77.87,77.90716
2020-09-03 00:00:00,77.91,77.90247
2020-09-03 01:00:00,77.95,77.888504
2020-09-03 02:00:00,78.0,77.89265
2020-09-03 03:00:00,78.04,77.919304
2020-09-03 04:00:00,78.07,77.93426
2020-09-03 05:00:00,78.1,77.92473
2020-09-03 06:00:00,78.13,78.0208
2020-09-03 07:00:00,78.15,78.03212
2020-09-03 08:00:00,78.16,78.05233
2020-09-03 09:00:00,78.17,78.05665
2020-09-03 10:00:00,78.18,78.06553
2020-09-03 11:00:00,78.19,78.077034
2020-09-03 12:00:00,78.19,78.10468
2020-09-03 13:00:00,78.2,78.08885
2020-09-03 14:00:00,78.2,78.07345
2020-09-03 15:00:00,78.2,78.08205
2020-09-03 16:00:00,78.2,78.10218
2020-09-03 17:00:00,78.2,78.1388
2020-09-03 18:00:00,78.19,78.14088
2020-09-03 19:00:00,78.18,78.16352
2020-09-03 20:00:00,78.17,78.053
2020-09-03 21:00:00,78.17,78.15374
2020-09-03 22:00:00,78.16,78.11401
2020-09-03 23:00:00,78.16,78.12472
2020-09-04 00:00:00,78.16,78.11878
2020-09-04 01:00:00,78.15,78.125984
2020-09-04 02:00:00,78.15,78.11493
2020-09-04 03:00:00,78.14,78.1081
2020-09-04 04:00:00,78.14,78.07101
2020-09-04 05:00:00,78.14,78.0348
2020-09-04 06:00:00,78.13,77.99881
2020-09-04 07:00:00,78.13,77.99352
2020-09-04 08:00:00,78.12,77.99153
2020-09-04 09:00:00,78.12,77.96541
2020-09-04 10:00:00,78.11,77.87553
2020-09-04 11:00:00,78.11,77.891785
2020-09-04 12:00:00,78.11,77.879074
2020-09-04 13:00:00,78.11,77.86872
2020-09-04 14:00:00,78.11,77.87574
2020-09-04 15:00:00,78.1,77.86988
2020-09-04 16:00:00,78.09,77.873276
2020-09-04 17:00:00,78.08,77.87213
2020-09-04 18:00:00,78.07,77.82644
2020-09-04 19:00:00,78.07,77.794365
2020-09-04 20:00:00,78.06,77.82581
2020-09-04 21:00:00,78.05,77.76528
2020-09-04 22:00:00,78.05,77.786804
2020-09-04 23:00:00,78.04,77.785675
2020-09-05 00:00:00,78.04,77.80361
2020-09-05 01:00:00,78.03,77.75991
2020-09-05 02:00:00,78.03,77.7758
2020-09-05 03:00:00,78.03,77.77312
2020-09-05 04:00:00,78.02,77.80559
2020-09-05 05:00:00,78.02,77.750885
2020-09-05 06:00:00,78.02,77.794174
2020-09-05 07:00:00,78.01,77.762344
2020-09-05 08:00:00,78.01,77.800285
2020-09-05 09:00:00,78.0,77.79549
2020-09-05 10:00:00,78.0,77.785866
2020-09-05 11:00:00,78.0,77.779045
2020-09-05 12:00:00,77.99,77.794334
2020-09-05 13:00:00,77.99,77.76989
2020-09-05 14:00:00,77.99,77.75585
2020-09-05 15:00:00,77.99,77.759224
2020-09-05 16:00:00,77.98,77.74677
2020-09-05 17:00:00,77.98,77.761505
2020-09-05 18:00:00,77.97,77.70829
2020-09-05 19:00:00,77.97,77.74925
2020-09-05 20:00:00,77.96,77.72887
2020-09-05 21:00:00,77.96,77.72474
2020-09-05 22:00:00,77.96,77.75326
2020-09-05 23:00:00,77.95,77.7392
2020-09-06 00:00:00,77.95,77.743774
2020-09-06 01:00:00,77.95,77.734085
2020-09-06 02:00:00,77.95,77.691826
2020-09-06 03:00:00,77.94,77.74888
2020-09-06 04:00:00,77.94,77.726074
2020-09-06 05:00:00,77.94,77.76443
2020-09-06 06:00:00,77.94,77.6914
2020-09-06 07:00:00,77.94,77.74812
2020-09-06 08:00:00,77.93,77.687874
2020-09-06 09:00:00,77.93,77.686905
2020-09-06 10:00:00,77.93,77.683495
2020-09-06 11:00:00,77.93,77.70105
2020-09-06 12:00:00,77.93,77.721504
2020-09-06 13:00:00,77.93,77.743996
2020-09-06 14:00:00,77.92,77.71809
2020-09-06 15:00:00,77.92,77.73013
2020-09-06 16:00:00,77.92,77.74233
2020-09-06 17:00:00,77.92,77.720634
2020-09-06 18:00:00,77.91,77.72976
2020-09-06 19:00:00,77.91,77.7415
2020-09-06 20:00:00,77.92,77.734726
2020-09-06 21:00:00,77.92,77.7572
2020-09-06 22:00:00,77.92,77.754486
2020-09-06 23:00:00,77.93,77.74397
2020-09-07 00:00:00,77.94,77.7641
2020-09-07 01:00:00,77.94,77.78867
2020-09-07 02:00:00,77.95,77.81374
2020-09-07 03:00:00,77.96,77.83203
2020-09-07 04:00:00,77.97,77.82171
2020-09-07 05:00:00,77.99,77.81106
2020-09-07 06:00:00,78.0,77.79064
2020-09-07 07:00:00,78.02,77.791046
2020-09-07 08:00:00,78.03,77.78444
2020-09-07 09:00:00,78.04,77.727875
2020-09-07 10:00:00,78.05,77.83563
2020-09-07 11:00:00,78.06,77.856445
2020-09-07 12:00:00,78.07,77.85517
2020-09-07 13:00:00,78.08,77.88022
2020-09-07 14:00:00,78.08,77.90957
2020-09-07 15:00:00,78.08,77.94872
2020-09-07 16:00:00,78.09,77.95593
2020-09-07 17:00:00,78.08,77.91476
2020-09-07 18:00:00,78.08,77.96047
2020-09-07 19:00:00,78.08,77.98758
2020-09-07 20:00:00,78.08,78.02873
2020-09-07 21:00:00,78.08,78.05715
2020-09-07 22:00:00,78.08,78.053856
2020-09-07 23:00:00,78.08,78.05319
2020-09-08 00:00:00,78.09,78.042786
2020-09-08 01:00:00,78.08,77.99859
2020-09-08 02:00:00,78.08,78.05009
2020-09-08 03:00:00,78.08,78.038445
2020-09-08 04:00:00,78.08,78.07181
2020-09-08 05:00:00,78.07,78.07916
2020-09-08 06:00:00,78.07,78.07063
2020-09-08 07:00:00,78.07,78.09274
2020-09-08 08:00:00,78.07,78.09228
2020-09-08 09:00:00,78.06,78.060555
2020-09-08 10:00:00,78.06,78.0304
2020-09-08 11:00:00,78.06,77.95964
2020-09-08 12:00:00,78.06,77.91263
2020-09-08 13:00:00,78.06,77.88073
2020-09-08 14:00:00,78.06,77.91597
2020-09-08 15:00:00,78.06,77.90342
2020-09-08 16:00:00,78.05,77.89256
2020-09-08 17:00:00,78.04,77.89618
2020-09-08 18:00:00,78.04,77.89795
2020-09-08 19:00:00,78.03,77.91777
2020-09-08 20:00:00,78.03,77.92892
2020-09-08 21:00:00,78.02,77.90896
2020-09-08 22:00:00,78.02,77.90158
2020-09-08 23:00:00,78.02,77.887344
2020-09-09 00:00:00,78.02,77.873985
2020-09-09 01:00:00,78.01,77.864876
2020-09-09 02:00:00,78.01,77.85724
2020-09-09 03:00:00,78.01,77.84962
2020-09-09 04:00:00,78.0,77.85666
2020-09-09 05:00:00,78.0,77.86341
2020-09-09 06:00:00,78.0,77.861305
2020-09-09 07:00:00,78.0,77.74001
2020-09-09 08:00:00,78.0,77.78732
2020-09-09 09:00:00,78.0,77.796555
2020-09-09 10:00:00,78.0,77.802895
2020-09-09 11:00:00,78.0,77.79265
2020-09-09 12:00:00,78.0,77.78516
2020-09-09 13:00:00,78.0,77.78453
2020-09-09 14:00:00,78.0,77.786415
2020-09-09 15:00:00,78.0,77.80665
2020-09-09 16:00:00,78.01,77.8102
2020-09-09 17:00:00,78.0,77.82147
2020-09-09 18:00:00,77.99,77.81871
2020-09-09 19:00:00,77.99,77.8122
2020-09-09 20:00:00,77.98,77.834816
2020-09-09 21:00:00,77.98,77.82699
2020-09-09 22:00:00,77.97,77.83466
2020-09-09 23:00:00,77.97,77.83218
2020-09-10 00:00:00,77.97,77.813225
2020-09-10 01:00:00,77.97,77.821655
2020-09-10 02:00:00,77.96,77.87168
2020-09-10 03:00:00,77.96,77.90215
2020-09-10 04:00:00,77.96,77.88738
2020-09-10 05:00:00,77.96,77.91493
2020-09-10 06:00:00,77.95,77.96903
2020-09-10 07:00:00,77.95,77.934616
2020-09-10 08:00:00,77.95,77.915115
2020-09-10 09:00:00,77.95,77.87012
2020-09-10 10:00:00,77.95,78.00988
2020-09-10 11:00:00,77.95,78.077194
2020-09-10 12:00:00,77.95,78.13263
2020-09-10 13:00:00,77.94,78.135796
2020-09-10 14:00:00,77.95,78.08203
2020-09-10 15:00:00,77.95,78.14705
2020-09-10 16:00:00,77.94,78.140724
2020-09-10 17:00:00,77.94,78.12827
2020-09-10 18:00:00,77.93,78.1239
2020-09-10 19:00:00,77.92,78.07127
2020-09-10 20:00:00,77.92,78.040634
2020-09-10 21:00:00,77.92,77.93803
2020-09-10 22:00:00,77.91,77.89892
2020-09-10 23:00:00,77.91,77.92682
2020-09-11 00:00:00,77.91,78.00633
2020-09-11 01:00:00,77.91,78.00031
2020-09-11 02:00:00,77.91,77.82819
2020-09-11 03:00:00,77.9,77.81882
2020-09-11 04:00:00,77.9,77.7833
2020-09-11 05:00:00,77.9,77.82064
2020-09-11 06:00:00,77.9,77.809364
2020-09-11 07:00:00,77.9,77.82909
2020-09-11 08:00:00,77.9,77.831825
2020-09-11 09:00:00,77.89,77.81138
2020-09-11 10:00:00,77.89,77.81509
2020-09-11 11:00:00,77.89,77.81824
2020-09-11 12:00:00,77.89,77.783554
2020-09-11 13:00:00,77.89,77.8315
2020-09-11 14:00:00,77.89,77.75746
2020-09-11 15:00:00,77.89,77.717995
2020-09-11 16:00:00,77.89,77.74279
2020-09-11 17:00:00,77.88,77.77251
2020-09-11 18:00:00,77.88,77.80428
2020-09-11 19:00:00,77.89,77.80748
2020-09-11 20:00:00,77.89,77.86808
2020-09-11 21:00:00,77.89,77.89524
2020-09-11 22:00:00,77.89,77.94468
2020-09-11 23:00:00,77.89,77.98476
2020-09-12 00:00:00,77.89,78.13815
2020-09-12 01:00:00,77.89,78.04287
2020-09-12 02:00:00,77.89,77.980576
2020-09-12 03:00:00,77.89,77.97018
2020-09-12 04:00:00,77.89,77.95457
2020-09-12 05:00:00,77.9,77.98363
2020-09-12 06:00:00,77.9,78.00579
2020-09-12 07:00:00,77.9,78.01097
2020-09-12 08:00:00,77.9,78.012405
2020-09-12 09:00:00,77.9,78.018135
2020-09-12 10:00:00,77.9,78.12824
2020-09-12 11:00:00,77.91,78.13332
2020-09-12 12:00:00,77.91,78.112274
2020-09-12 13:00:00,77.91,78.127815
2020-09-12 14:00:00,77.91,78.142975
2020-09-12 15:00:00,77.91,78.19849
2020-09-12 16:00:00,77.9,78.11883
2020-09-12 17:00:00,77.89,78.13691
2020-09-12 18:00:00,77.89,78.11936
2020-09-12 19:00:00,77.88,78.02545
2020-09-12 20:00:00,77.88,77.7968
2020-09-12 21:00:00,77.87,77.80223
2020-09-12 22:00:00,77.87,77.78823
2020-09-12 23:00:00,77.87,77.77682
2020-09-13 00:00:00,77.87,77.771835
2020-09-13 01:00:00,77.86,77.7591
2020-09-13 02:00:00,77.86,77.7696
2020-09-13 03:00:00,77.86,77.823975
2020-09-13 04:00:00,77.86,77.77152
2020-09-13 05:00:00,77.86,77.80559
2020-09-13 06:00:00,77.86,77.761154
2020-09-13 07:00:00,77.85,77.78304
2020-09-13 08:00:00,77.85,77.80669
2020-09-13 09:00:00,77.86,77.73977
2020-09-13 10:00:00,77.86,77.72353
2020-09-13 11:00:00,77.87,77.80696
2020-09-13 12:00:00,77.88,77.808655
2020-09-13 13:00:00,77.89,77.81989
2020-09-13 14:00:00,77.9,77.81279
2020-09-13 15:00:00,77.9,77.811584
2020-09-13 16:00:00,77.91,77.7732
2020-09-13 17:00:00,77.91,77.79963
2020-09-13 18:00:00,77.91,77.830124
2020-09-13 19:00:00,77.91,77.82038
2020-09-13 20:00:00,77.91,77.80495
2020-09-13 21:00:00,77.91,77.80922
2020-09-13 22:00:00,77.91,77.81999
2020-09-13 23:00:00,77.91,77.80451
2020-09-14 00:00:00,77.91,77.784225
2020-09-14 01:00:00,77.91,77.80027
2020-09-14 02:00:00,77.91,77.80257
2020-09-14 03:00:00,77.91,77.802185
2020-09-14 04:00:00,77.9,77.80277
2020-09-14 05:00:00,77.9,77.76504
2020-09-14 06:00:00,77.9,77.786865
2020-09-14 07:00:00,77.9,77.789894
2020-09-14 08:00:00,77.9,77.77916
2020-09-14 09:00:00,77.9,77.79395
2020-09-14 10:00:00,77.9,77.70579
2020-09-14 11:00:00,77.9,77.74727
2020-09-14 12:00:00,77.91,77.79876
2020-09-14 13:00:00,77.91,77.767944
2020-09-14 14:00:00,77.91,77.78045
2020-09-14 15:00:00,77.9,77.774635
2020-09-14 16:00:00,77.9,77.76373
2020-09-14 17:00:00,77.9,77.773544
2020-09-14 18:00:00,77.89,77.77967
2020-09-14 19:00:00,77.88,77.76078
2020-09-14 20:00:00,77.88,77.75042
2020-09-14 21:00:00,77.88,77.74502
2020-09-14 22:00:00,77.88,77.70731
2020-09-14 23:00:00,77.87,77.72901
2020-09-15 00:00:00,77.88,77.76636
2020-09-15 01:00:00,77.87,77.75909
2020-09-15 02:00:00,77.87,77.75721
2020-09-15 03:00:00,77.87,77.75148
2020-09-15 04:00:00,77.87,77.745865
2020-09-15 05:00:00,77.87,77.73893
2020-09-15 06:00:00,77.87,77.72138
2020-09-15 07:00:00,77.87,77.70441
2020-09-15 08:00:00,77.87,77.70699
2020-09-15 09:00:00,77.87,77.72003
2020-09-15 10:00:00,77.86,77.776695
2020-09-15 11:00:00,77.87,77.78413
2020-09-15 12:00:00,77.87,77.789024
2020-09-15 13:00:00,77.87,77.797775
2020-09-15 14:00:00,77.87,77.79139
2020-09-15 15:00:00,77.87,77.77965
2020-09-15 16:00:00,77.87,77.77324
2020-09-15 17:00:00,77.86,77.73011
2020-09-15 18:00:00,77.85,77.72779
2020-09-15 19:00:00,77.85,77.72905
2020-09-15 20:00:00,77.85,77.72876
2020-09-15 21:00:00,77.84,77.76692
2020-09-15 22:00:00,77.84,77.79246
2020-09-15 23:00:00,77.84,77.78476
2020-09-16 00:00:00,77.84,77.77137
2020-09-16 01:00:00,77.84,77.80568
2020-09-16 02:00:00,77.84,77.80797
2020-09-16 03:00:00,77.84,77.82409
2020-09-16 04:00:00,77.83,77.80878
2020-09-16 05:00:00,77.83,77.78424
2020-09-16 06:00:00,77.83,77.785515
2020-09-16 07:00:00,77.83,77.819374
2020-09-16 08:00:00,77.83,77.841835
2020-09-16 09:00:00,77.83,77.854454
2020-09-16 10:00:00,77.83,77.81643
2020-09-16 11:00:00,77.83,77.75962
2020-09-16 12:00:00,77.83,77.73329
2020-09-16 13:00:00,77.83,77.8366
2020-09-16 14:00:00,77.84,77.783394
2020-09-16 15:00:00,77.83,77.815
2020-09-16 16:00:00,77.83,77.826065
2020-09-16 17:00:00,77.83,77.829315
2020-09-16 18:00:00,77.82,77.81288
2020-09-16 19:00:00,77.82,77.82683
2020-09-16 20:00:00,77.81,77.81104
2020-09-16 21:00:00,77.81,77.83446
2020-09-16 22:00:00,77.81,77.82217
2020-09-16 23:00:00,77.81,77.77764
2020-09-17 00:00:00,77.81,77.79841
2020-09-17 01:00:00,77.81,77.80312
2020-09-17 02:00:00,77.81,77.77727
2020-09-17 03:00:00,77.81,77.81719
2020-09-17 04:00:00,77.81,77.806305
2020-09-17 05:00:00,77.8,77.65129
2020-09-17 06:00:00,77.8,77.6681
2020-09-17 07:00:00,77.8,77.710144
2020-09-17 08:00:00,77.8,77.672
2020-09-17 09:00:00,77.8,77.783356
2020-09-17 10:00:00,77.8,77.81852
2020-09-17 11:00:00,77.8,77.833824
2020-09-17 12:00:00,77.8,77.80773
2020-09-17 13:00:00,77.8,77.78683
2020-09-17 14:00:00,77.8,77.816025
2020-09-17 15:00:00,77.8,77.75594
2020-09-17 16:00:00,77.79,77.738815
2020-09-17 17:00:00,77.79,77.69722
2020-09-17 18:00:00,77.79,77.76166
2020-09-17 19:00:00,77.78,77.71076
2020-09-17 20:00:00,77.78,77.752495
2020-09-17 21:00:00,77.78,77.72234
2020-09-17 22:00:00,77.78,77.665054
2020-09-17 23:00:00,77.78,77.68344
2020-09-18 00:00:00,77.78,77.74817
2020-09-18 01:00:00,77.78,77.754715
2020-09-18 02:00:00,77.78,77.767944
2020-09-18 03:00:00,77.78,77.735214
2020-09-18 04:00:00,77.78,77.61038
2020-09-18 05:00:00,77.78,77.58841
2020-09-18 06:00:00,77.78,77.63351
2020-09-18 07:00:00,77.78,77.70485
2020-09-18 08:00:00,77.78,77.639534
2020-09-18 09:00:00,77.78,77.6986
2020-09-18 10:00:00,77.78,77.736565
2020-09-18 11:00:00,77.78,77.71179
2020-09-18 12:00:00,77.78,77.74897
2020-09-18 13:00:00,77.78,77.68777
2020-09-18 14:00:00,77.78,77.64526
2020-09-18 15:00:00,77.79,77.62668
2020-09-18 16:00:00,77.78,77.696754
2020-09-18 17:00:00,77.78,77.739586
2020-09-18 18:00:00,77.78,77.72478
2020-09-18 19:00:00,77.77,77.672714
2020-09-18 20:00:00,77.77,77.60894
2020-09-18 21:00:00,77.76,77.698814
2020-09-18 22:00:00,77.76,77.680084
2020-09-18 23:00:00,77.76,77.641914
2020-09-19 00:00:00,77.77,77.65692
2020-09-19 01:00:00,77.76,77.63067
2020-09-19 02:00:00,77.76,77.62991
2020-09-19 03:00:00,77.76,77.626366
2020-09-19 04:00:00,77.76,77.63076
2020-09-19 05:00:00,77.76,77.603874
2020-09-19 06:00:00,77.76,77.59433
2020-09-19 07:00:00,77.76,77.53431
2020-09-19 08:00:00,77.75,77.53785
2020-09-19 09:00:00,77.75,77.561714
2020-09-19 10:00:00,77.75,77.5371
2020-09-19 11:00:00,77.75,77.534744
2020-09-19 12:00:00,77.76,77.52952
2020-09-19 13:00:00,77.76,77.55557
2020-09-19 14:00:00,77.76,77.597336
2020-09-19 15:00:00,77.76,77.54119
2020-09-19 16:00:00,77.76,77.54218
2020-09-19 17:00:00,77.75,77.54524
2020-09-19 18:00:00,77.75,77.529045
2020-09-19 19:00:00,77.74,77.5144
2020-09-19 20:00:00,77.74,77.52421
2020-09-19 21:00:00,77.74,77.5371
2020-09-19 22:00:00,77.74,77.431145
2020-09-19 23:00:00,77.74,77.53113
2020-09-20 00:00:00,77.74,77.46708
2020-09-20 01:00:00,77.73,77.52048
2020-09-20 02:00:00,77.73,77.50978
2020-09-20 03:00:00,77.73,77.51141
2020-09-20 04:00:00,77.73,77.49818
2020-09-20 05:00:00,77.73,77.50511
2020-09-20 06:00:00,77.73,77.493904
2020-09-20 07:00:00,77.73,77.50288
2020-09-20 08:00:00,77.73,77.48834
2020-09-20 09:00:00,77.73,77.501816
2020-09-20 10:00:00,77.73,77.5198
2020-09-20 11:00:00,77.73,77.4634
2020-09-20 12:00:00,77.73,77.50774
2020-09-20 13:00:00,77.74,77.52922
2020-09-20 14:00:00,77.74,77.53374
2020-09-20 15:00:00,77.74,77.53693
2020-09-20 16:00:00,77.74,77.52228
2020-09-20 17:00:00,77.73,77.54726
2020-09-20 18:00:00,77.73,77.51412
2020-09-20 19:00:00,77.72,77.51049
2020-09-20 20:00:00,77.72,77.440994
2020-09-20 21:00:00,77.72,77.51681
2020-09-20 22:00:00,77.72,77.484924
2020-09-20 23:00:00,77.72,77.4995
2020-09-21 00:00:00,77.72,77.479454
2020-09-21 01:00:00,77.72,77.490906
2020-09-21 02:00:00,77.71,77.480415
2020-09-21 03:00:00,77.72,77.470024
2020-09-21 04:00:00,77.72,77.46001
2020-09-21 05:00:00,77.71,77.4568
2020-09-21 06:00:00,77.71,77.460464
2020-09-21 07:00:00,77.71,77.43991
2020-09-21 08:00:00,77.71,77.42627
2020-09-21 09:00:00,77.71,77.474174
2020-09-21 10:00:00,77.71,77.50068
2020-09-21 11:00:00,77.72,77.47073
2020-09-21 12:00:00,77.72,77.47419
2020-09-21 13:00:00,77.72,77.4876
2020-09-21 14:00:00,77.72,77.47482
2020-09-21 15:00:00,77.72,77.4778
2020-09-21 16:00:00,77.72,77.47606
2020-09-21 17:00:00,77.72,77.488396
2020-09-21 18:00:00,77.71,77.455894
2020-09-21 19:00:00,77.71,77.401695
2020-09-21 20:00:00,77.7,77.404434
2020-09-21 21:00:00,77.7,77.4474
2020-09-21 22:00:00,77.7,77.40384
2020-09-21 23:00:00,77.7,77.44276
2020-09-22 00:00:00,77.7,77.42543
2020-09-22 01:00:00,77.7,77.371155
2020-09-22 02:00:00,77.7,77.43995
2020-09-22 03:00:00,77.7,77.44359
2020-09-22 04:00:00,77.7,77.43913
2020-09-22 05:00:00,77.7,77.44856
2020-09-22 06:00:00,77.7,77.443825
2020-09-22 07:00:00,77.7,77.44117
2020-09-22 08:00:00,77.7,77.46481
2020-09-22 09:00:00,77.7,77.48328
2020-09-22 10:00:00,77.7,77.46482
2020-09-22 11:00:00,77.7,77.48677
2020-09-22 12:00:00,77.7,77.44294
2020-09-23 13:00:00,77.68,77.4471
2020-09-23 14:00:00,77.68,77.473366
2020-09-23 15:00:00,77.68,77.46279
2020-09-23 16:00:00,77.68,77.473755
2020-09-23 17:00:00,77.67,77.50832
2020-09-23 18:00:00,77.67,77.47111
2020-09-23 19:00:00,77.67,77.49163
2020-09-23 20:00:00,77.67,77.474014
2020-09-23 21:00:00,77.67,77.468124
2020-09-23 22:00:00,77.67,77.47302
2020-09-23 23:00:00,77.66,77.46867
2020-09-24 00:00:00,77.67,77.48073
2020-09-24 01:00:00,77.67,77.477684
2020-09-24 02:00:00,77.66,77.49639
2020-09-24 03:00:00,77.67,77.49744
2020-09-24 04:00:00,77.67,77.46476
2020-09-24 05:00:00,77.67,77.48816
2020-09-24 06:00:00,77.67,77.468666
2020-09-24 07:00:00,77.67,77.45728
2020-09-24 08:00:00,77.67,77.5024
2020-09-24 09:00:00,77.67,77.52566
2020-09-24 10:00:00,77.67,77.51853
2020-09-24 11:00:00,77.67,77.51771
2020-09-24 12:00:00,77.67,77.56464
2020-09-24 13:00:00,77.68,77.55298
2020-09-24 14:00:00,77.68,77.56269
2020-09-24 15:00:00,77.68,77.54607
2020-09-24 16:00:00,77.68,77.58053
2020-09-24 17:00:00,77.67,77.56178
2020-09-24 18:00:00,77.67,77.62985
2020-09-24 19:00:00,77.66,77.60327
2020-09-24 20:00:00,77.66,77.60419
2020-09-24 21:00:00,77.66,77.53856
2020-09-24 22:00:00,77.66,77.54841
2020-09-24 23:00:00,77.66,77.557144
2020-09-25 00:00:00,77.66,77.55071
2020-09-25 01:00:00,77.66,77.532104
2020-09-25 02:00:00,77.66,77.51933
2020-09-25 03:00:00,77.66,77.534904
2020-09-25 04:00:00,77.66,77.520744
2020-09-25 05:00:00,77.66,77.49074
2020-09-25 06:00:00,77.66,77.501564
2020-09-25 07:00:00,77.66,77.46736
2020-09-25 08:00:00,77.66,77.486015
2020-09-25 09:00:00,77.66,77.522484
2020-09-25 10:00:00,77.66,77.47953
2020-09-25 11:00:00,77.66,77.51008
2020-09-25 12:00:00,77.67,77.57139
2020-09-25 13:00:00,77.67,77.61955
2020-09-25 14:00:00,77.67,77.61705
2020-09-25 15:00:00,77.67,77.63287
2020-09-25 16:00:00,77.66,77.61242
2020-09-25 17:00:00,77.66,77.654976
2020-09-25 18:00:00,77.65,77.62377
2020-09-25 19:00:00,77.65,77.61403
2020-09-25 20:00:00,77.65,77.586876
2020-09-25 21:00:00,77.65,77.582466
2020-09-25 22:00:00,77.64,77.595024
2020-09-25 23:00:00,77.64,77.57286
2020-09-26 00:00:00,77.65,77.576324
2020-09-26 01:00:00,77.65,77.55857
2020-09-26 02:00:00,77.65,77.512695
2020-09-26 03:00:00,77.65,77.53484
2020-09-26 04:00:00,77.65,77.555756
2020-09-26 05:00:00,77.65,77.55887
2020-09-26 06:00:00,77.65,77.55076
2020-09-26 07:00:00,77.65,77.55563
2020-09-26 08:00:00,77.64,77.57342
2020-09-26 09:00:00,77.64,77.57213
2020-09-26 10:00:00,77.65,77.61597
2020-09-26 11:00:00,77.65,77.64928
2020-09-26 12:00:00,77.65,77.59302
2020-09-26 13:00:00,77.66,77.58759
2020-09-26 14:00:00,77.66,77.59554
2020-09-26 15:00:00,77.66,77.596924
2020-09-26 16:00:00,77.66,77.602005
2020-09-26 17:00:00,77.65,77.574615
2020-09-26 18:00:00,77.65,77.56367
2020-09-26 19:00:00,77.64,77.589806
2020-09-26 20:00:00,77.64,77.58274
2020-09-26 21:00:00,77.63,77.56616
2020-09-26 22:00:00,77.64,77.55485
2020-09-26 23:00:00,77.63,77.567795
2020-09-27 00:00:00,77.64,77.46424
2020-09-27 01:00:00,77.63,77.471466
2020-09-27 02:00:00,77.64,77.52223
2020-09-27 03:00:00,77.64,77.51921
2020-09-27 04:00:00,77.64,77.510994
2020-09-27 05:00:00,77.64,77.488396
2020-09-27 06:00:00,77.64,77.49751
2020-09-27 07:00:00,77.64,77.48921
2020-09-27 08:00:00,77.63,77.48736
2020-09-27 09:00:00,77.63,77.47914
2020-09-27 10:00:00,77.64,77.49283
2020-09-27 11:00:00,77.64,77.49196
2020-09-27 12:00:00,77.65,77.49652
2020-09-27 13:00:00,77.65,77.4881
2020-09-27 14:00:00,77.65,77.49237
2020-09-27 15:00:00,77.65,77.485725
2020-09-27 16:00:00,77.65,77.48987
2020-09-27 17:00:00,77.64,77.48031
2020-09-27 18:00:00,77.64,77.49199
2020-09-27 19:00:00,77.63,77.492584
2020-09-27 20:00:00,77.63,77.488144
2020-09-27 21:00:00,77.63,77.49534
2020-09-27 22:00:00,77.63,77.494576
2020-09-27 23:00:00,77.63,77.443474
2020-09-28 00:00:00,77.64,77.48415
2020-09-28 01:00:00,77.63,77.4727
2020-09-28 02:00:00,77.63,77.46682
2020-09-28 03:00:00,77.63,77.47107
2020-09-28 04:00:00,77.63,77.44112
2020-09-28 05:00:00,77.63,77.42741
2020-09-28 06:00:00,77.63,77.417435
2020-09-28 07:00:00,77.63,77.42701
2020-09-28 08:00:00,77.63,77.44259
2020-09-28 09:00:00,77.63,77.44034
2020-09-28 10:00:00,77.63,77.42059
2020-09-28 11:00:00,77.64,77.469505
2020-09-28 12:00:00,77.64,77.459694
2020-09-28 13:00:00,77.64,77.45738
2020-09-28 14:00:00,77.65,77.46915
2020-09-28 17:00:00,77.63,77.502144
2020-09-28 18:00:00,77.62,77.48513
2020-09-28 19:00:00,77.62,77.44933
2020-09-28 20:00:00,77.62,77.3991
2020-09-28 21:00:00,77.62,77.44883
2020-09-28 22:00:00,77.62,77.435455
2020-09-28 23:00:00,77.62,77.42627
2020-09-29 00:00:00,77.62,77.43183
2020-09-29 01:00:00,77.62,77.42581
2020-09-29 02:00:00,77.62,77.40999
2020-09-29 03:00:00,77.62,77.35756
2020-09-29 04:00:00,77.62,77.41489
2020-09-29 05:00:00,77.62,77.409966
2020-09-29 06:00:00,77.62,77.35443
2020-09-29 07:00:00,77.62,77.38947
2020-09-29 08:00:00,77.62,77.39656
2020-09-29 09:00:00,77.62,77.41743
2020-09-29 10:00:00,77.62,77.43447
2020-09-29 11:00:00,77.63,77.38792
2020-09-29 12:00:00,77.63,77.42485
2020-09-29 13:00:00,77.64,77.4532
2020-09-29 14:00:00,77.64,77.501945
2020-09-29 15:00:00,77.64,77.523346
2020-09-29 16:00:00,77.64,77.52922
2020-09-29 17:00:00,77.63,77.53056
2020-09-29 18:00:00,77.63,77.5479
2020-09-29 19:00:00,77.62,77.435616
2020-09-29 20:00:00,77.62,77.4411
2020-09-29 21:00:00,77.62,77.46329
2020-09-29 22:00:00,77.62,77.44269
2020-09-29 23:00:00,77.62,77.46422
2020-09-30 00:00:00,77.62,77.45942
2020-09-30 01:00:00,77.62,77.45298
2020-09-30 02:00:00,77.62,77.454094
2020-09-30 03:00:00,77.62,77.46252
2020-09-30 04:00:00,77.62,77.46187
2020-09-30 05:00:00,77.62,77.46203
2020-09-30 06:00:00,77.62,77.46943
2020-09-30 07:00:00,77.62,77.47918
2020-09-30 08:00:00,77.62,77.496925
2020-09-30 09:00:00,77.61,77.53123
2020-09-30 10:00:00,77.62,77.52269
2020-09-30 11:00:00,77.62,77.503
2020-09-30 12:00:00,77.62,77.55245
2020-09-30 13:00:00,77.63,77.558586
2020-09-30 14:00:00,77.63,77.558525
2020-09-30 15:00:00,77.63,77.54826
2020-09-30 16:00:00,77.63,77.59111
2020-09-30 17:00:00,77.62,77.5975
2020-09-30 18:00:00,77.62,77.57667
2020-09-30 19:00:00,77.61,77.51276
2020-09-30 20:00:00,77.61,77.476524
2020-09-30 21:00:00,77.61,77.50956
2020-09-30 22:00:00,77.61,77.53929
2020-09-30 23:00:00,77.61,77.52885
2020-10-01 00:00:00,77.61,77.46629
2020-10-01 01:00:00,77.61,77.50614
2020-10-01 02:00:00,77.61,77.50044
2020-10-01 03:00:00,77.61,77.51226
2020-10-01 04:00:00,77.61,77.50155
2020-10-01 05:00:00,77.61,77.4923
2020-10-01 06:00:00,77.61,77.4856
2020-10-01 07:00:00,77.61,77.49793
2020-10-01 08:00:00,77.61,77.50743
2020-10-01 09:00:00,77.61,77.50039
2020-10-01 10:00:00,77.61,77.558495
2020-10-01 11:00:00,77.61,77.56053
2020-10-01 12:00:00,77.61,77.56445
2020-10-01 13:00:00,77.61,77.53509
2020-10-01 14:00:00,77.62,77.56222
2020-10-01 15:00:00,77.61,77.56366
2020-10-01 16:00:00,77.61,77.551025
2020-10-01 17:00:00,77.61,77.51823
2020-10-01 18:00:00,77.6,77.51813
2020-10-01 19:00:00,77.6,77.488365
2020-10-01 20:00:00,77.59,77.5066
2020-10-01 21:00:00,77.59,77.51854
2020-10-01 22:00:00,77.59,77.5239
2020-10-01 23:00:00,77.59,77.52403
2020-10-02 00:00:00,77.59,77.49204
2020-10-02 01:00:00,77.59,77.5046
2020-10-02 02:00:00,77.59,77.515656
2020-10-02 03:00:00,77.59,77.50851
2020-10-02 04:00:00,77.58,77.511826
2020-10-02 05:00:00,77.58,77.503685
2020-10-02 06:00:00,77.58,77.50756
2020-10-02 07:00:00,77.58,77.506195
2020-10-02 08:00:00,77.58,77.497765
2020-10-02 09:00:00,77.58,77.51845
2020-10-02 10:00:00,77.58,77.53434
2020-10-02 11:00:00,77.58,77.5316
2020-10-02 12:00:00,77.58,77.51863
2020-10-02 13:00:00,77.59,77.54886
2020-10-02 14:00:00,77.59,77.56954
2020-10-02 15:00:00,77.59,77.55586
2020-10-02 16:00:00,77.58,77.569984
2020-10-02 17:00:00,77.58,77.5621
2020-10-02 18:00:00,77.57,77.53675
2020-10-02 19:00:00,77.57,77.48882
2020-10-02 20:00:00,77.57,77.498375
2020-10-02 21:00:00,77.56,77.482864
2020-10-02 22:00:00,77.56,77.52614
2020-10-02 23:00:00,77.56,77.510796
2020-10-03 00:00:00,77.57,77.457436
2020-10-03 01:00:00,77.56,77.49368
2020-10-03 02:00:00,77.56,77.47022
2020-10-03 03:00:00,77.56,77.52705
2020-10-03 04:00:00,77.56,77.50616
2020-10-03 05:00:00,77.56,77.511894
2020-10-03 06:00:00,77.56,77.45616
2020-10-03 07:00:00,77.56,77.44976
2020-10-03 08:00:00,77.56,77.501656
2020-10-03 09:00:00,77.56,77.552704
2020-10-03 10:00:00,77.56,77.55525
2020-10-03 11:00:00,77.56,77.57799
2020-10-03 12:00:00,77.57,77.58499
2020-10-03 13:00:00,77.57,77.56992
2020-10-03 14:00:00,77.58,77.62084
2020-10-03 15:00:00,77.58,77.6205
2020-10-03 16:00:00,77.57,77.60593
2020-10-03 17:00:00,77.57,77.60443
2020-10-03 18:00:00,77.56,77.58497
2020-10-03 19:00:00,77.56,77.58286
2020-10-03 20:00:00,77.56,77.504654
2020-10-03 21:00:00,77.56,77.49546
2020-10-03 22:00:00,77.56,77.54189
2020-10-03 23:00:00,77.56,77.524605
2020-10-04 00:00:00,77.56,77.5337
2020-10-04 01:00:00,77.56,77.56014
2020-10-04 02:00:00,77.56,77.56507
2020-10-04 03:00:00,77.56,77.56195
2020-10-04 04:00:00,77.56,77.55798
2020-10-04 05:00:00,77.56,77.54072
2020-10-04 06:00:00,77.56,77.53163
2020-10-04 07:00:00,77.56,77.56077
2020-10-04 08:00:00,77.56,77.570595
2020-10-04 09:00:00,77.56,77.59293
2020-10-04 10:00:00,77.56,77.61547
2020-10-04 11:00:00,77.56,77.56173
2020-10-04 12:00:00,77.56,77.57995
2020-10-04 13:00:00,77.56,77.53658
2020-10-04 14:00:00,77.56,77.57933
2020-10-04 15:00:00,77.56,77.50944
2020-10-04 16:00:00,77.56,77.48238
2020-10-04 17:00:00,77.56,77.45287
2020-10-04 18:00:00,77.56,77.45835
2020-10-04 19:00:00,77.56,77.44836
2020-10-04 20:00:00,77.56,77.44014
2020-10-04 21:00:00,77.56,77.44069
2020-10-04 22:00:00,77.55,77.46235
2020-10-04 23:00:00,77.55,77.40405
2020-10-05 00:00:00,77.56,77.40532
2020-10-05 01:00:00,77.55,77.43337
2020-10-05 02:00:00,77.55,77.40918
2020-10-05 03:00:00,77.55,77.40877
2020-10-05 04:00:00,77.55,77.39813
2020-10-05 05:00:00,77.55,77.38266
2020-10-05 06:00:00,77.55,77.37766
2020-10-05 07:00:00,77.55,77.386284
2020-10-05 08:00:00,77.55,77.40447
2020-10-05 09:00:00,77.55,77.38179
2020-10-05 10:00:00,77.55,77.37559
2020-10-05 11:00:00,77.55,77.384
2020-10-05 12:00:00,77.55,77.38405
2020-10-05 13:00:00,77.55,77.39434
2020-10-05 14:00:00,77.55,77.410385
2020-10-05 15:00:00,77.55,77.4173
2020-10-05 16:00:00,77.55,77.42615
2020-10-05 17:00:00,77.54,77.402176
2020-10-05 18:00:00,77.54,77.388435
2020-10-05 19:00:00,77.53,77.36942
2020-10-05 20:00:00,77.53,77.37087
2020-10-05 21:00:00,77.53,77.38446
2020-10-05 22:00:00,77.53,77.38665
2020-10-05 23:00:00,77.53,77.386086
2020-10-06 00:00:00,77.53,77.38785
2020-10-06 01:00:00,77.53,77.367035
2020-10-06 02:00:00,77.53,77.38952
2020-10-06 03:00:00,77.52,77.37646
2020-10-06 04:00:00,77.52,77.38243
2020-10-06 05:00:00,77.52,77.35461
2020-10-06 06:00:00,77.52,77.35305
2020-10-06 07:00:00,77.52,77.38436
2020-10-06 08:00:00,77.52,77.391914
2020-10-06 09:00:00,77.52,77.3895
2020-10-06 10:00:00,77.52,77.35071
2020-10-06 11:00:00,77.52,77.34219
2020-10-06 12:00:00,77.52,77.342354
2020-10-06 13:00:00,77.53,77.3412
2020-10-06 14:00:00,77.53,77.35215
2020-10-06 15:00:00,77.53,77.35289
2020-10-06 16:00:00,77.52,77.36508
2020-10-06 17:00:00,77.52,77.365746
2020-10-06 18:00:00,77.51,77.348595
2020-10-06 19:00:00,77.51,77.34577
2020-10-06 20:00:00,77.51,77.357925
2020-10-06 21:00:00,77.51,77.39015
2020-10-06 22:00:00,77.5,77.38461
2020-10-06 23:00:00,77.5,77.37698
2020-10-07 00:00:00,77.51,77.38165
2020-10-07 01:00:00,77.5,77.35067
2020-10-07 02:00:00,77.5,77.348915
2020-10-07 03:00:00,77.5,77.372856
2020-10-07 04:00:00,77.5,77.35253
2020-10-07 05:00:00,77.5,77.37031
2020-10-07 06:00:00,77.5,77.36997
2020-10-07 07:00:00,77.5,77.328186
2020-10-07 08:00:00,77.5,77.363365
2020-10-07 09:00:00,77.5,77.36248
2020-10-07 10:00:00,77.5,77.35653
2020-10-07 11:00:00,77.51,77.353096
2020-10-07 12:00:00,77.51,77.34458
2020-10-07 13:00:00,77.51,77.33203
2020-10-07 14:00:00,77.52,77.34068
2020-10-07 15:00:00,77.51,77.35225
2020-10-07 16:00:00,77.51,77.36777
2020-10-07 17:00:00,77.51,77.35692
2020-10-07 18:00:00,77.5,77.356094
2020-10-07 19:00:00,77.5,77.33751
2020-10-07 20:00:00,77.5,77.34942
2020-10-07 21:00:00,77.5,77.33971
2020-10-07 22:00:00,77.49,77.3687
2020-10-07 23:00:00,77.49,77.36325
2020-10-08 00:00:00,77.5,77.34531
2020-10-08 01:00:00,77.5,77.3542
2020-10-08 02:00:00,77.49,77.346565
2020-10-08 03:00:00,77.49,77.34655
2020-10-08 04:00:00,77.49,77.34203
2020-10-08 05:00:00,77.49,77.33558
2020-10-08 06:00:00,77.49,77.332756
2020-10-08 07:00:00,77.49,77.33217
2020-10-08 08:00:00,77.49,77.32896
2020-10-08 09:00:00,77.5,77.33212
2020-10-08 10:00:00,77.5,77.339226
2020-10-08 11:00:00,77.49,77.3171
2020-10-08 12:00:00,77.5,77.309
2020-10-08 13:00:00,77.5,77.32416
2020-10-08 14:00:00,77.5,77.34186
2020-10-08 15:00:00,77.5,77.33325
2020-10-08 16:00:00,77.5,77.3428
2020-10-08 17:00:00,77.5,77.35839
2020-10-08 18:00:00,77.49,77.36138
2020-10-08 19:00:00,77.48,77.33258
2020-10-08 20:00:00,77.48,77.33943
2020-10-08 21:00:00,77.48,77.349304
2020-10-08 22:00:00,77.48,77.332115
2020-10-08 23:00:00,77.48,77.32934
2020-10-09 00:00:00,77.49,77.341644
2020-10-09 01:00:00,77.48,77.33327
2020-10-09 02:00:00,77.48,77.32416
2020-10-09 03:00:00,77.48,77.31814
2020-10-09 04:00:00,77.48,77.310005
2020-10-09 05:00:00,77.48,77.3249
2020-10-09 06:00:00,77.48,77.31999
2020-10-09 07:00:00,77.48,77.318886
2020-10-09 08:00:00,77.48,77.31619
2020-10-09 09:00:00,77.48,77.327034
2020-10-09 10:00:00,77.48,77.30499
2020-10-09 11:00:00,77.49,77.31516
2020-10-09 12:00:00,77.49,77.342384
2020-10-09 13:00:00,77.49,77.33664
2020-10-09 14:00:00,77.49,77.34004
2020-10-09 15:00:00,77.5,77.35104
2020-10-09 16:00:00,77.49,77.358894
2020-10-09 17:00:00,77.49,77.35001
2020-10-09 18:00:00,77.48,77.337105
2020-10-09 19:00:00,77.48,77.331955
2020-10-09 20:00:00,77.48,77.323814
2020-10-09 21:00:00,77.48,77.30443
2020-10-09 22:00:00,77.47,77.32976
2020-10-09 23:00:00,77.47,77.332436
2020-10-10 00:00:00,77.48,77.33742
2020-10-10 01:00:00,77.48,77.3383
2020-10-10 02:00:00,77.47,77.332054
2020-10-10 03:00:00,77.48,77.33405
2020-10-10 04:00:00,77.48,77.32929
2020-10-10 05:00:00,77.48,77.3525
2020-10-10 06:00:00,77.47,77.34205
2020-10-10 07:00:00,77.47,77.337456
2020-10-10 08:00:00,77.47,77.361916
2020-10-10 09:00:00,77.47,77.38886
2020-10-10 10:00:00,77.48,77.38886
2020-10-10 11:00:00,77.48,77.39691
2020-10-10 12:00:00,77.48,77.41331
2020-10-10 13:00:00,77.49,77.404366
2020-10-10 14:00:00,77.49,77.42605
2020-10-10 15:00:00,77.49,77.41626
2020-10-10 16:00:00,77.49,77.42598
2020-10-10 17:00:00,77.48,77.43757
2020-10-10 18:00:00,77.47,77.40944
2020-10-10 19:00:00,77.47,77.40939
2020-10-10 20:00:00,77.47,77.389626
2020-10-10 21:00:00,77.47,77.36551
2020-10-10 22:00:00,77.47,77.391815
2020-10-10 23:00:00,77.47,77.38215
2020-10-11 00:00:00,77.47,77.40585
2020-10-11 01:00:00,77.47,77.40786
2020-10-11 02:00:00,77.47,77.40967
2020-10-11 03:00:00,77.47,77.39036
2020-10-11 04:00:00,77.47,77.39658
2020-10-11 05:00:00,77.47,77.39342
2020-10-11 06:00:00,77.47,77.38747
2020-10-11 07:00:00,77.47,77.38949
2020-10-11 08:00:00,77.47,77.40263
2020-10-11 09:00:00,77.47,77.41417
2020-10-11 10:00:00,77.47,77.41537
2020-10-11 11:00:00,77.47,77.4085
2020-10-11 12:00:00,77.48,77.401245
2020-10-11 13:00:00,77.48,77.40644
2020-10-11 14:00:00,77.48,77.41064
2020-10-11 15:00:00,77.48,77.41175
2020-10-11 16:00:00,77.48,77.44099
2020-10-11 17:00:00,77.47,77.45861
2020-10-11 18:00:00,77.47,77.40599
2020-10-11 19:00:00,77.47,77.41275
2020-10-11 20:00:00,77.47,77.42786
2020-10-11 21:00:00,77.46,77.42327
2020-10-11 22:00:00,77.46,77.4278
2020-10-11 23:00:00,77.46,77.42106
2020-10-12 00:00:00,77.47,77.423386
2020-10-12 01:00:00,77.47,77.41212
2020-10-12 02:00:00,77.47,77.40675
2020-10-12 03:00:00,77.47,77.40951
2020-10-12 04:00:00,77.47,77.40431
2020-10-12 05:00:00,77.47,77.401024
2020-10-12 06:00:00,77.46,77.403725
2020-10-12 07:00:00,77.47,77.33236
2020-10-12 08:00:00,77.47,77.34223
2020-10-12 09:00:00,77.47,77.37468
2020-10-12 10:00:00,77.47,77.37294
2020-10-12 11:00:00,77.47,77.36885
2020-10-12 12:00:00,77.47,77.37455
2020-10-12 13:00:00,77.47,77.38872
2020-10-12 14:00:00,77.48,77.40546
2020-10-12 15:00:00,77.48,77.428535
2020-10-12 16:00:00,77.47,77.44276
2020-10-12 17:00:00,77.47,77.45485
2020-10-12 18:00:00,77.46,77.44184
2020-10-12 19:00:00,77.46,77.39644
2020-10-12 20:00:00,77.46,77.38035
2020-10-12 21:00:00,77.46,77.3848
2020-10-12 22:00:00,77.45,77.35924
2020-10-12 23:00:00,77.46,77.35795
2020-10-13 00:00:00,77.46,77.35186
2020-10-13 01:00:00,77.46,77.34086
2020-10-13 02:00:00,77.46,77.338715
2020-10-13 03:00:00,77.46,77.33082
2020-10-13 04:00:00,77.46,77.328926
2020-10-13 05:00:00,77.46,77.33704
2020-10-13 06:00:00,77.46,77.34637
2020-10-13 07:00:00,77.45,77.34652
2020-10-13 08:00:00,77.45,77.34326
2020-10-13 09:00:00,77.46,77.34559
2020-10-13 10:00:00,77.45,77.35132
2020-10-13 11:00:00,77.46,77.34674
2020-10-13 12:00:00,77.46,77.34773
2020-10-13 13:00:00,77.46,77.35014
2020-10-13 14:00:00,77.46,77.35265
2020-10-13 15:00:00,77.46,77.34495
2020-10-13 16:00:00,77.46,77.34942
2020-10-13 17:00:00,77.45,77.34852
2020-10-13 18:00:00,77.45,77.33363
2020-10-13 19:00:00,77.45,77.32233
2020-10-13 20:00:00,77.45,77.317116
2020-10-13 21:00:00,77.44,77.32126
2020-10-13 22:00:00,77.44,77.319954
2020-10-13 23:00:00,77.44,77.33391
2020-10-14 00:00:00,77.44,77.35172
2020-10-14 01:00:00,77.44,77.31308
2020-10-14 02:00:00,77.44,77.33394
2020-10-14 03:00:00,77.44,77.32348
2020-10-14 04:00:00,77.44,77.34001
2020-10-14 05:00:00,77.44,77.333244
2020-10-14 06:00:00,77.44,77.323105
2020-10-14 07:00:00,77.44,77.323074
2020-10-14 08:00:00,77.43,77.29659
2020-10-14 09:00:00,77.43,77.29665
2020-10-14 10:00:00,77.43,77.29228
2020-10-14 11:00:00,77.43,77.28745
2020-10-14 12:00:00,77.43,77.28275
2020-10-14 13:00:00,77.44,77.29615
2020-10-14 14:00:00,77.44,77.28532
2020-10-14 15:00:00,77.44,77.28341
2020-10-14 16:00:00,77.44,77.29678
2020-10-14 17:00:00,77.44,77.30734
2020-10-14 18:00:00,77.43,77.30228
2020-10-14 19:00:00,77.43,77.297844
2020-10-14 20:00:00,77.43,77.29809
2020-10-14 21:00:00,77.43,77.30051
2020-10-14 22:00:00,77.42,77.30328
2020-10-14 23:00:00,77.43,77.31723
2020-10-15 00:00:00,77.43,77.2966
2020-10-15 01:00:00,77.43,77.307304
2020-10-15 02:00:00,77.43,77.305824
2020-10-15 03:00:00,77.43,77.30798
2020-10-15 04:00:00,77.43,77.30923
2020-10-15 05:00:00,77.43,77.29817
2020-10-15 06:00:00,77.43,77.303375
2020-10-15 07:00:00,77.43,77.31361
2020-10-15 08:00:00,77.43,77.306015
2020-10-15 09:00:00,77.43,77.29748
2020-10-15 10:00:00,77.43,77.29819
2020-10-15 11:00:00,77.43,77.29925
2020-10-15 12:00:00,77.43,77.30021
2020-10-15 13:00:00,77.43,77.31541
2020-10-15 14:00:00,77.44,77.32901
2020-10-15 15:00:00,77.44,77.32156
2020-10-15 16:00:00,77.43,77.320946
2020-10-15 17:00:00,77.43,77.32176
2020-10-15 18:00:00,77.42,77.35022
2020-10-15 19:00:00,77.42,77.32938
2020-10-15 20:00:00,77.42,77.34918
2020-10-15 21:00:00,77.42,77.34054
2020-10-15 22:00:00,77.42,77.347176
2020-10-15 23:00:00,77.41,77.34938
2020-10-16 00:00:00,77.42,77.35229
2020-10-16 01:00:00,77.42,77.33999
2020-10-16 02:00:00,77.42,77.34823
2020-10-16 03:00:00,77.42,77.34368
2020-10-16 04:00:00,77.42,77.32959
2020-10-16 05:00:00,77.42,77.32702
2020-10-16 06:00:00,77.42,77.32531
2020-10-16 07:00:00,77.42,77.32447
2020-10-16 08:00:00,77.42,77.319405
2020-10-16 09:00:00,77.42,77.322876
2020-10-16 10:00:00,77.42,77.32315
2020-10-16 11:00:00,77.42,77.30275
2020-10-16 12:00:00,77.42,77.31089
2020-10-16 13:00:00,77.42,77.29755
2020-10-16 14:00:00,77.42,77.29835
2020-10-16 15:00:00,77.42,77.28255
2020-10-16 16:00:00,77.42,77.300026
2020-10-16 17:00:00,77.42,77.29421
2020-10-16 18:00:00,77.42,77.28918
2020-10-16 19:00:00,77.42,77.292336
2020-10-16 20:00:00,77.42,77.29892
2020-10-16 21:00:00,77.42,77.28539
2020-10-16 22:00:00,77.42,77.2895
2020-10-16 23:00:00,77.41,77.29507
2020-10-17 00:00:00,77.42,77.294975
2020-10-17 01:00:00,77.41,77.29147
2020-10-17 02:00:00,77.42,77.287636
2020-10-17 03:00:00,77.42,77.28404
2020-10-17 04:00:00,77.42,77.282074
2020-10-17 05:00:00,77.42,77.269585
2020-10-17 06:00:00,77.42,77.27961
2020-10-17 07:00:00,77.42,77.28065
2020-10-17 08:00:00,77.42,77.28263
2020-10-17 09:00:00,77.42,77.2906
2020-10-17 10:00:00,77.42,77.2977
2020-10-17 11:00:00,77.42,77.27236
2020-10-17 12:00:00,77.42,77.27909
2020-10-17 13:00:00,77.42,77.27824
2020-10-17 14:00:00,77.42,77.2805
2020-10-17 15:00:00,77.42,77.30358
2020-10-17 16:00:00,77.42,77.318405
2020-10-17 17:00:00,77.42,77.30616
2020-10-17 18:00:00,77.41,77.29957
2020-10-17 19:00:00,77.41,77.30234
2020-10-17 20:00:00,77.41,77.31914
2020-10-17 21:00:00,77.41,77.316925
2020-10-17 22:00:00,77.41,77.29876
2020-10-17 23:00:00,77.41,77.302
2020-10-18 00:00:00,77.42,77.2975
2020-10-18 01:00:00,77.41,77.30247
2020-10-18 02:00:00,77.41,77.3025
2020-10-18 03:00:00,77.41,77.30406
2020-10-18 04:00:00,77.41,77.30125
2020-10-18 05:00:00,77.41,77.29966
2020-10-18 06:00:00,77.41,77.29527
2020-10-18 07:00:00,77.41,77.29967
2020-10-18 08:00:00,77.41,77.30698
2020-10-18 09:00:00,77.41,77.31018
2020-10-18 10:00:00,77.41,77.31935
2020-10-18 11:00:00,77.41,77.290855
2020-10-18 12:00:00,77.41,77.29706
2020-10-18 13:00:00,77.42,77.31528
2020-10-18 14:00:00,77.42,77.30583
2020-10-18 15:00:00,77.42,77.317825
2020-10-18 16:00:00,77.42,77.31264
2020-10-18 17:00:00,77.42,77.3089
2020-10-18 18:00:00,77.41,77.297386
2020-10-18 19:00:00,77.41,77.28832
2020-10-18 20:00:00,77.41,77.31647
2020-10-18 21:00:00,77.41,77.31576
2020-10-18 22:00:00,77.41,77.295616
2020-10-18 23:00:00,77.41,77.29419
2020-10-19 00:00:00,77.41,77.30738
2020-10-19 01:00:00,77.4,77.307755
2020-10-19 02:00:00,77.41,77.30909
2020-10-19 03:00:00,77.41,77.30984
2020-10-19 04:00:00,77.41,77.29745
2020-10-19 05:00:00,77.4,77.28677
2020-10-19 06:00:00,77.4,77.29265
2020-10-19 07:00:00,77.41,77.29242
2020-10-19 08:00:00,77.41,77.30228
2020-10-19 09:00:00,77.41,77.31308
2020-10-19 10:00:00,77.41,77.300644
2020-10-19 11:00:00,77.41,77.277275
2020-10-19 12:00:00,77.41,77.2843
2020-10-19 13:00:00,77.41,77.28878
2020-10-19 14:00:00,77.41,77.296906
2020-10-19 15:00:00,77.41,77.30437
2020-10-19 16:00:00,77.41,77.3071
2020-10-19 17:00:00,77.41,77.3047
2020-10-19 18:00:00,77.4,77.284645
2020-10-19 19:00:00,77.4,77.290924
2020-10-19 20:00:00,77.4,77.2954
2020-10-19 21:00:00,77.4,77.306496
2020-10-19 22:00:00,77.4,77.29517
2020-10-19 23:00:00,77.39,77.29592
2020-10-20 00:00:00,77.4,77.29098
2020-10-20 01:00:00,77.4,77.28888
2020-10-20 02:00:00,77.4,77.2854
2020-10-20 03:00:00,77.4,77.28088
2020-10-20 04:00:00,77.4,77.27943
2020-10-20 05:00:00,77.4,77.26052
2020-10-20 06:00:00,77.4,77.27625
2020-10-20 07:00:00,77.4,77.27677
2020-10-20 08:00:00,77.4,77.27808
2020-10-20 09:00:00,77.4,77.28001
2020-10-20 10:00:00,77.4,77.277565
2020-10-20 11:00:00,77.4,77.26865
2020-10-20 12:00:00,77.4,77.25774
2020-10-20 13:00:00,77.41,77.27288
2020-10-20 14:00:00,77.41,77.28407
2020-10-20 17:00:00,77.4,77.280014
2020-10-20 18:00:00,77.4,77.283485
2020-10-20 19:00:00,77.4,77.28591
2020-10-20 20:00:00,77.4,77.27251
2020-10-20 21:00:00,77.4,77.28884
2020-10-20 22:00:00,77.39,77.2824
2020-10-20 23:00:00,77.39,77.281204
2020-10-21 00:00:00,77.4,77.27557
2020-10-21 01:00:00,77.39,77.27925
2020-10-21 02:00:00,77.39,77.28682
2020-10-21 03:00:00,77.39,77.29274
2020-10-21 04:00:00,77.4,77.293945
2020-10-21 05:00:00,77.39,77.29445
2020-10-21 06:00:00,77.4,77.286285
2020-10-21 07:00:00,77.4,77.29303
2020-10-21 08:00:00,77.4,77.291855
2020-10-21 09:00:00,77.4,77.30031
2020-10-21 10:00:00,77.4,77.29768
2020-10-21 11:00:00,77.4,77.295815
2020-10-21 12:00:00,77.4,77.30222
2020-10-21 13:00:00,77.4,77.32492
2020-10-21 14:00:00,77.4,77.31698
2020-10-21 15:00:00,77.4,77.334335
2020-10-21 16:00:00,77.4,77.309235
2020-10-21 17:00:00,77.4,77.298874
2020-10-21 18:00:00,77.4,77.29545
2020-10-21 19:00:00,77.4,77.314445
2020-10-21 20:00:00,77.41,77.3218
2020-10-21 21:00:00,77.41,77.35026
2020-10-21 22:00:00,77.41,77.338844
2020-10-21 23:00:00,77.42,77.32638
2020-10-22 00:00:00,77.43,77.31827
2020-10-22 01:00:00,77.43,77.298294
2020-10-22 02:00:00,77.44,77.32386
2020-10-22 03:00:00,77.45,77.29082
2020-10-22 04:00:00,77.45,77.284546
2020-10-22 05:00:00,77.45,77.289505
2020-10-22 06:00:00,77.46,77.30116
2020-10-22 07:00:00,77.46,77.30487
2020-10-22 08:00:00,77.46,77.29915
2020-10-22 09:00:00,77.47,77.32165
2020-10-22 10:00:00,77.47,77.32483
2020-10-22 11:00:00,77.47,77.32086
2020-10-22 12:00:00,77.47,77.32319
2020-10-22 13:00:00,77.47,77.33045
2020-10-22 14:00:00,77.47,77.33358
2020-10-22 15:00:00,77.47,77.333405
2020-10-22 16:00:00,77.47,77.359695
2020-10-22 17:00:00,77.47,77.35608
2020-10-22 18:00:00,77.46,77.34074
2020-10-22 19:00:00,77.46,77.3207
2020-10-22 20:00:00,77.46,77.315544
2020-10-22 21:00:00,77.46,77.30596
2020-10-22 22:00:00,77.46,77.302414
2020-10-22 23:00:00,77.45,77.29829
2020-10-23 00:00:00,77.46,77.29456
2020-10-23 01:00:00,77.45,77.28813
2020-10-23 02:00:00,77.45,77.284996
2020-10-23 03:00:00,77.45,77.28623
2020-10-23 04:00:00,77.45,77.29157
2020-10-23 05:00:00,77.45,77.29285
2020-10-23 06:00:00,77.45,77.28984
2020-10-23 07:00:00,77.44,77.291534
2020-10-23 08:00:00,77.44,77.29992
2020-10-23 09:00:00,77.44,77.30053
2020-10-23 10:00:00,77.44,77.300804
2020-10-23 11:00:00,77.44,77.30527
2020-10-23 13:00:00,77.44,77.30961
2020-10-23 14:00:00,77.44,77.31468
2020-10-23 15:00:00,77.44,77.31134
2020-10-23 16:00:00,77.44,77.3059
2020-10-23 17:00:00,77.43,77.28459
2020-10-23 18:00:00,77.42,77.27479
2020-10-23 19:00:00,77.42,77.26588
2020-10-23 20:00:00,77.43,77.2654
2020-10-23 21:00:00,77.42,77.26525
2020-10-23 22:00:00,77.42,77.26889
2020-10-23 23:00:00,77.42,77.26712
2020-10-24 00:00:00,77.42,77.26509
2020-10-24 01:00:00,77.42,77.26394
2020-10-24 02:00:00,77.42,77.264984
2020-10-24 03:00:00,77.41,77.264656
2020-10-24 04:00:00,77.41,77.26956
2020-10-24 05:00:00,77.41,77.26625
2020-10-24 06:00:00,77.41,77.275
2020-10-24 07:00:00,77.41,77.264595
2020-10-24 08:00:00,77.41,77.284485
2020-10-24 09:00:00,77.41,77.28213
2020-10-24 10:00:00,77.41,77.27689
2020-10-24 11:00:00,77.41,77.27794
2020-10-24 12:00:00,77.41,77.27668
2020-10-24 13:00:00,77.41,77.274635
2020-10-24 14:00:00,77.41,77.27877
2020-10-24 15:00:00,77.41,77.279526
2020-10-24 16:00:00,77.41,77.27908
2020-10-24 17:00:00,77.4,77.27712
2020-10-24 18:00:00,77.4,77.276665
2020-10-24 19:00:00,77.39,77.272766
2020-10-24 20:00:00,77.39,77.27136
2020-10-24 21:00:00,77.39,77.272156
2020-10-24 22:00:00,77.39,77.27442
2020-10-24 23:00:00,77.39,77.27029
2020-10-25 00:00:00,77.4,77.27157
2020-10-25 01:00:00,77.39,77.27301
2020-10-25 02:00:00,77.39,77.2747
2020-10-25 03:00:00,77.39,77.27404
2020-10-25 04:00:00,77.39,77.27014
2020-10-25 05:00:00,77.39,77.27206
2020-10-25 06:00:00,77.39,77.27097
2020-10-25 07:00:00,77.39,77.27517
2020-10-25 08:00:00,77.39,77.28362
2020-10-25 09:00:00,77.39,77.281525
2020-10-25 10:00:00,77.39,77.28468
2020-10-25 11:00:00,77.39,77.28803
2020-10-25 12:00:00,77.39,77.286964
2020-10-25 13:00:00,77.4,77.29822
2020-10-25 14:00:00,77.4,77.29682
2020-10-25 15:00:00,77.4,77.30174
2020-10-25 16:00:00,77.39,77.30733
2020-10-25 17:00:00,77.39,77.31184
2020-10-25 18:00:00,77.39,77.3057
2020-10-25 19:00:00,77.38,77.30624
2020-10-25 20:00:00,77.38,77.29382
2020-10-25 21:00:00,77.38,77.300545
2020-10-25 22:00:00,77.38,77.28915
2020-10-25 23:00:00,77.38,77.29408
2020-10-26 00:00:00,77.38,77.28862
2020-10-26 01:00:00,77.38,77.30655
2020-10-26 02:00:00,77.38,77.29271
2020-10-26 03:00:00,77.38,77.29975
2020-10-26 04:00:00,77.38,77.29279
2020-10-26 05:00:00,77.38,77.28858
2020-10-26 06:00:00,77.38,77.2778
2020-10-26 07:00:00,77.38,77.2708
2020-10-26 08:00:00,77.38,77.279465
2020-10-26 09:00:00,77.38,77.29119
2020-10-26 10:00:00,77.38,77.29323
2020-10-26 11:00:00,77.38,77.27666
2020-10-26 12:00:00,77.38,77.28169
2020-10-26 13:00:00,77.39,77.28345
2020-10-26 14:00:00,77.39,77.2909
2020-10-26 15:00:00,77.39,77.294365
2020-10-26 16:00:00,77.39,77.30009
2020-10-26 17:00:00,77.38,77.29128
2020-10-26 18:00:00,77.38,77.295525
2020-10-26 19:00:00,77.38,77.29274
2020-10-26 20:00:00,77.38,77.29671
2020-10-26 21:00:00,77.37,77.29688
2020-10-26 22:00:00,77.37,77.28699
2020-10-26 23:00:00,77.37,77.2887
2020-10-27 00:00:00,77.38,77.288895
2020-10-27 01:00:00,77.37,77.289955
2020-10-27 02:00:00,77.37,77.28854
2020-10-27 03:00:00,77.37,77.288025
2020-10-27 04:00:00,77.37,77.28493
2020-10-27 05:00:00,77.37,77.280525
2020-10-27 06:00:00,77.37,77.280525
2020-10-27 07:00:00,77.37,77.28194
2020-10-27 08:00:00,77.37,77.284515
2020-10-27 09:00:00,77.37,77.29186
2020-10-27 10:00:00,77.37,77.29751
2020-10-27 11:00:00,77.37,77.296234
2020-10-27 12:00:00,77.38,77.28832
2020-10-27 13:00:00,77.38,77.29718
2020-10-27 14:00:00,77.38,77.29973
2020-10-27 15:00:00,77.38,77.30379
2020-10-27 16:00:00,77.38,77.31028
2020-10-27 17:00:00,77.38,77.303406
2020-10-27 18:00:00,77.37,77.293625
2020-10-27 19:00:00,77.37,77.30891
2020-10-27 20:00:00,77.37,77.30193
2020-10-27 21:00:00,77.37,77.30102
2020-10-27 22:00:00,77.37,77.3002
2020-10-27 23:00:00,77.37,77.29507
2020-10-28 00:00:00,77.37,77.290054
2020-10-28 01:00:00,77.37,77.2975
2020-10-28 02:00:00,77.37,77.28033
2020-10-28 03:00:00,77.37,77.2852
2020-10-28 04:00:00,77.37,77.272606
2020-10-28 05:00:00,77.37,77.28757
2020-10-28 06:00:00,77.37,77.28186
2020-10-28 07:00:00,77.37,77.298676
2020-10-28 08:00:00,77.37,77.29331
2020-10-28 09:00:00,77.37,77.30007
2020-10-28 10:00:00,77.37,77.297585
2020-10-28 11:00:00,77.37,77.29883
2020-10-28 12:00:00,77.37,77.29801
2020-10-28 13:00:00,77.38,77.30976
2020-10-28 14:00:00,77.37,77.30893
2020-10-28 15:00:00,77.38,77.306786
2020-10-28 16:00:00,77.38,77.324356
2020-10-28 17:00:00,77.37,77.3184
2020-10-28 18:00:00,77.37,77.312294
2020-10-28 19:00:00,77.37,77.306206
2020-10-28 20:00:00,77.36,77.3056
2020-10-28 21:00:00,77.36,77.290016
2020-10-28 22:00:00,77.36,77.29603
2020-10-28 23:00:00,77.36,77.29706
2020-10-29 00:00:00,77.37,77.29162
2020-10-29 01:00:00,77.36,77.29274
2020-10-29 02:00:00,77.36,77.295876
2020-10-29 03:00:00,77.36,77.30247
2020-10-29 04:00:00,77.36,77.30753
2020-10-29 05:00:00,77.36,77.29726
2020-10-29 06:00:00,77.36,77.296936
2020-10-29 07:00:00,77.36,77.29561
2020-10-29 08:00:00,77.36,77.288216
2020-10-29 09:00:00,77.36,77.29773
2020-10-29 10:00:00,77.36,77.27367
2020-10-29 11:00:00,77.36,77.278854
2020-10-29 12:00:00,77.36,77.27894
2020-10-29 13:00:00,77.37,77.27174
2020-10-29 14:00:00,77.37,77.26469
2020-10-29 15:00:00,77.37,77.26218
2020-10-29 16:00:00,77.37,77.266556
2020-10-29 17:00:00,77.36,77.2645
2020-10-29 18:00:00,77.36,77.27795
2020-10-29 19:00:00,77.36,77.27293
2020-10-29 20:00:00,77.35,77.26817
2020-10-29 21:00:00,77.35,77.27595
2020-10-29 22:00:00,77.35,77.27566
2020-10-29 23:00:00,77.35,77.28943
2020-10-30 00:00:00,77.36,77.29537
2020-10-30 01:00:00,77.35,77.29028
2020-10-30 02:00:00,77.35,77.29176
2020-10-30 03:00:00,77.35,77.28568
2020-10-30 04:00:00,77.35,77.281265
2020-10-30 05:00:00,77.35,77.27751
2020-10-30 06:00:00,77.35,77.2734
2020-10-30 07:00:00,77.35,77.268715
2020-10-30 08:00:00,77.35,77.27489
2020-10-30 09:00:00,77.35,77.27972
2020-10-30 10:00:00,77.35,77.284164
2020-10-30 11:00:00,77.35,77.25521
2020-10-30 12:00:00,77.35,77.24111
2020-10-30 13:00:00,77.36,77.2428
2020-10-30 14:00:00,77.36,77.24968
2020-10-30 15:00:00,77.36,77.258865
2020-10-30 16:00:00,77.36,77.264175
2020-10-30 17:00:00,77.35,77.26778
2020-10-30 18:00:00,77.35,77.270996
2020-10-30 19:00:00,77.35,77.286064
2020-10-30 20:00:00,77.35,77.291595
2020-10-30 21:00:00,77.34,77.279465
2020-10-30 22:00:00,77.34,77.277504
2020-10-30 23:00:00,77.34,77.27543
2020-10-31 00:00:00,77.35,77.27309
2020-10-31 01:00:00,77.34,77.268906
2020-10-31 02:00:00,77.34,77.265564
2020-10-31 03:00:00,77.34,77.26025
2020-10-31 04:00:00,77.34,77.25917
2020-10-31 05:00:00,77.34,77.25625
2020-10-31 06:00:00,77.34,77.25597
2020-10-31 07:00:00,77.34,77.25683
2020-10-31 08:00:00,77.34,77.26279
2020-10-31 09:00:00,77.34,77.26656
2020-10-31 10:00:00,77.34,77.267204
2020-10-31 11:00:00,77.35,77.25371
2020-10-31 12:00:00,77.35,77.24897
2020-10-31 13:00:00,77.35,77.24964
2020-10-31 14:00:00,77.35,77.250885
2020-10-31 15:00:00,77.35,77.25256
2020-10-31 16:00:00,77.35,77.25197
2020-10-31 17:00:00,77.35,77.249535
2020-10-31 18:00:00,77.34,77.263336
2020-10-31 19:00:00,77.34,77.26501
2020-10-31 20:00:00,77.34,77.25383
2020-10-31 21:00:00,77.34,77.262535
2020-10-31 22:00:00,77.34,77.26089
2020-10-31 23:00:00,77.34,77.24127
2020-11-01 00:00:00,77.35,77.245766
2020-11-01 01:00:00,77.34,77.24767
2020-11-01 02:00:00,77.34,77.26203
2020-11-01 03:00:00,77.34,77.25402
2020-11-01 04:00:00,77.34,77.2666
2020-11-01 05:00:00,77.34,77.267006
2020-11-01 06:00:00,77.34,77.26917
2020-11-01 07:00:00,77.34,77.27003
2020-11-01 08:00:00,77.34,77.27247
2020-11-01 09:00:00,77.34,77.27606
2020-11-01 10:00:00,77.34,77.27757
2020-11-01 11:00:00,77.35,77.27259
2020-11-01 12:00:00,77.35,77.28166
2020-11-01 13:00:00,77.36,77.2701
2020-11-01 14:00:00,77.37,77.25859
2020-11-01 15:00:00,77.38,77.26704
2020-11-01 16:00:00,77.38,77.267136
2020-11-01 17:00:00,77.39,77.26461
2020-11-01 18:00:00,77.4,77.26844
2020-11-01 19:00:00,77.4,77.26788
2020-11-01 20:00:00,77.41,77.27583
2020-11-01 21:00:00,77.41,77.263504
2020-11-01 22:00:00,77.42,77.26733
2020-11-01 23:00:00,77.42,77.25744
2020-11-02 00:00:00,77.43,77.25359
2020-11-02 01:00:00,77.42,77.26522
2020-11-02 02:00:00,77.42,77.27517
2020-11-02 03:00:00,77.42,77.27592
2020-11-02 04:00:00,77.43,77.28141
2020-11-02 05:00:00,77.43,77.27429
2020-11-02 06:00:00,77.43,77.26499
2020-11-02 07:00:00,77.43,77.28236
2020-11-02 08:00:00,77.43,77.28398
2020-11-02 09:00:00,77.43,77.26934
2020-11-02 10:00:00,77.42,77.25667
2020-11-02 11:00:00,77.42,77.2661
2020-11-02 12:00:00,77.42,77.27354
2020-11-02 13:00:00,77.42,77.275116
2020-11-02 14:00:00,77.42,77.27445
2020-11-02 15:00:00,77.42,77.28079
2020-11-02 16:00:00,77.42,77.28058
2020-11-02 17:00:00,77.42,77.28347
2020-11-02 18:00:00,77.41,77.28062
2020-11-02 19:00:00,77.41,77.27727
2020-11-02 20:00:00,77.41,77.31568
2020-11-02 21:00:00,77.4,77.31084
2020-11-02 22:00:00,77.4,77.295715
2020-11-02 23:00:00,77.4,77.29131
2020-11-03 00:00:00,77.4,77.286674
2020-11-03 01:00:00,77.4,77.28575
2020-11-03 02:00:00,77.39,77.28048
2020-11-03 03:00:00,77.39,77.27892
2020-11-03 04:00:00,77.39,77.26549
2020-11-03 05:00:00,77.39,77.24824
2020-11-03 06:00:00,77.39,77.272804
2020-11-03 07:00:00,77.39,77.25935
2020-11-03 08:00:00,77.39,77.25758
2020-11-03 09:00:00,77.38,77.26618
2020-11-03 10:00:00,77.38,77.253586
2020-11-03 11:00:00,77.38,77.255325
2020-11-03 12:00:00,77.38,77.24223
2020-11-03 13:00:00,77.38,77.25531
2020-11-03 14:00:00,77.38,77.24526
2020-11-03 15:00:00,77.38,77.24341
2020-11-03 16:00:00,77.38,77.24617
2020-11-03 17:00:00,77.37,77.24567
2020-11-03 18:00:00,77.37,77.242805
2020-11-03 19:00:00,77.36,77.24445
2020-11-03 20:00:00,77.36,77.24259
2020-11-03 21:00:00,77.36,77.2438
2020-11-03 22:00:00,77.36,77.24956
2020-11-03 23:00:00,77.36,77.25019
2020-11-04 00:00:00,77.36,77.25175
2020-11-04 01:00:00,77.35,77.25635
2020-11-04 02:00:00,77.35,77.250336
2020-11-04 03:00:00,77.35,77.2533
2020-11-04 04:00:00,77.35,77.26093
2020-11-04 05:00:00,77.35,77.25955
2020-11-04 06:00:00,77.35,77.259056
2020-11-04 07:00:00,77.35,77.25094
2020-11-04 08:00:00,77.35,77.249214
2020-11-04 09:00:00,77.35,77.24984
2020-11-04 10:00:00,77.35,77.24659
2020-11-04 11:00:00,77.35,77.24122
2020-11-04 12:00:00,77.35,77.23119
2020-11-04 13:00:00,77.35,77.22076
2020-11-04 14:00:00,77.35,77.22309
2020-11-04 15:00:00,77.35,77.222374
2020-11-04 16:00:00,77.34,77.230225
2020-11-04 17:00:00,77.34,77.22383
2020-11-04 18:00:00,77.34,77.22772
2020-11-04 19:00:00,77.34,77.23272
2020-11-04 20:00:00,77.34,77.24631
2020-11-04 21:00:00,77.33,77.245255
2020-11-04 22:00:00,77.33,77.24904
2020-11-04 23:00:00,77.33,77.25364
2020-11-05 00:00:00,77.34,77.24969
2020-11-05 01:00:00,77.33,77.24476
2020-11-05 02:00:00,77.33,77.244
2020-11-05 03:00:00,77.33,77.24119
2020-11-05 04:00:00,77.33,77.24177
2020-11-05 05:00:00,77.33,77.24112
2020-11-05 06:00:00,77.33,77.2428
2020-11-05 07:00:00,77.33,77.25058
2020-11-05 08:00:00,77.33,77.252785
2020-11-05 09:00:00,77.33,77.25183
2020-11-05 10:00:00,77.33,77.253456
2020-11-05 11:00:00,77.33,77.25386
2020-11-05 12:00:00,77.33,77.22589
2020-11-05 13:00:00,77.33,77.21286
2020-11-05 14:00:00,77.33,77.20963
2020-11-05 15:00:00,77.33,77.22143
2020-11-05 16:00:00,77.33,77.22049
2020-11-05 17:00:00,77.33,77.22721
2020-11-05 18:00:00,77.33,77.25153
2020-11-05 19:00:00,77.32,77.25428
2020-11-05 20:00:00,77.33,77.26498
2020-11-05 21:00:00,77.32,77.26546
2020-11-05 22:00:00,77.32,77.26627
2020-11-05 23:00:00,77.32,77.25702
2020-11-06 00:00:00,77.33,77.24375
2020-11-06 01:00:00,77.32,77.2536
2020-11-06 02:00:00,77.32,77.267166
2020-11-06 03:00:00,77.32,77.26155
2020-11-06 04:00:00,77.32,77.26065
2020-11-06 05:00:00,77.32,77.266235
2020-11-06 06:00:00,77.32,77.27641
2020-11-06 07:00:00,77.32,77.27409
2020-11-06 08:00:00,77.32,77.2803
2020-11-06 09:00:00,77.32,77.3013
2020-11-06 10:00:00,77.32,77.30111
2020-11-06 11:00:00,77.33,77.30382
2020-11-06 12:00:00,77.33,77.30081
2020-11-06 13:00:00,77.33,77.28482
2020-11-06 14:00:00,77.33,77.29045
2020-11-06 15:00:00,77.33,77.29324
2020-11-06 16:00:00,77.33,77.295494
2020-11-06 17:00:00,77.33,77.30421
2020-11-06 18:00:00,77.33,77.30324
2020-11-06 19:00:00,77.33,77.29085
2020-11-06 20:00:00,77.33,77.296616
2020-11-06 21:00:00,77.33,77.28637
2020-11-06 22:00:00,77.33,77.279594
2020-11-06 23:00:00,77.33,77.29081
2020-11-07 00:00:00,77.33,77.29214
2020-11-07 01:00:00,77.32,77.29687
2020-11-07 02:00:00,77.33,77.280815
2020-11-07 03:00:00,77.33,77.27994
2020-11-07 04:00:00,77.33,77.258995
2020-11-07 05:00:00,77.33,77.284805
2020-11-07 06:00:00,77.33,77.28198
2020-11-07 07:00:00,77.33,77.26154
2020-11-07 08:00:00,77.33,77.25329
2020-11-07 09:00:00,77.33,77.267784
2020-11-07 10:00:00,77.33,77.27576
2020-11-07 11:00:00,77.33,77.282364
2020-11-07 12:00:00,77.33,77.29354
2020-11-07 13:00:00,77.34,77.293365
2020-11-07 14:00:00,77.34,77.316666
2020-11-07 15:00:00,77.34,77.33229
2020-11-07 16:00:00,77.33,77.320435
2020-11-07 17:00:00,77.33,77.31255
2020-11-07 18:00:00,77.33,77.307106
2020-11-07 19:00:00,77.32,77.306244
2020-11-07 20:00:00,77.32,77.296196
2020-11-07 21:00:00,77.32,77.29365
2020-11-07 22:00:00,77.32,77.28711
2020-11-07 23:00:00,77.32,77.28713
2020-11-08 00:00:00,77.33,77.28833
2020-11-08 01:00:00,77.32,77.28536
2020-11-08 02:00:00,77.32,77.28492
2020-11-08 03:00:00,77.32,77.27113
2020-11-08 04:00:00,77.32,77.28471
2020-11-08 05:00:00,77.32,77.27409
2020-11-08 06:00:00,77.32,77.27205
2020-11-08 07:00:00,77.32,77.27086
2020-11-08 08:00:00,77.32,77.276726
2020-11-08 09:00:00,77.32,77.28394
2020-11-08 10:00:00,77.32,77.27927
2020-11-08 11:00:00,77.32,77.288315
2020-11-08 12:00:00,77.32,77.27428
2020-11-08 13:00:00,77.32,77.31825
2020-11-08 14:00:00,77.33,77.28787
2020-11-08 15:00:00,77.32,77.291275
2020-11-08 16:00:00,77.32,77.26354
2020-11-08 17:00:00,77.32,77.249176
2020-11-08 18:00:00,77.31,77.24045
2020-11-08 19:00:00,77.31,77.24167
2020-11-08 20:00:00,77.31,77.24394
2020-11-08 21:00:00,77.31,77.25979
2020-11-08 22:00:00,77.31,77.259544
2020-11-08 23:00:00,77.31,77.258995
2020-11-09 00:00:00,77.32,77.25738
2020-11-09 01:00:00,77.31,77.25786
2020-11-09 02:00:00,77.31,77.25807
2020-11-09 03:00:00,77.31,77.261246
2020-11-09 04:00:00,77.31,77.26014
2020-11-09 05:00:00,77.31,77.26024
2020-11-09 06:00:00,77.31,77.25762
2020-11-09 07:00:00,77.31,77.2596
2020-11-09 08:00:00,77.31,77.25961
2020-11-09 09:00:00,77.31,77.259605
2020-11-09 10:00:00,77.31,77.25901
2020-11-09 11:00:00,77.31,77.25533
2020-11-10 12:00:00,77.3,77.24031
2020-11-10 13:00:00,77.3,77.25791
2020-11-10 14:00:00,77.3,77.25619
2020-11-10 15:00:00,77.3,77.27504
2020-11-10 16:00:00,77.3,77.25353
2020-11-10 17:00:00,77.3,77.24594
2020-11-10 18:00:00,77.3,77.25102
2020-11-10 19:00:00,77.29,77.24793
2020-11-10 20:00:00,77.29,77.26623
2020-11-10 21:00:00,77.29,77.263916
2020-11-10 22:00:00,77.29,77.25878
2020-11-10 23:00:00,77.29,77.256516
2020-11-11 00:00:00,77.3,77.25776
2020-11-11 01:00:00,77.29,77.25548
2020-11-11 02:00:00,77.29,77.254036
2020-11-11 03:00:00,77.29,77.24296
2020-11-11 04:00:00,77.29,77.241264
2020-11-11 05:00:00,77.29,77.245995
2020-11-11 06:00:00,77.29,77.24794
2020-11-11 07:00:00,77.29,77.247086
2020-11-11 08:00:00,77.29,77.25183
2020-11-11 09:00:00,77.29,77.25761
2020-11-11 10:00:00,77.29,77.249344
2020-11-11 11:00:00,77.29,77.247765
2020-11-11 12:00:00,77.29,77.230446
2020-11-11 13:00:00,77.29,77.211716
2020-11-11 14:00:00,77.29,77.21159
2020-11-11 15:00:00,77.29,77.21368
2020-11-11 16:00:00,77.29,77.21668
2020-11-11 17:00:00,77.29,77.231964
2020-11-11 18:00:00,77.28,77.245026
2020-11-11 19:00:00,77.28,77.24681
2020-11-11 20:00:00,77.28,77.25352
2020-11-11 21:00:00,77.28,77.24648
2020-11-11 22:00:00,77.28,77.24238
2020-11-11 23:00:00,77.28,77.23657
2020-11-12 00:00:00,77.29,77.231636
2020-11-12 01:00:00,77.28,77.22459
2020-11-12 02:00:00,77.28,77.22439
2020-11-12 03:00:00,77.28,77.223076
2020-11-12 04:00:00,77.28,77.22314
2020-11-12 05:00:00,77.28,77.23785
2020-11-12 06:00:00,77.28,77.22357
2020-11-12 07:00:00,77.28,77.22563
2020-11-12 08:00:00,77.28,77.23139
2020-11-12 09:00:00,77.28,77.23532
2020-11-12 10:00:00,77.28,77.23981
2020-11-12 11:00:00,77.28,77.23371
2020-11-12 12:00:00,77.29,77.22999
2020-11-12 13:00:00,77.29,77.21576
2020-11-12 14:00:00,77.29,77.20934
2020-11-12 15:00:00,77.29,77.21702
2020-11-12 16:00:00,77.29,77.21907
2020-11-12 17:00:00,77.29,77.23393
2020-11-12 18:00:00,77.28,77.231155
2020-11-12 19:00:00,77.28,77.257416
2020-11-12 20:00:00,77.28,77.254684
2020-11-12 21:00:00,77.28,77.24475
2020-11-12 22:00:00,77.28,77.23438
2020-11-12 23:00:00,77.28,77.22526
2020-11-13 00:00:00,77.28,77.20952
2020-11-13 01:00:00,77.28,77.21927
2020-11-13 02:00:00,77.28,77.21991
2020-11-13 03:00:00,77.28,77.22042
2020-11-13 04:00:00,77.28,77.220535
2020-11-13 05:00:00,77.28,77.219986
2020-11-13 06:00:00,77.28,77.22011
2020-11-13 07:00:00,77.28,77.22054
2020-11-13 08:00:00,77.28,77.224625
2020-11-13 09:00:00,77.28,77.231804
2020-11-13 10:00:00,77.28,77.256874
2020-11-13 11:00:00,77.28,77.25778
2020-11-13 12:00:00,77.28,77.24207
2020-11-13 13:00:00,77.29,77.237564
2020-11-13 14:00:00,77.29,77.24305
2020-11-13 15:00:00,77.29,77.247856
2020-11-13 16:00:00,77.29,77.24084
2020-11-13 17:00:00,77.28,77.25064
2020-11-13 18:00:00,77.28,77.25035
2020-11-13 19:00:00,77.28,77.25179
2020-11-13 20:00:00,77.28,77.270836
2020-11-13 21:00:00,77.28,77.2611
2020-11-13 22:00:00,77.28,77.254166
2020-11-13 23:00:00,77.27,77.242966
2020-11-14 00:00:00,77.28,77.24354
2020-11-14 01:00:00,77.28,77.241486
2020-11-14 02:00:00,77.28,77.2355
2020-11-14 03:00:00,77.28,77.236305
2020-11-14 04:00:00,77.28,77.235565
2020-11-14 05:00:00,77.28,77.23319
2020-11-14 06:00:00,77.28,77.23262
2020-11-14 07:00:00,77.28,77.23676
2020-11-14 08:00:00,77.28,77.24415
2020-11-14 09:00:00,77.28,77.2572
2020-11-14 10:00:00,77.27,77.26081
2020-11-14 11:00:00,77.28,77.25712
2020-11-14 12:00:00,77.28,77.247574
2020-11-14 13:00:00,77.28,77.24732
2020-11-14 14:00:00,77.28,77.24237
2020-11-14 15:00:00,77.28,77.23957
2020-11-14 16:00:00,77.28,77.23438
2020-11-14 17:00:00,77.28,77.23313
2020-11-14 18:00:00,77.28,77.25036
2020-11-14 19:00:00,77.27,77.263535
2020-11-14 20:00:00,77.27,77.25721
2020-11-14 21:00:00,77.27,77.24995
2020-11-14 22:00:00,77.27,77.24194
2020-11-14 23:00:00,77.27,77.24013
2020-11-15 00:00:00,77.28,77.23412
2020-11-15 01:00:00,77.27,77.233406
2020-11-15 02:00:00,77.27,77.22885
2020-11-15 03:00:00,77.27,77.22701
2020-11-15 04:00:00,77.27,77.23058
2020-11-15 05:00:00,77.27,77.22937
2020-11-15 06:00:00,77.27,77.23029
2020-11-15 07:00:00,77.27,77.23042
2020-11-15 08:00:00,77.27,77.23487
2020-11-15 09:00:00,77.27,77.24304
2020-11-15 10:00:00,77.27,77.24757
2020-11-15 11:00:00,77.27,77.250114
2020-11-15 12:00:00,77.28,77.2471
2020-11-15 13:00:00,77.28,77.2503
2020-11-15 14:00:00,77.28,77.24183
2020-11-15 15:00:00,77.28,77.23988
2020-11-15 16:00:00,77.28,77.24478
2020-11-15 17:00:00,77.28,77.24917
2020-11-15 18:00:00,77.27,77.24536
2020-11-15 19:00:00,77.27,77.26829
2020-11-15 20:00:00,77.27,77.261086
2020-11-15 21:00:00,77.27,77.25306
2020-11-15 22:00:00,77.27,77.24394
2020-11-15 23:00:00,77.27,77.23962
2020-11-16 00:00:00,77.27,77.23394
2020-11-16 01:00:00,77.27,77.23611
2020-11-16 02:00:00,77.27,77.23614
2020-11-16 03:00:00,77.27,77.23806
2020-11-16 04:00:00,77.27,77.23543
2020-11-16 05:00:00,77.27,77.235596
2020-11-16 06:00:00,77.27,77.22907
2020-11-16 07:00:00,77.27,77.2227
2020-11-16 08:00:00,77.27,77.23621
2020-11-16 09:00:00,77.27,77.242744
2020-11-16 10:00:00,77.27,77.25195
2020-11-16 11:00:00,77.27,77.265
2020-11-16 12:00:00,77.27,77.23883
2020-11-16 13:00:00,77.28,77.24638
2020-11-16 14:00:00,77.28,77.27103
2020-11-16 15:00:00,77.28,77.260735
2020-11-16 16:00:00,77.28,77.2668
2020-11-16 17:00:00,77.27,77.26722
2020-11-16 18:00:00,77.27,77.25988
2020-11-16 19:00:00,77.28,77.26548
2020-11-16 20:00:00,77.27,77.26235
2020-11-16 21:00:00,77.27,77.26904
2020-11-16 22:00:00,77.26,77.26133
2020-11-16 23:00:00,77.27,77.2694
2020-11-17 00:00:00,77.27,77.2734
2020-11-17 01:00:00,77.27,77.283905
2020-11-17 02:00:00,77.27,77.256294
2020-11-17 03:00:00,77.27,77.258545
2020-11-17 04:00:00,77.27,77.27289
2020-11-17 05:00:00,77.27,77.263824
2020-11-17 06:00:00,77.27,77.265526
2020-11-17 07:00:00,77.27,77.27903
2020-11-17 08:00:00,77.28,77.28917
2020-11-17 09:00:00,77.27,77.301865
2020-11-17 10:00:00,77.27,77.33365
2020-11-17 11:00:00,77.27,77.31786
2020-11-17 12:00:00,77.27,77.32047
2020-11-17 13:00:00,77.27,77.30751
2020-11-17 14:00:00,77.27,77.30651
2020-11-17 15:00:00,77.28,77.30144
2020-11-18 19:00:00,77.3,77.30286
2020-11-18 20:00:00,77.29,77.293144
2020-11-18 21:00:00,77.29,77.30837
2020-11-18 22:00:00,77.28,77.33457
2020-11-18 23:00:00,77.28,77.31263
2020-11-19 00:00:00,77.3,77.31716
2020-11-19 01:00:00,77.29,77.371025
2020-11-19 02:00:00,77.29,77.334465
2020-11-19 03:00:00,77.29,77.35292
2020-11-19 04:00:00,77.29,77.43307
2020-11-19 05:00:00,77.3,77.36972
2020-11-19 06:00:00,77.3,77.38117
2020-11-19 07:00:00,77.3,77.379135
2020-11-19 08:00:00,77.31,77.38706
2020-11-19 09:00:00,77.32,77.41424
2020-11-19 10:00:00,77.32,77.419106
2020-11-19 11:00:00,77.32,77.41821
2020-11-19 12:00:00,77.33,77.42262
2020-11-19 13:00:00,77.34,77.45444
2020-11-19 14:00:00,77.34,77.43499
2020-11-19 15:00:00,77.35,77.3788
2020-11-19 16:00:00,77.37,77.43891
2020-11-19 17:00:00,77.37,77.36789
2020-11-19 18:00:00,77.38,77.369835
2020-11-19 19:00:00,77.39,77.35247
2020-11-19 20:00:00,77.4,77.336136
2020-11-19 21:00:00,77.4,77.33848
2020-11-19 22:00:00,77.41,77.32148
2020-11-19 23:00:00,77.41,77.31279
2020-11-20 00:00:00,77.42,77.31733
2020-11-20 01:00:00,77.42,77.30289
2020-11-20 02:00:00,77.42,77.30369
2020-11-20 03:00:00,77.43,77.307014
2020-11-20 04:00:00,77.43,77.28513
2020-11-20 05:00:00,77.43,77.2941
2020-11-20 06:00:00,77.43,77.28044
2020-11-20 07:00:00,77.44,77.283394
2020-11-20 08:00:00,77.43,77.298004
2020-11-20 09:00:00,77.44,77.28667
2020-11-20 10:00:00,77.43,77.28717
2020-11-20 11:00:00,77.44,77.26456
2020-11-20 12:00:00,77.43,77.26581
2020-11-20 13:00:00,77.43,77.26063
2020-11-20 14:00:00,77.43,77.25223
2020-11-20 15:00:00,77.43,77.25536
2020-11-20 16:00:00,77.43,77.23704
2020-11-20 17:00:00,77.43,77.234085
2020-11-20 18:00:00,77.42,77.23272
2020-11-20 19:00:00,77.42,77.23554
2020-11-20 20:00:00,77.42,77.23295
2020-11-20 21:00:00,77.41,77.24376
2020-11-20 22:00:00,77.41,77.2475
2020-11-20 23:00:00,77.41,77.23079
2020-11-21 00:00:00,77.41,77.237404
2020-11-21 01:00:00,77.4,77.23044
2020-11-21 02:00:00,77.4,77.23658
2020-11-21 03:00:00,77.4,77.23849
2020-11-21 04:00:00,77.4,77.2367
2020-11-21 05:00:00,77.39,77.23935
2020-11-21 06:00:00,77.39,77.22432
2020-11-21 07:00:00,77.39,77.2223
2020-11-21 08:00:00,77.39,77.22347
2020-11-21 09:00:00,77.38,77.22741
2020-11-21 10:00:00,77.38,77.238045
2020-11-21 11:00:00,77.38,77.23664
2020-11-21 12:00:00,77.38,77.23068
2020-11-21 13:00:00,77.38,77.229095
2020-11-21 14:00:00,77.38,77.22813
2020-11-21 15:00:00,77.38,77.22787
2020-11-21 16:00:00,77.37,77.23273
2020-11-21 17:00:00,77.37,77.235405
2020-11-21 18:00:00,77.36,77.258995
2020-11-21 19:00:00,77.36,77.24507
2020-11-21 20:00:00,77.36,77.25083
2020-11-21 21:00:00,77.36,77.25549
2020-11-21 22:00:00,77.36,77.254845
2020-11-21 23:00:00,77.36,77.24951
2020-11-22 00:00:00,77.36,77.25717
2020-11-22 01:00:00,77.35,77.255585
2020-11-22 02:00:00,77.35,77.25644
2020-11-22 03:00:00,77.35,77.25713
2020-11-22 04:00:00,77.35,77.251335
2020-11-22 05:00:00,77.35,77.2537
2020-11-22 06:00:00,77.34,77.25405
2020-11-22 07:00:00,77.34,77.24068
2020-11-22 08:00:00,77.34,77.23445
2020-11-22 09:00:00,77.34,77.24411
2020-11-22 10:00:00,77.34,77.25452
2020-11-22 11:00:00,77.34,77.24749
2020-11-22 12:00:00,77.34,77.252556
2020-11-22 13:00:00,77.34,77.24285
2020-11-22 14:00:00,77.34,77.23472
2020-11-22 15:00:00,77.34,77.231804
2020-11-22 16:00:00,77.34,77.2367
2020-11-22 17:00:00,77.34,77.241035
2020-11-22 18:00:00,77.34,77.22893
2020-11-22 19:00:00,77.34,77.22965
2020-11-22 20:00:00,77.33,77.23155
2020-11-22 21:00:00,77.33,77.21802
2020-11-22 22:00:00,77.33,77.21865
2020-11-22 23:00:00,77.33,77.214134
2020-11-23 00:00:00,77.34,77.223495
2020-11-23 01:00:00,77.33,77.23116
2020-11-23 02:00:00,77.33,77.23569
2020-11-23 03:00:00,77.33,77.21855
2020-11-23 04:00:00,77.33,77.22482
2020-11-23 05:00:00,77.33,77.22455
2020-11-23 06:00:00,77.33,77.2232
2020-11-23 07:00:00,77.32,77.240974
2020-11-23 08:00:00,77.32,77.23138
2020-11-23 09:00:00,77.32,77.2203
2020-11-23 10:00:00,77.32,77.217255
2020-11-23 11:00:00,77.32,77.21944
2020-11-23 12:00:00,77.32,77.224556
2020-11-23 13:00:00,77.32,77.2354
2020-11-23 14:00:00,77.32,77.23795
2020-11-23 15:00:00,77.32,77.2347
2020-11-23 16:00:00,77.32,77.23344
2020-11-23 17:00:00,77.32,77.22846
2020-11-23 18:00:00,77.31,77.22389
2020-11-23 19:00:00,77.31,77.22412
2020-11-23 20:00:00,77.31,77.22152
2020-11-23 21:00:00,77.31,77.222404
2020-11-23 22:00:00,77.31,77.22239
2020-11-23 23:00:00,77.3,77.22155
2020-11-24 00:00:00,77.31,77.22254
2020-11-24 01:00:00,77.31,77.221176
2020-11-24 02:00:00,77.3,77.21999
2020-11-24 03:00:00,77.3,77.228455
2020-11-24 04:00:00,77.3,77.23014
2020-11-24 05:00:00,77.3,77.22701
2020-11-24 06:00:00,77.3,77.23085
2020-11-24 07:00:00,77.3,77.22654
2020-11-24 08:00:00,77.3,77.22768
2020-11-24 09:00:00,77.3,77.23301
2020-11-24 10:00:00,77.3,77.23326
2020-11-24 11:00:00,77.3,77.225555
2020-11-24 12:00:00,77.3,77.22391
2020-11-24 13:00:00,77.3,77.22106
2020-11-24 14:00:00,77.3,77.21359
2020-11-24 15:00:00,77.3,77.21829
2020-11-24 16:00:00,77.3,77.21551
2020-11-24 17:00:00,77.29,77.21818
2020-11-24 18:00:00,77.29,77.22067
2020-11-24 19:00:00,77.29,77.22282
2020-11-24 20:00:00,77.29,77.22997
2020-11-24 21:00:00,77.29,77.23539
2020-11-24 22:00:00,77.29,77.235016
2020-11-24 23:00:00,77.29,77.23776
2020-11-25 00:00:00,77.29,77.23324
2020-11-25 01:00:00,77.29,77.23365
2020-11-25 02:00:00,77.29,77.23601
2020-11-25 03:00:00,77.29,77.23789
2020-11-25 04:00:00,77.29,77.23333
2020-11-25 05:00:00,77.28,77.23459
2020-11-25 06:00:00,77.28,77.23174
2020-11-25 07:00:00,77.28,77.23397
2020-11-25 08:00:00,77.28,77.23425
2020-11-25 09:00:00,77.28,77.22941
2020-11-25 10:00:00,77.28,77.23112
2020-11-25 11:00:00,77.28,77.23751
2020-11-25 12:00:00,77.28,77.23
2020-11-25 13:00:00,77.28,77.22313
2020-11-25 14:00:00,77.29,77.227554
2020-11-25 15:00:00,77.28,77.22984
2020-11-25 16:00:00,77.28,77.23031
2020-11-25 17:00:00,77.28,77.232925
2020-11-25 18:00:00,77.28,77.249016
2020-11-25 19:00:00,77.27,77.25189
2020-11-25 20:00:00,77.27,77.25748
2020-11-25 21:00:00,77.27,77.25134
2020-11-25 22:00:00,77.27,77.25412
2020-11-25 23:00:00,77.26,77.256226
2020-11-26 00:00:00,77.27,77.24353
2020-11-26 01:00:00,77.26,77.24415
2020-11-26 02:00:00,77.26,77.24652
2020-11-26 03:00:00,77.26,77.237
2020-11-26 04:00:00,77.26,77.246704
2020-11-26 05:00:00,77.26,77.246414
2020-11-26 06:00:00,77.26,77.24682
2020-11-26 07:00:00,77.25,77.240616
2020-11-26 08:00:00,77.25,77.25257
2020-11-26 09:00:00,77.25,77.25167
2020-11-26 10:00:00,77.25,77.249825
2020-11-26 11:00:00,77.25,77.24708
2020-11-26 12:00:00,77.25,77.246086
2020-11-26 13:00:00,77.25,77.23776
2020-11-26 14:00:00,77.25,77.23397
2020-11-26 15:00:00,77.25,77.2346
2020-11-26 16:00:00,77.25,77.23785
2020-11-26 17:00:00,77.25,77.2439
2020-11-26 18:00:00,77.24,77.251465
2020-11-26 19:00:00,77.24,77.25332
2020-11-26 20:00:00,77.24,77.25705
2020-11-26 21:00:00,77.24,77.26337
2020-11-26 22:00:00,77.24,77.26905
2020-11-26 23:00:00,77.24,77.26284
2020-11-27 00:00:00,77.24,77.26084
2020-11-27 01:00:00,77.24,77.25573
2020-11-27 02:00:00,77.24,77.26698
2020-11-27 03:00:00,77.24,77.270485
2020-11-27 04:00:00,77.24,77.2493
2020-11-27 05:00:00,77.24,77.24801
2020-11-27 06:00:00,77.23,77.24515
2020-11-27 07:00:00,77.23,77.24398
2020-11-27 08:00:00,77.23,77.242
2020-11-27 09:00:00,77.23,77.2563
2020-11-27 10:00:00,77.23,77.25621
2020-11-27 11:00:00,77.24,77.24643
2020-11-27 12:00:00,77.23,77.25155
2020-11-27 13:00:00,77.23,77.24697
2020-11-27 14:00:00,77.22,77.24658
2020-11-27 17:00:00,77.23,77.24688
2020-11-27 18:00:00,77.23,77.23119
2020-11-27 19:00:00,77.23,77.24062
2020-11-27 20:00:00,77.23,77.23854
2020-11-27 21:00:00,77.23,77.23
2020-11-27 22:00:00,77.23,77.24198
2020-11-27 23:00:00,77.23,77.24564
2020-11-28 00:00:00,77.24,77.246826
2020-11-28 01:00:00,77.23,77.23122
2020-11-28 02:00:00,77.23,77.23159
2020-11-28 03:00:00,77.23,77.23254
2020-11-28 04:00:00,77.23,77.224365
2020-11-28 05:00:00,77.23,77.230354
2020-11-28 06:00:00,77.23,77.23805
2020-11-28 07:00:00,77.23,77.24499
2020-11-28 08:00:00,77.23,77.24323
2020-11-28 09:00:00,77.23,77.2508
2020-11-28 10:00:00,77.23,77.25144
2020-11-28 11:00:00,77.23,77.24064
2020-11-28 12:00:00,77.23,77.23918
2020-11-28 13:00:00,77.23,77.23949
2020-11-28 14:00:00,77.24,77.23661
2020-11-28 15:00:00,77.23,77.23717
2020-11-28 16:00:00,77.23,77.24605
2020-11-28 17:00:00,77.23,77.24088
2020-11-28 18:00:00,77.23,77.24229
2020-11-28 19:00:00,77.23,77.2414
2020-11-28 20:00:00,77.23,77.25479
2020-11-28 21:00:00,77.23,77.24996
2020-11-28 22:00:00,77.23,77.24367
2020-11-28 23:00:00,77.23,77.25411
2020-11-29 00:00:00,77.24,77.25341
2020-11-29 01:00:00,77.23,77.26737
2020-11-29 02:00:00,77.23,77.2603
2020-11-29 03:00:00,77.23,77.265785
2020-11-29 04:00:00,77.23,77.2698
2020-11-29 05:00:00,77.23,77.26718
2020-11-29 06:00:00,77.23,77.2653
2020-11-29 07:00:00,77.23,77.262024
2020-11-29 08:00:00,77.22,77.26155
2020-11-29 09:00:00,77.22,77.26866
2020-11-29 10:00:00,77.22,77.28492
2020-11-29 11:00:00,77.22,77.278465
2020-11-29 12:00:00,77.22,77.27746
2020-11-29 13:00:00,77.22,77.27475
2020-11-29 14:00:00,77.22,77.280594
2020-11-29 15:00:00,77.22,77.27863
2020-11-29 16:00:00,77.22,77.278824
2020-11-29 17:00:00,77.22,77.2851
2020-11-29 18:00:00,77.22,77.28343
2020-11-29 19:00:00,77.21,77.28673
2020-11-29 20:00:00,77.21,77.28824
2020-11-29 21:00:00,77.21,77.30828
2020-11-29 22:00:00,77.21,77.31326
2020-11-29 23:00:00,77.21,77.3004
2020-11-30 00:00:00,77.22,77.31405
2020-11-30 01:00:00,77.21,77.324234
2020-11-30 02:00:00,77.21,77.328926
2020-11-30 03:00:00,77.21,77.328804
2020-11-30 04:00:00,77.21,77.3219
2020-11-30 05:00:00,77.21,77.33229
2020-11-30 06:00:00,77.21,77.32975
2020-11-30 07:00:00,77.21,77.3223
2020-11-30 08:00:00,77.21,77.35306
2020-11-30 09:00:00,77.21,77.35597
2020-11-30 10:00:00,77.21,77.346375
2020-11-30 11:00:00,77.21,77.3605
2020-11-30 12:00:00,77.21,77.35781
2020-11-30 13:00:00,77.21,77.367096
2020-11-30 14:00:00,77.21,77.35338
2020-11-30 15:00:00,77.21,77.374535
2020-11-30 16:00:00,77.21,77.342026
2020-11-30 17:00:00,77.2,77.34175
2020-11-30 18:00:00,77.2,77.35401
2020-11-30 19:00:00,77.2,77.36123
2020-11-30 20:00:00,77.2,77.373116
2020-11-30 21:00:00,77.2,77.38509
2020-11-30 22:00:00,77.2,77.372025
2020-11-30 23:00:00,77.2,77.38585
2020-12-01 00:00:00,77.2,77.38398
2020-12-01 01:00:00,77.2,77.37551
2020-12-01 02:00:00,77.2,77.391716
2020-12-01 03:00:00,77.2,77.38359
2020-12-01 04:00:00,77.2,77.39122
2020-12-01 05:00:00,77.2,77.39488
2020-12-01 06:00:00,77.2,77.375465
2020-12-01 07:00:00,77.2,77.36061
2020-12-01 08:00:00,77.2,77.39407
2020-12-01 09:00:00,77.2,77.462204
2020-12-01 10:00:00,77.2,77.45566
2020-12-01 11:00:00,77.2,77.37116
2020-12-01 12:00:00,77.2,77.36551
2020-12-01 13:00:00,77.2,77.3777
2020-12-01 14:00:00,77.2,77.345375
2020-12-01 15:00:00,77.2,77.33223
2020-12-01 16:00:00,77.2,77.32975
2020-12-01 17:00:00,77.2,77.32504
2020-12-01 18:00:00,77.2,77.31356
2020-12-01 19:00:00,77.2,77.33019
2020-12-01 20:00:00,77.2,77.37259
2020-12-01 21:00:00,77.2,77.40875
2020-12-01 22:00:00,77.19,77.402145
2020-12-01 23:00:00,77.19,77.41369
2020-12-02 00:00:00,77.2,77.421326
2020-12-02 01:00:00,77.19,77.41591
2020-12-02 02:00:00,77.19,77.420494
2020-12-02 03:00:00,77.19,77.39963
2020-12-02 04:00:00,77.19,77.370186
2020-12-02 05:00:00,77.19,77.37022
2020-12-02 06:00:00,77.19,77.30718
2020-12-02 07:00:00,77.19,77.2807
2020-12-02 08:00:00,77.19,77.26844
2020-12-02 09:00:00,77.2,77.31522
2020-12-02 10:00:00,77.2,77.35725
2020-12-02 11:00:00,77.2,77.29967
2020-12-02 12:00:00,77.2,77.31268
2020-12-02 13:00:00,77.2,77.29912
2020-12-02 14:00:00,77.2,77.29924
2020-12-02 15:00:00,77.2,77.316895
2020-12-02 16:00:00,77.2,77.34248
2020-12-02 17:00:00,77.2,77.31467
2020-12-02 18:00:00,77.2,77.27665
2020-12-02 19:00:00,77.19,77.30446
2020-12-02 20:00:00,77.19,77.33924
2020-12-02 21:00:00,77.19,77.3304
2020-12-02 22:00:00,77.19,77.35798
2020-12-02 23:00:00,77.19,77.3776
2020-12-03 00:00:00,77.2,77.358665
2020-12-03 01:00:00,77.19,77.35468
2020-12-03 02:00:00,77.2,77.33385
2020-12-03 03:00:00,77.19,77.319046
2020-12-03 04:00:00,77.19,77.33149
2020-12-03 05:00:00,77.19,77.4129
2020-12-03 06:00:00,77.19,77.458466
2020-12-03 07:00:00,77.2,77.451836
2020-12-03 08:00:00,77.2,77.49739
2020-12-03 09:00:00,77.2,77.563446
2020-12-03 10:00:00,77.2,77.59167
2020-12-03 11:00:00,77.2,77.58137
2020-12-03 12:00:00,77.2,77.621994
2020-12-03 13:00:00,77.2,77.61797
2020-12-03 14:00:00,77.21,77.59564
2020-12-03 15:00:00,77.21,77.59409
2020-12-03 16:00:00,77.21,77.599754
2020-12-03 17:00:00,77.2,77.529335
2020-12-03 18:00:00,77.2,77.59112
2020-12-03 19:00:00,77.2,77.62301
2020-12-03 20:00:00,77.2,77.62141
2020-12-03 21:00:00,77.2,77.53451
2020-12-03 22:00:00,77.2,77.53408
2020-12-03 23:00:00,77.2,77.53041
2020-12-04 00:00:00,77.21,77.55987
2020-12-04 01:00:00,77.2,77.53705
2020-12-04 02:00:00,77.2,77.54966
2020-12-04 03:00:00,77.2,77.544304
2020-12-04 04:00:00,77.2,77.496925
2020-12-04 05:00:00,77.2,77.54857
2020-12-04 06:00:00,77.21,77.49413
2020-12-04 07:00:00,77.2,77.48847
2020-12-04 08:00:00,77.2,77.4831
2020-12-04 09:00:00,77.21,77.482254
2020-12-04 10:00:00,77.21,77.44258
2020-12-04 11:00:00,77.21,77.46463
2020-12-04 12:00:00,77.21,77.52839
2020-12-04 13:00:00,77.21,77.51188
2020-12-04 14:00:00,77.21,77.53598
2020-12-04 15:00:00,77.21,77.50849
2020-12-04 16:00:00,77.21,77.52975
2020-12-04 17:00:00,77.2,77.47161
2020-12-04 18:00:00,77.2,77.47936
2020-12-04 19:00:00,77.2,77.52216
2020-12-04 20:00:00,77.2,77.56075
2020-12-04 21:00:00,77.2,77.56698
2020-12-04 22:00:00,77.19,77.558136
2020-12-04 23:00:00,77.19,77.56714
2020-12-05 00:00:00,77.2,77.559746
2020-12-05 01:00:00,77.19,77.56036
2020-12-05 02:00:00,77.19,77.54956
2020-12-05 03:00:00,77.19,77.5221
2020-12-05 04:00:00,77.19,77.545845
2020-12-05 05:00:00,77.19,77.561874
2020-12-05 06:00:00,77.19,77.53882
2020-12-05 07:00:00,77.19,77.57827
2020-12-05 08:00:00,77.19,77.57353
2020-12-05 09:00:00,77.19,77.56312
2020-12-05 10:00:00,77.19,77.63563
2020-12-05 11:00:00,77.19,77.58345
2020-12-05 12:00:00,77.19,77.55963
2020-12-05 13:00:00,77.19,77.542404
2020-12-05 14:00:00,77.19,77.53872
2020-12-05 15:00:00,77.19,77.57111
2020-12-05 16:00:00,77.19,77.58588
2020-12-05 17:00:00,77.19,77.53644
2020-12-05 18:00:00,77.19,77.4584
2020-12-05 19:00:00,77.19,77.45975
2020-12-05 20:00:00,77.19,77.49806
2020-12-05 21:00:00,77.19,77.582405
2020-12-05 22:00:00,77.19,77.60941
2020-12-05 23:00:00,77.19,77.646484
2020-12-06 00:00:00,77.2,77.64476
2020-12-06 01:00:00,77.19,77.633446
2020-12-06 02:00:00,77.19,77.62498
2020-12-06 03:00:00,77.19,77.627075
2020-12-06 04:00:00,77.19,77.63301
2020-12-06 05:00:00,77.19,77.62695
2020-12-06 06:00:00,77.19,77.61883
2020-12-06 07:00:00,77.19,77.622665
2020-12-06 08:00:00,77.19,77.62106
2020-12-06 09:00:00,77.2,77.6599
2020-12-06 10:00:00,77.2,77.69057
2020-12-06 11:00:00,77.2,77.661705
2020-12-06 12:00:00,77.2,77.589096
2020-12-06 13:00:00,77.2,77.57441
2020-12-06 14:00:00,77.2,77.503624
2020-12-06 15:00:00,77.2,77.56694
2020-12-06 16:00:00,77.2,77.53784
2020-12-06 17:00:00,77.2,77.492966
2020-12-06 18:00:00,77.2,77.55619
2020-12-06 19:00:00,77.2,77.593994
2020-12-06 20:00:00,77.19,77.573135
2020-12-06 21:00:00,77.19,77.532135
2020-12-06 22:00:00,77.19,77.577545
2020-12-06 23:00:00,77.19,77.59319
2020-12-07 00:00:00,77.2,77.583
2020-12-07 01:00:00,77.19,77.58393
2020-12-07 02:00:00,77.19,77.60743
2020-12-07 03:00:00,77.19,77.60986
2020-12-07 04:00:00,77.19,77.613075
2020-12-07 05:00:00,77.19,77.56803
2020-12-07 06:00:00,77.19,77.60933
2020-12-07 07:00:00,77.19,77.623985
2020-12-07 08:00:00,77.19,77.66721
2020-12-07 09:00:00,77.2,77.71533
2020-12-07 10:00:00,77.19,77.751595
2020-12-07 11:00:00,77.19,77.76087
2020-12-07 12:00:00,77.19,77.65962
2020-12-07 13:00:00,77.19,77.69726
2020-12-07 14:00:00,77.19,77.692116
2020-12-07 15:00:00,77.19,77.69073
2020-12-07 16:00:00,77.19,77.68587
2020-12-07 17:00:00,77.19,77.70595
2020-12-07 18:00:00,77.18,77.6999
2020-12-07 19:00:00,77.18,77.73494
2020-12-07 20:00:00,77.18,77.718895
2020-12-07 21:00:00,77.18,77.7458
2020-12-07 22:00:00,77.18,77.72051
2020-12-07 23:00:00,77.18,77.70314
2020-12-08 00:00:00,77.19,77.67219
2020-12-08 01:00:00,77.18,77.67029
2020-12-08 02:00:00,77.18,77.66179
2020-12-08 03:00:00,77.18,77.66496
2020-12-08 04:00:00,77.18,77.6564
2020-12-08 05:00:00,77.18,77.6582
2020-12-08 06:00:00,77.18,77.664276
2020-12-08 07:00:00,77.18,77.62293
2020-12-08 08:00:00,77.18,77.59641
2020-12-08 09:00:00,77.18,77.649666
2020-12-08 10:00:00,77.18,77.65734
2020-12-08 11:00:00,77.18,77.63591
2020-12-08 12:00:00,77.18,77.65612
2020-12-08 13:00:00,77.18,77.59359
2020-12-08 14:00:00,77.18,77.65463
2020-12-08 15:00:00,77.18,77.639366
2020-12-08 16:00:00,77.18,77.59976
2020-12-08 17:00:00,77.18,77.59773
2020-12-08 18:00:00,77.18,77.61997
2020-12-08 19:00:00,77.18,77.61228
2020-12-08 20:00:00,77.17,77.64779
2020-12-08 21:00:00,77.17,77.63593
2020-12-08 22:00:00,77.17,77.61464
2020-12-08 23:00:00,77.17,77.64084
2020-12-09 00:00:00,77.18,77.584305
2020-12-09 01:00:00,77.17,77.68429
2020-12-09 02:00:00,77.17,77.66621
2020-12-09 03:00:00,77.17,77.64008
2020-12-09 04:00:00,77.17,77.62477
2020-12-09 05:00:00,77.17,77.622
2020-12-09 06:00:00,77.17,77.58165
2020-12-09 07:00:00,77.17,77.595665
2020-12-09 08:00:00,77.17,77.59825
2020-12-09 09:00:00,77.17,77.60575
2020-12-09 10:00:00,77.17,77.62893
2020-12-09 11:00:00,77.17,77.59872
2020-12-09 12:00:00,77.18,77.44154
2020-12-09 13:00:00,77.18,77.45507
2020-12-09 14:00:00,77.18,77.45567
2020-12-09 15:00:00,77.18,77.454414
2020-12-09 16:00:00,77.18,77.445335
2020-12-09 17:00:00,77.17,77.44337
2020-12-09 18:00:00,77.17,77.34368
2020-12-09 19:00:00,77.17,77.44901
2020-12-09 20:00:00,77.17,77.40391
2020-12-09 21:00:00,77.17,77.43878
2020-12-09 22:00:00,77.17,77.39026
2020-12-09 23:00:00,77.17,77.43972
2020-12-10 00:00:00,77.18,77.48895
2020-12-10 01:00:00,77.17,77.46894
2020-12-10 02:00:00,77.17,77.42709
2020-12-10 03:00:00,77.17,77.49768
2020-12-10 04:00:00,77.17,77.517525
2020-12-10 05:00:00,77.17,77.51897
2020-12-10 06:00:00,77.17,77.4234
2020-12-10 07:00:00,77.17,77.45943
2020-12-10 08:00:00,77.17,77.39157
2020-12-10 09:00:00,77.17,77.45428
2020-12-10 10:00:00,77.17,77.5866
2020-12-10 11:00:00,77.17,77.531395
2020-12-10 12:00:00,77.17,77.59438
2020-12-10 13:00:00,77.17,77.580315
2020-12-10 14:00:00,77.17,77.63306
2020-12-10 15:00:00,77.17,77.68442
2020-12-10 16:00:00,77.17,77.68801
2020-12-10 17:00:00,77.17,77.699776
2020-12-10 18:00:00,77.17,77.71604
2020-12-10 19:00:00,77.16,77.714836
2020-12-10 20:00:00,77.16,77.72893
2020-12-10 21:00:00,77.16,77.74281
2020-12-10 22:00:00,77.16,77.75184
2020-12-10 23:00:00,77.16,77.758255
2020-12-11 00:00:00,77.17,77.75549
2020-12-11 01:00:00,77.16,77.748375
2020-12-11 02:00:00,77.16,77.74209
2020-12-11 03:00:00,77.16,77.73965
2020-12-11 04:00:00,77.17,77.743095
2020-12-11 05:00:00,77.16,77.74028
2020-12-11 06:00:00,77.16,77.73537
2020-12-11 07:00:00,77.16,77.72423
2020-12-11 08:00:00,77.16,77.71332
2020-12-11 09:00:00,77.16,77.6904
2020-12-11 10:00:00,77.17,77.69991
2020-12-11 11:00:00,77.17,77.72558
2020-12-11 12:00:00,77.17,77.67414
2020-12-11 13:00:00,77.17,77.636566
2020-12-11 14:00:00,77.17,77.65156
2020-12-11 15:00:00,77.17,77.632385
2020-12-11 16:00:00,77.17,77.65083
2020-12-11 17:00:00,77.17,77.68105
2020-12-11 18:00:00,77.17,77.67507
2020-12-11 19:00:00,77.17,77.69929
2020-12-11 20:00:00,77.17,77.66504
2020-12-11 21:00:00,77.17,77.7042
2020-12-11 22:00:00,77.17,77.68917
2020-12-11 23:00:00,77.17,77.698364
2020-12-12 00:00:00,77.18,77.69501
2020-12-12 01:00:00,77.17,77.68923
2020-12-12 02:00:00,77.17,77.66468
2020-12-12 03:00:00,77.17,77.62928
2020-12-12 04:00:00,77.18,77.627785
2020-12-12 05:00:00,77.17,77.64545
2020-12-12 06:00:00,77.17,77.65337
2020-12-12 07:00:00,77.18,77.66604
2020-12-12 08:00:00,77.18,77.67528
2020-12-12 09:00:00,77.18,77.63838
2020-12-12 10:00:00,77.18,77.61942
2020-12-12 11:00:00,77.18,77.63283
2020-12-12 12:00:00,77.18,77.65261
2020-12-12 13:00:00,77.18,77.638275
2020-12-12 14:00:00,77.18,77.609955
2020-12-12 15:00:00,77.18,77.59247
2020-12-12 16:00:00,77.17,77.60655
2020-12-12 17:00:00,77.17,77.603004
2020-12-12 18:00:00,77.17,77.55149
2020-12-12 19:00:00,77.17,77.58549
2020-12-12 20:00:00,77.16,77.61958
2020-12-12 21:00:00,77.16,77.61019
2020-12-12 22:00:00,77.16,77.607475
2020-12-12 23:00:00,77.16,77.59845
2020-12-13 00:00:00,77.17,77.60787
2020-12-13 01:00:00,77.16,77.60664
2020-12-13 02:00:00,77.16,77.6133
2020-12-13 03:00:00,77.16,77.61024
2020-12-13 04:00:00,77.16,77.61511
2020-12-13 05:00:00,77.16,77.620514
2020-12-13 06:00:00,77.16,77.6075
2020-12-13 07:00:00,77.16,77.52005
2020-12-13 08:00:00,77.17,77.55605
2020-12-13 09:00:00,77.17,77.54526
2020-12-13 10:00:00,77.17,77.587975
2020-12-13 11:00:00,77.17,77.5725
2020-12-13 12:00:00,77.17,77.60501
2020-12-13 13:00:00,77.17,77.5625
2020-12-13 14:00:00,77.17,77.5629
2020-12-13 15:00:00,77.18,77.54939
2020-12-13 16:00:00,77.17,77.60934
2020-12-13 17:00:00,77.17,77.69538
2020-12-13 18:00:00,77.18,77.70737
2020-12-13 19:00:00,77.17,77.61879
2020-12-13 20:00:00,77.17,77.62273
2020-12-13 21:00:00,77.17,77.64707
2020-12-13 22:00:00,77.17,77.59423
2020-12-13 23:00:00,77.17,77.57537
2020-12-14 00:00:00,77.17,77.562485
2020-12-14 01:00:00,77.17,77.540825
2020-12-14 02:00:00,77.17,77.52103
2020-12-14 03:00:00,77.17,77.556
2020-12-14 04:00:00,77.17,77.559074
2020-12-14 05:00:00,77.17,77.57321
2020-12-14 06:00:00,77.17,77.566
2020-12-14 07:00:00,77.17,77.4981
2020-12-14 08:00:00,77.17,77.48195
2020-12-14 09:00:00,77.18,77.54097
2020-12-14 10:00:00,77.18,77.60203
2020-12-14 11:00:00,77.18,77.61165
2020-12-14 12:00:00,77.18,77.58859
2020-12-14 13:00:00,77.18,77.51566
2020-12-14 14:00:00,77.18,77.56497
2020-12-14 15:00:00,77.18,77.56635
2020-12-14 16:00:00,77.18,77.51199
2020-12-14 17:00:00,77.18,77.5044
2020-12-14 18:00:00,77.18,77.466896
2020-12-14 19:00:00,77.17,77.40415
2020-12-14 20:00:00,77.17,77.41798
2020-12-14 21:00:00,77.17,77.421524
2020-12-14 22:00:00,77.17,77.40554
2020-12-14 23:00:00,77.17,77.3818
2020-12-15 00:00:00,77.17,77.361
2020-12-15 01:00:00,77.16,77.35522
2020-12-15 02:00:00,77.16,77.368904
2020-12-15 03:00:00,77.16,77.38073
2020-12-15 04:00:00,77.16,77.41402
2020-12-15 05:00:00,77.16,77.40002
2020-12-15 06:00:00,77.16,77.35608
2020-12-15 07:00:00,77.16,77.36695
2020-12-15 08:00:00,77.16,77.36108
2020-12-15 09:00:00,77.16,77.342995
2020-12-15 10:00:00,77.15,77.34837
2020-12-15 11:00:00,77.15,77.33739
2020-12-15 12:00:00,77.15,77.375145
2020-12-15 13:00:00,77.15,77.375084
2020-12-15 14:00:00,77.15,77.37968
2020-12-15 15:00:00,77.15,77.35727
2020-12-15 16:00:00,77.15,77.347946
2020-12-15 17:00:00,77.15,77.319725
2020-12-15 18:00:00,77.15,77.32162
2020-12-15 19:00:00,77.15,77.34035
2020-12-15 20:00:00,77.15,77.37422
2020-12-15 21:00:00,77.16,77.39688
2020-12-15 22:00:00,77.16,77.35985
2020-12-15 23:00:00,77.16,77.35985
2020-12-16 00:00:00,77.17,77.37985
2020-12-16 01:00:00,77.16,77.38442
2020-12-16 02:00:00,77.16,77.4245
2020-12-16 03:00:00,77.16,77.43331
2020-12-16 04:00:00,77.16,77.47544
2020-12-16 05:00:00,77.16,77.467636
2020-12-16 06:00:00,77.16,77.400185
2020-12-16 07:00:00,77.16,77.44374
2020-12-16 08:00:00,77.16,77.40602
2020-12-16 09:00:00,77.16,77.43563
2020-12-16 10:00:00,77.17,77.40181
2020-12-16 11:00:00,77.16,77.367134
2020-12-16 12:00:00,77.16,77.37995
2020-12-16 13:00:00,77.17,77.374855
2020-12-16 14:00:00,77.16,77.36058
2020-12-16 15:00:00,77.16,77.35794
2020-12-16 16:00:00,77.16,77.34016
2020-12-16 17:00:00,77.16,77.321
2020-12-16 18:00:00,77.16,77.32365
2020-12-16 19:00:00,77.16,77.34839
2020-12-16 20:00:00,77.16,77.35969
2020-12-16 21:00:00,77.16,77.371544
2020-12-16 22:00:00,77.16,77.38305
2020-12-16 23:00:00,77.16,77.37345
2020-12-17 00:00:00,77.16,77.35819
2020-12-17 01:00:00,77.16,77.37048
2020-12-17 02:00:00,77.16,77.369545
2020-12-17 03:00:00,77.16,77.3599
2020-12-17 04:00:00,77.16,77.37627
2020-12-17 05:00:00,77.15,77.38738
2020-12-17 06:00:00,77.15,77.38409
2020-12-17 07:00:00,77.15,77.39409
2020-12-17 08:00:00,77.15,77.39038
2020-12-17 09:00:00,77.15,77.48219
2020-12-17 10:00:00,77.15,77.50486
2020-12-17 11:00:00,77.15,77.48265
2020-12-17 12:00:00,77.15,77.523705
2020-12-17 13:00:00,77.15,77.46451
2020-12-17 14:00:00,77.14,77.479034
2020-12-17 15:00:00,77.14,77.46774
2020-12-17 16:00:00,77.14,77.44637
2020-12-17 17:00:00,77.14,77.42011
2020-12-17 18:00:00,77.14,77.41323
2020-12-17 19:00:00,77.14,77.443436
2020-12-17 20:00:00,77.14,77.49393
2020-12-17 21:00:00,77.14,77.476585
2020-12-17 22:00:00,77.14,77.43644
2020-12-17 23:00:00,77.14,77.48699
2020-12-18 00:00:00,77.15,77.51233
2020-12-18 01:00:00,77.14,77.54425
2020-12-18 02:00:00,77.14,77.54128
2020-12-18 03:00:00,77.14,77.536835
2020-12-18 04:00:00,77.14,77.52669
2020-12-18 05:00:00,77.14,77.51816
2020-12-18 06:00:00,77.14,77.520035
2020-12-18 07:00:00,77.14,77.56266
2020-12-18 08:00:00,77.14,77.55979
2020-12-18 09:00:00,77.14,77.57454
2020-12-18 10:00:00,77.14,77.590614
2020-12-18 11:00:00,77.14,77.55985
2020-12-18 12:00:00,77.14,77.54025
2020-12-18 13:00:00,77.14,77.44029
2020-12-18 14:00:00,77.13,77.39719
2020-12-18 15:00:00,77.13,77.40765
2020-12-18 16:00:00,77.13,77.497314
2020-12-18 17:00:00,77.13,77.48316
2020-12-18 18:00:00,77.13,77.51481
2020-12-18 19:00:00,77.13,77.50117
2020-12-18 20:00:00,77.13,77.45151
2020-12-18 21:00:00,77.13,77.40313
2020-12-18 22:00:00,77.13,77.43483
2020-12-18 23:00:00,77.13,77.40394
2020-12-19 00:00:00,77.14,77.41318
2020-12-19 01:00:00,77.13,77.413025
2020-12-19 02:00:00,77.13,77.41461
2020-12-19 03:00:00,77.13,77.42553
2020-12-19 04:00:00,77.13,77.404724
2020-12-19 05:00:00,77.13,77.38257
2020-12-19 06:00:00,77.13,77.40894
2020-12-19 07:00:00,77.13,77.38629
2020-12-19 08:00:00,77.13,77.3405
2020-12-19 09:00:00,77.13,77.34904
2020-12-19 10:00:00,77.13,77.36635
2020-12-19 11:00:00,77.13,77.37398
2020-12-19 12:00:00,77.13,77.33444
2020-12-19 13:00:00,77.13,77.35614
2020-12-19 14:00:00,77.13,77.36261
2020-12-19 15:00:00,77.13,77.35851
2020-12-19 16:00:00,77.13,77.371376
2020-12-19 17:00:00,77.12,77.32072
2020-12-19 18:00:00,77.12,77.31948
2020-12-19 19:00:00,77.12,77.305084
2020-12-19 20:00:00,77.12,77.30204
2020-12-19 21:00:00,77.12,77.322075
2020-12-19 22:00:00,77.12,77.35663
2020-12-19 23:00:00,77.12,77.35258
2020-12-20 00:00:00,77.13,77.37826
2020-12-20 01:00:00,77.12,77.39428
2020-12-20 02:00:00,77.12,77.42515
2020-12-20 03:00:00,77.12,77.43144
2020-12-20 04:00:00,77.12,77.41692
2020-12-20 05:00:00,77.12,77.44562
2020-12-20 06:00:00,77.12,77.4379
2020-12-20 07:00:00,77.12,77.44442
2020-12-20 08:00:00,77.11,77.4854
2020-12-20 09:00:00,77.12,77.414734
2020-12-20 10:00:00,77.11,77.38162
2020-12-20 11:00:00,77.12,77.40514
2020-12-20 12:00:00,77.11,77.5019
2020-12-20 13:00:00,77.11,77.45435
2020-12-20 14:00:00,77.12,77.4414
2020-12-20 15:00:00,77.11,77.4328
2020-12-20 16:00:00,77.11,77.43446
2020-12-20 17:00:00,77.11,77.46236
2020-12-20 18:00:00,77.11,77.45469
2020-12-20 19:00:00,77.11,77.46112
2020-12-20 20:00:00,77.11,77.5138
2020-12-20 21:00:00,77.11,77.426575
2020-12-20 22:00:00,77.11,77.442764
2020-12-20 23:00:00,77.11,77.44142
2020-12-21 00:00:00,77.12,77.46745
2020-12-21 01:00:00,77.11,77.49691
2020-12-21 02:00:00,77.11,77.46207
2020-12-21 03:00:00,77.11,77.43508
2020-12-21 04:00:00,77.11,77.46915
2020-12-21 05:00:00,77.11,77.48478
2020-12-21 06:00:00,77.11,77.45164
2020-12-21 07:00:00,77.11,77.47607
2020-12-21 08:00:00,77.11,77.457695
2020-12-21 09:00:00,77.11,77.46149
2020-12-21 10:00:00,77.11,77.501076
2020-12-21 11:00:00,77.11,77.478386
2020-12-21 12:00:00,77.11,77.46631
2020-12-21 13:00:00,77.11,77.48337
2020-12-21 14:00:00,77.11,77.42378
2020-12-21 15:00:00,77.11,77.37567
2020-12-21 16:00:00,77.11,77.36264
2020-12-21 17:00:00,77.11,77.35505
2020-12-21 18:00:00,77.11,77.34169
2020-12-21 19:00:00,77.11,77.364555
2020-12-21 20:00:00,77.11,77.4538
2020-12-21 21:00:00,77.11,77.41407
2020-12-21 22:00:00,77.11,77.41867
2020-12-21 23:00:00,77.11,77.484634
2020-12-22 00:00:00,77.12,77.482445
2020-12-22 01:00:00,77.11,77.497665
2020-12-22 02:00:00,77.11,77.49431
2020-12-22 03:00:00,77.11,77.49836
2020-12-22 04:00:00,77.11,77.48348
2020-12-22 05:00:00,77.11,77.47001
2020-12-22 06:00:00,77.11,77.44935
2020-12-22 07:00:00,77.11,77.46057
2020-12-22 08:00:00,77.11,77.49183
2020-12-22 09:00:00,77.11,77.4864
2020-12-22 10:00:00,77.11,77.50208
2020-12-22 11:00:00,77.11,77.49419
2020-12-22 12:00:00,77.11,77.434875
2020-12-22 13:00:00,77.11,77.38558
2020-12-22 14:00:00,77.11,77.382515
2020-12-22 15:00:00,77.11,77.38008
2020-12-22 16:00:00,77.11,77.40882
2020-12-22 17:00:00,77.11,77.3716
2020-12-22 18:00:00,77.11,77.40184
2020-12-22 19:00:00,77.11,77.46061
2020-12-22 20:00:00,77.11,77.495964
2020-12-22 21:00:00,77.1,77.471115
2020-12-22 22:00:00,77.1,77.481766
2020-12-22 23:00:00,77.11,77.474335
2020-12-23 00:00:00,77.11,77.493675
2020-12-23 01:00:00,77.1,77.48883
2020-12-23 02:00:00,77.11,77.47382
2020-12-23 03:00:00,77.1,77.45883
2020-12-23 04:00:00,77.1,77.44715
2020-12-23 05:00:00,77.11,77.44524
2020-12-23 06:00:00,77.11,77.404854
2020-12-23 07:00:00,77.1,77.44059
2020-12-23 08:00:00,77.1,77.426346
2020-12-23 09:00:00,77.1,77.4509
2020-12-23 10:00:00,77.1,77.5013
2020-12-23 11:00:00,77.1,77.5432
2020-12-23 12:00:00,77.11,77.56776
2020-12-23 13:00:00,77.1,77.42188
2020-12-23 14:00:00,77.1,77.31685
2020-12-23 15:00:00,77.11,77.314766
2020-12-23 16:00:00,77.11,77.36389
2020-12-23 17:00:00,77.1,77.361755
2020-12-23 18:00:00,77.1,77.346245
2020-12-23 19:00:00,77.1,77.3827
2020-12-23 20:00:00,77.1,77.40138
2020-12-23 21:00:00,77.1,77.415016
2020-12-23 22:00:00,77.1,77.4119
2020-12-23 23:00:00,77.1,77.41739
2020-12-24 00:00:00,77.11,77.407906
2020-12-24 01:00:00,77.1,77.40043
2020-12-24 02:00:00,77.11,77.33743
2020-12-24 03:00:00,77.11,77.38658
2020-12-24 04:00:00,77.11,77.37585
2020-12-24 05:00:00,77.11,77.43484
2020-12-24 06:00:00,77.11,77.40884
2020-12-24 07:00:00,77.11,77.37475
2020-12-24 08:00:00,77.11,77.40814
2020-12-24 09:00:00,77.11,77.444984
2020-12-24 10:00:00,77.11,77.44391
2020-12-24 11:00:00,77.11,77.42266
2020-12-24 12:00:00,77.11,77.41171
2020-12-24 13:00:00,77.11,77.3991
2020-12-24 14:00:00,77.11,77.41168
2020-12-24 15:00:00,77.11,77.377396
2020-12-24 16:00:00,77.11,77.376686
2020-12-24 17:00:00,77.1,77.349556
2020-12-24 18:00:00,77.1,77.30622
2020-12-24 19:00:00,77.1,77.30611
2020-12-24 20:00:00,77.1,77.28259
2020-12-24 21:00:00,77.1,77.29941
2020-12-24 22:00:00,77.1,77.291664
2020-12-24 23:00:00,77.1,77.31044
2020-12-25 00:00:00,77.11,77.28705
2020-12-25 01:00:00,77.1,77.30465
2020-12-25 02:00:00,77.1,77.30777
2020-12-25 03:00:00,77.11,77.33474
2020-12-25 04:00:00,77.11,77.34034
2020-12-25 05:00:00,77.11,77.36832
2020-12-25 06:00:00,77.11,77.39645
2020-12-25 07:00:00,77.11,77.42182
2020-12-25 08:00:00,77.11,77.45269
2020-12-25 09:00:00,77.11,77.600136
2020-12-25 10:00:00,77.11,77.46562
2020-12-25 11:00:00,77.11,77.430824
2020-12-25 12:00:00,77.11,77.37254
2020-12-25 13:00:00,77.11,77.397285
2020-12-25 14:00:00,77.12,77.368065
2020-12-25 15:00:00,77.12,77.341774
2020-12-25 16:00:00,77.11,77.33664
2020-12-25 17:00:00,77.11,77.33971
2020-12-25 18:00:00,77.11,77.35496
2020-12-25 19:00:00,77.11,77.339905
2020-12-25 20:00:00,77.11,77.326965
2020-12-25 21:00:00,77.11,77.372955
2020-12-25 22:00:00,77.11,77.47945
2020-12-25 23:00:00,77.11,77.50098
2020-12-26 00:00:00,77.12,77.51299
2020-12-26 01:00:00,77.11,77.493515
2020-12-26 02:00:00,77.11,77.47964
2020-12-26 03:00:00,77.11,77.46668
2020-12-26 04:00:00,77.11,77.46459
2020-12-26 05:00:00,77.11,77.45377
2020-12-26 06:00:00,77.11,77.456024
2020-12-26 07:00:00,77.11,77.444725
2020-12-26 08:00:00,77.11,77.440254
2020-12-26 09:00:00,77.11,77.44578
2020-12-26 10:00:00,77.1,77.460045
2020-12-26 11:00:00,77.11,77.389175
2020-12-26 12:00:00,77.11,77.30531
2020-12-26 13:00:00,77.11,77.30299
2020-12-26 14:00:00,77.11,77.28563
2020-12-26 15:00:00,77.11,77.28667
2020-12-26 16:00:00,77.11,77.28628
2020-12-26 17:00:00,77.1,77.266624
2020-12-26 18:00:00,77.1,77.25395
2020-12-26 19:00:00,77.1,77.258224
2020-12-26 20:00:00,77.1,77.32007
2020-12-26 21:00:00,77.1,77.31186
2020-12-26 22:00:00,77.1,77.32773
2020-12-26 23:00:00,77.1,77.35123
2020-12-27 00:00:00,77.11,77.34173
2020-12-27 01:00:00,77.1,77.35637
2020-12-27 02:00:00,77.1,77.37167
2020-12-27 03:00:00,77.1,77.41192
2020-12-27 04:00:00,77.1,77.40991
2020-12-27 05:00:00,77.1,77.40585
2020-12-27 06:00:00,77.1,77.40825
2020-12-27 07:00:00,77.1,77.43578
2020-12-27 08:00:00,77.1,77.45998
2020-12-27 09:00:00,77.1,77.4936
2020-12-27 10:00:00,77.1,77.52806
2020-12-27 11:00:00,77.1,77.51863
2020-12-27 12:00:00,77.1,77.4248
2020-12-27 13:00:00,77.1,77.49428
2020-12-27 14:00:00,77.1,77.603455
2020-12-27 15:00:00,77.1,77.610954
2020-12-27 16:00:00,77.1,77.52753
2020-12-27 17:00:00,77.1,77.601944
2020-12-27 18:00:00,77.1,77.584045
2020-12-27 19:00:00,77.11,77.47201
2020-12-27 20:00:00,77.11,77.59319
2020-12-27 21:00:00,77.11,77.584465
2020-12-27 22:00:00,77.11,77.51103
2020-12-27 23:00:00,77.12,77.56638
2020-12-28 00:00:00,77.13,77.572426
2020-12-28 01:00:00,77.12,77.565186
2020-12-28 02:00:00,77.13,77.51251
2020-12-28 03:00:00,77.13,77.555786
2020-12-28 04:00:00,77.14,77.550514
2020-12-28 05:00:00,77.14,77.56418
2020-12-28 06:00:00,77.14,77.5689
2020-12-28 07:00:00,77.14,77.58993
2020-12-28 08:00:00,77.15,77.564964
2020-12-28 09:00:00,77.15,77.574394
2020-12-28 10:00:00,77.15,77.58068
2020-12-28 11:00:00,77.15,77.5855
2020-12-28 12:00:00,77.15,77.715126
2020-12-28 13:00:00,77.15,77.6171
2020-12-28 14:00:00,77.16,77.53263
2020-12-28 15:00:00,77.16,77.54228
2020-12-28 16:00:00,77.16,77.49239
2020-12-28 17:00:00,77.16,77.44725
2020-12-28 18:00:00,77.16,77.51858
2020-12-28 19:00:00,77.15,77.63458
2020-12-28 20:00:00,77.16,77.61826
2020-12-28 21:00:00,77.16,77.566635
2020-12-28 22:00:00,77.15,77.51099
2020-12-28 23:00:00,77.15,77.50793
2020-12-29 00:00:00,77.16,77.51187
2020-12-29 01:00:00,77.15,77.49668
2020-12-29 02:00:00,77.15,77.48624
2020-12-29 03:00:00,77.15,77.4868
2020-12-29 04:00:00,77.15,77.494125
2020-12-29 05:00:00,77.15,77.45101
2020-12-29 06:00:00,77.15,77.45504
2020-12-29 07:00:00,77.15,77.403915
2020-12-29 08:00:00,77.15,77.414925
2020-12-29 09:00:00,77.15,77.374146
2020-12-29 10:00:00,77.15,77.38153
2020-12-29 11:00:00,77.15,77.39735
2020-12-29 12:00:00,77.15,77.48421
2020-12-29 13:00:00,77.15,77.43998
2020-12-29 14:00:00,77.15,77.41947
2020-12-29 15:00:00,77.15,77.339645
2020-12-29 16:00:00,77.15,77.32936
2020-12-29 17:00:00,77.14,77.33963
2020-12-29 18:00:00,77.14,77.32381
2020-12-29 19:00:00,77.14,77.37206
2020-12-29 20:00:00,77.14,77.36195
2020-12-29 21:00:00,77.14,77.35322
2020-12-29 22:00:00,77.14,77.339195
2020-12-29 23:00:00,77.14,77.33712
2020-12-30 00:00:00,77.15,77.335815
2020-12-30 01:00:00,77.14,77.35398
2020-12-30 02:00:00,77.14,77.33292
2020-12-30 03:00:00,77.15,77.34068
2020-12-30 04:00:00,77.15,77.33733
2020-12-30 05:00:00,77.15,77.33273
2020-12-30 06:00:00,77.16,77.32457
2020-12-30 07:00:00,77.16,77.33009
2020-12-30 08:00:00,77.16,77.330734
2020-12-30 09:00:00,77.16,77.33112
2020-12-30 10:00:00,77.16,77.33829
2020-12-30 11:00:00,77.16,77.34167
2020-12-30 12:00:00,77.17,77.37327
2020-12-30 13:00:00,77.17,77.35558
2020-12-30 14:00:00,77.17,77.31374
2020-12-30 15:00:00,77.17,77.33372
2020-12-30 16:00:00,77.17,77.32255
2020-12-30 17:00:00,77.17,77.353035
2020-12-30 18:00:00,77.17,77.30555
2020-12-30 19:00:00,77.18,77.31041
2020-12-30 20:00:00,77.17,77.31992
2020-12-30 21:00:00,77.17,77.309044
2020-12-30 22:00:00,77.17,77.33721
2020-12-30 23:00:00,77.17,77.33434
2020-12-31 00:00:00,77.18,77.3131
2020-12-31 01:00:00,77.17,77.29683
2020-12-31 02:00:00,77.17,77.28174
2020-12-31 03:00:00,77.17,77.27818
2020-12-31 04:00:00,77.17,77.274506
2020-12-31 05:00:00,77.17,77.26796
2020-12-31 06:00:00,77.17,77.27883
2020-12-31 07:00:00,77.17,77.230934
2020-12-31 08:00:00,77.17,77.23862
2020-12-31 09:00:00,77.17,77.24876
2020-12-31 10:00:00,77.17,77.2382
2020-12-31 11:00:00,77.16,77.24438
2020-12-31 12:00:00,77.16,77.269035
2020-12-31 13:00:00,77.16,77.25559
2020-12-31 14:00:00,77.16,77.27302
2020-12-31 15:00:00,77.16,77.277695
2020-12-31 16:00:00,77.16,77.2939
2020-12-31 17:00:00,77.16,77.29824
2020-12-31 18:00:00,77.15,77.28122
2020-12-31 19:00:00,77.15,77.28049
2020-12-31 20:00:00,77.15,77.30833
2020-12-31 21:00:00,77.15,77.30995
2020-12-31 22:00:00,77.15,77.30166
2020-12-31 23:00:00,77.15,77.31441
